ISO-10303-21;
HEADER;
FILE_DESCRIPTION(('KiCad electronic assembly'),'2;1');
FILE_NAME('electronics.step','2026-08-20T00:50:13',('Pcbnew'),('Kicad'),
  'Open CASCADE STEP processor 7.9','KiCad to STEP converter','Unknown'
  );
FILE_SCHEMA(('AUTOMOTIVE_DESIGN { 1 0 10303 214 1 1 1 1 }'));
ENDSEC;
DATA;
#1 = APPLICATION_PROTOCOL_DEFINITION('international standard',
  'automotive_design',2000,#2);
#2 = APPLICATION_CONTEXT(
  'core data for automotive mechanical design processes');
#3 = SHAPE_DEFINITION_REPRESENTATION(#4,#10);
#4 = PRODUCT_DEFINITION_SHAPE('','',#5);
#5 = PRODUCT_DEFINITION('design','',#6,#9);
#6 = PRODUCT_DEFINITION_FORMATION('','',#7);
#7 = PRODUCT('electronics 1','electronics 1','',(#8));
#8 = PRODUCT_CONTEXT('',#2,'mechanical');
#9 = PRODUCT_DEFINITION_CONTEXT('part definition',#2,'design');
#10 = SHAPE_REPRESENTATION('',(#11,#15,#19,#23,#27,#31,#35,#39,#43),#47
  );
#11 = AXIS2_PLACEMENT_3D('',#12,#13,#14);
#12 = CARTESIAN_POINT('',(0.,0.,0.));
#13 = DIRECTION('',(0.,0.,1.));
#14 = DIRECTION('',(1.,0.,-0.));
#15 = AXIS2_PLACEMENT_3D('',#16,#17,#18);
#16 = CARTESIAN_POINT('',(89.2,-95.14,1.595));
#17 = DIRECTION('',(0.,-0.,1.));
#18 = DIRECTION('',(1.110223024625E-16,1.,0.));
#19 = AXIS2_PLACEMENT_3D('',#20,#21,#22);
#20 = CARTESIAN_POINT('',(117.25,-100.96,1.595));
#21 = DIRECTION('',(0.,0.,1.));
#22 = DIRECTION('',(1.,0.,0.));
#23 = AXIS2_PLACEMENT_3D('',#24,#25,#26);
#24 = CARTESIAN_POINT('',(123.6,-103.35,1.595));
#25 = DIRECTION('',(-0.,0.,1.));
#26 = DIRECTION('',(1.110223024625E-16,-1.,0.));
#27 = AXIS2_PLACEMENT_3D('',#28,#29,#30);
#28 = CARTESIAN_POINT('',(119.83,-171.85,1.595));
#29 = DIRECTION('',(0.,0.,1.));
#30 = DIRECTION('',(-1.,1.224646799147E-16,0.));
#31 = AXIS2_PLACEMENT_3D('',#32,#33,#34);
#32 = CARTESIAN_POINT('',(102.95,-101.15,1.595));
#33 = DIRECTION('',(0.,0.,1.));
#34 = DIRECTION('',(-1.,1.224646799147E-16,0.));
#35 = AXIS2_PLACEMENT_3D('',#36,#37,#38);
#36 = CARTESIAN_POINT('',(111.71,-100.96,1.595));
#37 = DIRECTION('',(0.,0.,1.));
#38 = DIRECTION('',(1.,0.,0.));
#39 = AXIS2_PLACEMENT_3D('',#40,#41,#42);
#40 = CARTESIAN_POINT('',(90.05,-101.1,1.595));
#41 = DIRECTION('',(0.,0.,1.));
#42 = DIRECTION('',(-1.,1.224646799147E-16,0.));
#43 = AXIS2_PLACEMENT_3D('',#44,#45,#46);
#44 = CARTESIAN_POINT('',(0.,0.,0.));
#45 = DIRECTION('',(0.,0.,1.));
#46 = DIRECTION('',(1.,0.,-0.));
#47 = ( GEOMETRIC_REPRESENTATION_CONTEXT(3) 
GLOBAL_UNCERTAINTY_ASSIGNED_CONTEXT((#51)) GLOBAL_UNIT_ASSIGNED_CONTEXT(
(#48,#49,#50)) REPRESENTATION_CONTEXT('Context #1',
  '3D Context with UNIT and UNCERTAINTY') );
#48 = ( LENGTH_UNIT() NAMED_UNIT(*) SI_UNIT(.MILLI.,.METRE.) );
#49 = ( NAMED_UNIT(*) PLANE_ANGLE_UNIT() SI_UNIT($,.RADIAN.) );
#50 = ( NAMED_UNIT(*) SI_UNIT($,.STERADIAN.) SOLID_ANGLE_UNIT() );
#51 = UNCERTAINTY_MEASURE_WITH_UNIT(LENGTH_MEASURE(1.E-07),#48,
  'distance_accuracy_value','confusion accuracy');
#52 = PRODUCT_RELATED_PRODUCT_CATEGORY('part',$,(#7));
#53 = SHAPE_DEFINITION_REPRESENTATION(#54,#60);
#54 = PRODUCT_DEFINITION_SHAPE('','',#55);
#55 = PRODUCT_DEFINITION('design','',#56,#59);
#56 = PRODUCT_DEFINITION_FORMATION('','',#57);
#57 = PRODUCT('R_Axial_DIN0204_L3.6mm_D1.6mm_P5.08mm_Horizontal',
  'R_Axial_DIN0204_L3.6mm_D1.6mm_P5.08mm_Horizontal','',(#58));
#58 = PRODUCT_CONTEXT('',#2,'mechanical');
#59 = PRODUCT_DEFINITION_CONTEXT('part definition',#2,'design');
#60 = SHAPE_REPRESENTATION('',(#11,#61),#65);
#61 = AXIS2_PLACEMENT_3D('',#62,#63,#64);
#62 = CARTESIAN_POINT('',(0.,0.,0.));
#63 = DIRECTION('',(0.,0.,1.));
#64 = DIRECTION('',(1.,0.,-0.));
#65 = ( GEOMETRIC_REPRESENTATION_CONTEXT(3) 
GLOBAL_UNCERTAINTY_ASSIGNED_CONTEXT((#69)) GLOBAL_UNIT_ASSIGNED_CONTEXT(
(#66,#67,#68)) REPRESENTATION_CONTEXT('Context #1',
  '3D Context with UNIT and UNCERTAINTY') );
#66 = ( LENGTH_UNIT() NAMED_UNIT(*) SI_UNIT(.MILLI.,.METRE.) );
#67 = ( NAMED_UNIT(*) PLANE_ANGLE_UNIT() SI_UNIT($,.RADIAN.) );
#68 = ( NAMED_UNIT(*) SI_UNIT($,.STERADIAN.) SOLID_ANGLE_UNIT() );
#69 = UNCERTAINTY_MEASURE_WITH_UNIT(LENGTH_MEASURE(1.E-07),#66,
  'distance_accuracy_value','confusion accuracy');
#70 = CONTEXT_DEPENDENT_SHAPE_REPRESENTATION(#71,#73);
#71 = ( REPRESENTATION_RELATIONSHIP('','',#60,#10) 
REPRESENTATION_RELATIONSHIP_WITH_TRANSFORMATION(#72) 
SHAPE_REPRESENTATION_RELATIONSHIP() );
#72 = ITEM_DEFINED_TRANSFORMATION('','',#11,#15);
#73 = PRODUCT_DEFINITION_SHAPE('Placement','Placement of an item',#74);
#74 = NEXT_ASSEMBLY_USAGE_OCCURRENCE('2','R1','',#5,#55,$);
#75 = PRODUCT_RELATED_PRODUCT_CATEGORY('part',$,(#57));
#76 = SHAPE_DEFINITION_REPRESENTATION(#77,#83);
#77 = PRODUCT_DEFINITION_SHAPE('','',#78);
#78 = PRODUCT_DEFINITION('design','',#79,#82);
#79 = PRODUCT_DEFINITION_FORMATION('','',#80);
#80 = PRODUCT('R_Axial_DIN0204_L36mm_D16mm_P508mm_Horizontal',
  'R_Axial_DIN0204_L36mm_D16mm_P508mm_Horizontal','',(#81));
#81 = PRODUCT_CONTEXT('',#2,'mechanical');
#82 = PRODUCT_DEFINITION_CONTEXT('part definition',#2,'design');
#83 = ADVANCED_BREP_SHAPE_REPRESENTATION('',(#11,#84),#615);
#84 = MANIFOLD_SOLID_BREP('',#85);
#85 = CLOSED_SHELL('',(#86,#119,#145,#165,#282,#307,#333,#353,#378,#403,
    #412,#438,#555,#581,#606));
#86 = ADVANCED_FACE('',(#87),#114,.T.);
#87 = FACE_BOUND('',#88,.T.);
#88 = EDGE_LOOP('',(#89,#98,#106,#113));
#89 = ORIENTED_EDGE('',*,*,#90,.T.);
#90 = EDGE_CURVE('',#91,#91,#93,.T.);
#91 = VERTEX_POINT('',#92);
#92 = CARTESIAN_POINT('',(1.14,0.8,0.8));
#93 = CIRCLE('',#94,0.8);
#94 = AXIS2_PLACEMENT_3D('',#95,#96,#97);
#95 = CARTESIAN_POINT('',(1.14,0.,0.8));
#96 = DIRECTION('',(1.,0.,0.));
#97 = DIRECTION('',(-0.,1.,0.));
#98 = ORIENTED_EDGE('',*,*,#99,.T.);
#99 = EDGE_CURVE('',#91,#100,#102,.T.);
#100 = VERTEX_POINT('',#101);
#101 = CARTESIAN_POINT('',(1.64,0.8,0.8));
#102 = LINE('',#103,#104);
#103 = CARTESIAN_POINT('',(0.74,0.8,0.8));
#104 = VECTOR('',#105,1.);
#105 = DIRECTION('',(1.,0.,0.));
#106 = ORIENTED_EDGE('',*,*,#107,.F.);
#107 = EDGE_CURVE('',#100,#100,#108,.T.);
#108 = CIRCLE('',#109,0.8);
#109 = AXIS2_PLACEMENT_3D('',#110,#111,#112);
#110 = CARTESIAN_POINT('',(1.64,0.,0.8));
#111 = DIRECTION('',(1.,0.,0.));
#112 = DIRECTION('',(-0.,1.,0.));
#113 = ORIENTED_EDGE('',*,*,#99,.F.);
#114 = CYLINDRICAL_SURFACE('',#115,0.8);
#115 = AXIS2_PLACEMENT_3D('',#116,#117,#118);
#116 = CARTESIAN_POINT('',(0.74,0.,0.8));
#117 = DIRECTION('',(-1.,-0.,-0.));
#118 = DIRECTION('',(0.,1.,0.));
#119 = ADVANCED_FACE('',(#120),#140,.T.);
#120 = FACE_BOUND('',#121,.T.);
#121 = EDGE_LOOP('',(#122,#131,#138,#139));
#122 = ORIENTED_EDGE('',*,*,#123,.T.);
#123 = EDGE_CURVE('',#124,#124,#126,.T.);
#124 = VERTEX_POINT('',#125);
#125 = CARTESIAN_POINT('',(0.74,0.4,0.8));
#126 = CIRCLE('',#127,0.4);
#127 = AXIS2_PLACEMENT_3D('',#128,#129,#130);
#128 = CARTESIAN_POINT('',(0.74,0.,0.8));
#129 = DIRECTION('',(1.,0.,0.));
#130 = DIRECTION('',(-0.,1.,0.));
#131 = ORIENTED_EDGE('',*,*,#132,.F.);
#132 = EDGE_CURVE('',#91,#124,#133,.T.);
#133 = CIRCLE('',#134,0.4);
#134 = AXIS2_PLACEMENT_3D('',#135,#136,#137);
#135 = CARTESIAN_POINT('',(1.14,0.4,0.8));
#136 = DIRECTION('',(0.,-0.,1.));
#137 = DIRECTION('',(0.,1.,0.));
#138 = ORIENTED_EDGE('',*,*,#90,.F.);
#139 = ORIENTED_EDGE('',*,*,#132,.T.);
#140 = TOROIDAL_SURFACE('',#141,0.4,0.4);
#141 = AXIS2_PLACEMENT_3D('',#142,#143,#144);
#142 = CARTESIAN_POINT('',(1.14,0.,0.8));
#143 = DIRECTION('',(-1.,0.,0.));
#144 = DIRECTION('',(0.,1.,0.));
#145 = ADVANCED_FACE('',(#146,#149),#160,.F.);
#146 = FACE_BOUND('',#147,.F.);
#147 = EDGE_LOOP('',(#148));
#148 = ORIENTED_EDGE('',*,*,#107,.F.);
#149 = FACE_BOUND('',#150,.F.);
#150 = EDGE_LOOP('',(#151));
#151 = ORIENTED_EDGE('',*,*,#152,.F.);
#152 = EDGE_CURVE('',#153,#153,#155,.T.);
#153 = VERTEX_POINT('',#154);
#154 = CARTESIAN_POINT('',(1.64,0.72,0.8));
#155 = CIRCLE('',#156,0.72);
#156 = AXIS2_PLACEMENT_3D('',#157,#158,#159);
#157 = CARTESIAN_POINT('',(1.64,0.,0.8));
#158 = DIRECTION('',(-1.,0.,0.));
#159 = DIRECTION('',(0.,1.,0.));
#160 = PLANE('',#161);
#161 = AXIS2_PLACEMENT_3D('',#162,#163,#164);
#162 = CARTESIAN_POINT('',(1.64,0.8,0.8));
#163 = DIRECTION('',(-1.,0.,0.));
#164 = DIRECTION('',(0.,0.,-1.));
#165 = ADVANCED_FACE('',(#166,#169),#277,.T.);
#166 = FACE_BOUND('',#167,.T.);
#167 = EDGE_LOOP('',(#168));
#168 = ORIENTED_EDGE('',*,*,#123,.F.);
#169 = FACE_BOUND('',#170,.T.);
#170 = EDGE_LOOP('',(#171));
#171 = ORIENTED_EDGE('',*,*,#172,.F.);
#172 = EDGE_CURVE('',#173,#173,#175,.T.);
#173 = VERTEX_POINT('',#174);
#174 = CARTESIAN_POINT('',(0.74,9.184850993605E-17,0.549899989998));
#175 = B_SPLINE_CURVE_WITH_KNOTS('',4,(#176,#177,#178,#179,#180,#181,
    #182,#183,#184,#185,#186,#187,#188,#189,#190,#191,#192,#193,#194,
    #195,#196,#197,#198,#199,#200,#201,#202,#203,#204,#205,#206,#207,
    #208,#209,#210,#211,#212,#213,#214,#215,#216,#217,#218,#219,#220,
    #221,#222,#223,#224,#225,#226,#227,#228,#229,#230,#231,#232,#233,
    #234,#235,#236,#237,#238,#239,#240,#241,#242,#243,#244,#245,#246,
    #247,#248,#249,#250,#251,#252,#253,#254,#255,#256,#257,#258,#259,
    #260,#261,#262,#263,#264,#265,#266,#267,#268,#269,#270,#271,#272,
    #273,#274,#275,#276),.UNSPECIFIED.,.T.,.F.,(1,4,3,3,3,3,3,3,3,3,3,3,
    3,3,3,3,3,3,3,3,3,3,3,3,3,3,3,3,3,3,3,3,3,3,4,1),(-4.2522324457E-02,
    0.,2.954854255424E-02,5.950725143879E-02,8.953239652948E-02,
    0.1196157841,0.149732114387,0.179853483798,0.209958258035,
    0.240033799606,0.270075422818,0.300083939965,0.330063238237,
    0.36001847489,0.38995496734,0.419877638599,0.449790835666,
    0.479698369961,0.507343389451,0.537249550333,0.567159850816,
    0.597077915405,0.627007845179,0.656954319857,0.686922528108,
    0.716917796043,0.746944740308,0.777005773153,0.807098913208,
    0.837215225245,0.867336923178,0.897438131904,0.927490895077,
    0.957477675543,1.,1.029548542554),.UNSPECIFIED.);
#176 = CARTESIAN_POINT('',(0.74,0.,0.549899989998));
#177 = CARTESIAN_POINT('',(0.74,-1.164050410382E-02,0.549899991162));
#178 = CARTESIAN_POINT('',(0.74,-2.328113700915E-02,0.550622828944));
#179 = CARTESIAN_POINT('',(0.74,-3.485062492862E-02,0.552068403168));
#180 = CARTESIAN_POINT('',(0.74,-5.786889927215E-02,0.556405386079));
#181 = CARTESIAN_POINT('',(0.74,-6.931396793767E-02,0.559316679183));
#182 = CARTESIAN_POINT('',(0.74,-8.054453860993E-02,0.562940371123));
#183 = CARTESIAN_POINT('',(0.74,-0.102472370433,0.571565542427));
#184 = CARTESIAN_POINT('',(0.74,-0.113168471235,0.576570161904));
#185 = CARTESIAN_POINT('',(0.74,-0.123520149553,0.582233698908));
#186 = CARTESIAN_POINT('',(0.74,-0.143440927185,0.594813804342));
#187 = CARTESIAN_POINT('',(0.74,-0.153008498875,0.601732848601));
#188 = CARTESIAN_POINT('',(0.74,-0.162116805714,0.609236193324));
#189 = CARTESIAN_POINT('',(0.74,-0.17932699595,0.625325812164));
#190 = CARTESIAN_POINT('',(0.74,-0.187427805148,0.633913311283));
#191 = CARTESIAN_POINT('',(0.74,-0.194970751603,0.642991732747));
#192 = CARTESIAN_POINT('',(0.74,-0.20886192381,0.662021732418));
#193 = CARTESIAN_POINT('',(0.74,-0.215210007465,0.671973515981));
#194 = CARTESIAN_POINT('',(0.74,-0.220919853528,0.682306073072));
#195 = CARTESIAN_POINT('',(0.74,-0.231000081052,0.703602963673));
#196 = CARTESIAN_POINT('',(0.74,-0.235371260958,0.714567031655));
#197 = CARTESIAN_POINT('',(0.74,-0.239044818888,0.725787734511));
#198 = CARTESIAN_POINT('',(0.74,-0.244956633251,0.748597257435));
#199 = CARTESIAN_POINT('',(0.74,-0.247196328538,0.760185820402));
#200 = CARTESIAN_POINT('',(0.74,-0.248702721603,0.771896818597));
#201 = CARTESIAN_POINT('',(0.74,-0.250236253198,0.795410784361));
#202 = CARTESIAN_POINT('',(0.74,-0.250265081605,0.80721376032));
#203 = CARTESIAN_POINT('',(0.74,-0.249550564145,0.818999739239));
#204 = CARTESIAN_POINT('',(0.74,-0.246651196549,0.842384879386));
#205 = CARTESIAN_POINT('',(0.74,-0.244467961818,0.853984364366));
#206 = CARTESIAN_POINT('',(0.74,-0.241557769402,0.865427456671));
#207 = CARTESIAN_POINT('',(0.74,-0.234328097064,0.887855103733));
#208 = CARTESIAN_POINT('',(0.74,-0.230009957692,0.898840222248));
#209 = CARTESIAN_POINT('',(0.74,-0.225007281179,0.909534878551));
#210 = CARTESIAN_POINT('',(0.74,-0.213703414458,0.930210386899));
#211 = CARTESIAN_POINT('',(0.74,-0.207403209754,0.94019192229));
#212 = CARTESIAN_POINT('',(0.74,-0.200485423873,0.949759258498));
#213 = CARTESIAN_POINT('',(0.74,-0.185507848738,0.967950151698));
#214 = CARTESIAN_POINT('',(0.74,-0.177448695369,0.976574397373));
#215 = CARTESIAN_POINT('',(0.74,-0.16886100615,0.984675563245));
#216 = CARTESIAN_POINT('',(0.74,-0.15074035222,0.99973744945));
#217 = CARTESIAN_POINT('',(0.74,-0.141207726995,1.006698777771));
#218 = CARTESIAN_POINT('',(0.74,-0.131254458415,1.01304690782));
#219 = CARTESIAN_POINT('',(0.74,-0.110632681238,1.024446271492));
#220 = CARTESIAN_POINT('',(0.74,-9.996428813179E-02,1.029497977347));
#221 = CARTESIAN_POINT('',(0.74,-8.899810082955E-02,1.033868315527));
#222 = CARTESIAN_POINT('',(0.74,-6.660573678598E-02,1.041201389552));
#223 = CARTESIAN_POINT('',(0.74,-5.517952646857E-02,1.044164431425));
#224 = CARTESIAN_POINT('',(0.74,-4.358893599885E-02,1.046402273007));
#225 = CARTESIAN_POINT('',(0.74,-2.110235317185E-02,1.049295690112));
#226 = CARTESIAN_POINT('',(0.74,-1.022004216384E-02,1.050058171079));
#227 = CARTESIAN_POINT('',(0.74,6.88261253639E-04,1.050186160754));
#228 = CARTESIAN_POINT('',(0.74,2.333588646645E-02,1.049137109102));
#229 = CARTESIAN_POINT('',(0.74,3.507031057171E-02,1.047852463956));
#230 = CARTESIAN_POINT('',(0.74,4.670026027805E-02,1.045831599041));
#231 = CARTESIAN_POINT('',(0.74,6.961621014314E-02,1.0403500113));
#232 = CARTESIAN_POINT('',(0.74,8.090228620131E-02,1.03688905958));
#233 = CARTESIAN_POINT('',(0.74,9.194735335081E-02,1.032724648899));
#234 = CARTESIAN_POINT('',(0.74,0.113430350488,1.023045880218));
#235 = CARTESIAN_POINT('',(0.74,0.123868238602,1.017531119412));
#236 = CARTESIAN_POINT('',(0.74,0.133937127441,1.011370767362));
#237 = CARTESIAN_POINT('',(0.74,0.153226135015,0.997837637328));
#238 = CARTESIAN_POINT('',(0.74,0.162446020628,0.990464305074));
#239 = CARTESIAN_POINT('',(0.74,0.171182023035,0.982526335191));
#240 = CARTESIAN_POINT('',(0.74,0.187593706123,0.965618198931));
#241 = CARTESIAN_POINT('',(0.74,0.195268887546,0.956647370184));
#242 = CARTESIAN_POINT('',(0.74,0.202362534209,0.947213093898));
#243 = CARTESIAN_POINT('',(0.74,0.215315466389,0.927528884092));
#244 = CARTESIAN_POINT('',(0.74,0.221173922179,0.917278252316));
#245 = CARTESIAN_POINT('',(0.74,0.226373965104,0.906681994238));
#246 = CARTESIAN_POINT('',(0.74,0.235409237432,0.884919036916));
#247 = CARTESIAN_POINT('',(0.74,0.239243276248,0.873751706864));
#248 = CARTESIAN_POINT('',(0.74,0.242365607032,0.862368932801));
#249 = CARTESIAN_POINT('',(0.74,0.247163118259,0.839298280802));
#250 = CARTESIAN_POINT('',(0.74,0.248836785466,0.827609961659));
#251 = CARTESIAN_POINT('',(0.74,0.249770959634,0.815843924672));
#252 = CARTESIAN_POINT('',(0.74,0.250160814951,0.79228306311));
#253 = CARTESIAN_POINT('',(0.74,0.249614805388,0.780488090186));
#254 = CARTESIAN_POINT('',(0.74,0.248327919568,0.76875547233));
#255 = CARTESIAN_POINT('',(0.74,0.244296518984,0.745539328351));
#256 = CARTESIAN_POINT('',(0.74,0.241550410078,0.734055962165));
#257 = CARTESIAN_POINT('',(0.74,0.238088171044,0.722772047565));
#258 = CARTESIAN_POINT('',(0.74,0.229778716904,0.700723294228));
#259 = CARTESIAN_POINT('',(0.74,0.224930379106,0.689958764322));
#260 = CARTESIAN_POINT('',(0.74,0.219415324105,0.679522729116));
#261 = CARTESIAN_POINT('',(0.74,0.207122627628,0.65942243541));
#262 = CARTESIAN_POINT('',(0.74,0.200344698317,0.649758245142));
#263 = CARTESIAN_POINT('',(0.74,0.19297168826,0.640539169842));
#264 = CARTESIAN_POINT('',(0.74,0.177131357046,0.623098938631));
#265 = CARTESIAN_POINT('',(0.74,0.168664735687,0.614877058187));
#266 = CARTESIAN_POINT('',(0.74,0.159694040497,0.6072012105));
#267 = CARTESIAN_POINT('',(0.74,0.140866486915,0.593038035278));
#268 = CARTESIAN_POINT('',(0.74,0.131011048613,0.586548760361));
#269 = CARTESIAN_POINT('',(0.74,0.120759511068,0.580688498933));
#270 = CARTESIAN_POINT('',(0.74,9.960983228886E-02,0.570303493649));
#271 = CARTESIAN_POINT('',(0.74,8.871311364285E-02,0.565775758459));
#272 = CARTESIAN_POINT('',(0.74,7.754383260831E-02,0.561940054509));
#273 = CARTESIAN_POINT('',(0.74,5.004266478494E-02,0.554390331695));
#274 = CARTESIAN_POINT('',(0.74,3.350366986136E-02,0.551397062447));
#275 = CARTESIAN_POINT('',(0.74,1.67515101641E-02,0.549899991673));
#276 = CARTESIAN_POINT('',(0.74,0.,0.549899989998));
#277 = PLANE('',#278);
#278 = AXIS2_PLACEMENT_3D('',#279,#280,#281);
#279 = CARTESIAN_POINT('',(0.74,0.8,0.8));
#280 = DIRECTION('',(-1.,0.,0.));
#281 = DIRECTION('',(0.,0.,-1.));
#282 = ADVANCED_FACE('',(#283),#302,.T.);
#283 = FACE_BOUND('',#284,.T.);
#284 = EDGE_LOOP('',(#285,#294,#300,#301));
#285 = ORIENTED_EDGE('',*,*,#286,.T.);
#286 = EDGE_CURVE('',#287,#287,#289,.T.);
#287 = VERTEX_POINT('',#288);
#288 = CARTESIAN_POINT('',(3.44,0.72,0.8));
#289 = CIRCLE('',#290,0.72);
#290 = AXIS2_PLACEMENT_3D('',#291,#292,#293);
#291 = CARTESIAN_POINT('',(3.44,0.,0.8));
#292 = DIRECTION('',(-1.,0.,0.));
#293 = DIRECTION('',(0.,1.,0.));
#294 = ORIENTED_EDGE('',*,*,#295,.F.);
#295 = EDGE_CURVE('',#153,#287,#296,.T.);
#296 = LINE('',#297,#298);
#297 = CARTESIAN_POINT('',(0.74,0.72,0.8));
#298 = VECTOR('',#299,1.);
#299 = DIRECTION('',(1.,0.,0.));
#300 = ORIENTED_EDGE('',*,*,#152,.F.);
#301 = ORIENTED_EDGE('',*,*,#295,.T.);
#302 = CYLINDRICAL_SURFACE('',#303,0.72);
#303 = AXIS2_PLACEMENT_3D('',#304,#305,#306);
#304 = CARTESIAN_POINT('',(0.74,0.,0.8));
#305 = DIRECTION('',(-1.,-0.,-0.));
#306 = DIRECTION('',(0.,1.,0.));
#307 = ADVANCED_FACE('',(#308),#328,.T.);
#308 = FACE_BOUND('',#309,.T.);
#309 = EDGE_LOOP('',(#310,#319,#326,#327));
#310 = ORIENTED_EDGE('',*,*,#311,.T.);
#311 = EDGE_CURVE('',#312,#312,#314,.T.);
#312 = VERTEX_POINT('',#313);
#313 = CARTESIAN_POINT('',(0.25,0.,5.E-02));
#314 = CIRCLE('',#315,0.25);
#315 = AXIS2_PLACEMENT_3D('',#316,#317,#318);
#316 = CARTESIAN_POINT('',(0.,0.,5.E-02));
#317 = DIRECTION('',(0.,0.,1.));
#318 = DIRECTION('',(1.,0.,-0.));
#319 = ORIENTED_EDGE('',*,*,#320,.T.);
#320 = EDGE_CURVE('',#312,#173,#321,.T.);
#321 = CIRCLE('',#322,0.5);
#322 = AXIS2_PLACEMENT_3D('',#323,#324,#325);
#323 = CARTESIAN_POINT('',(0.75,9.184850993605E-17,5.E-02));
#324 = DIRECTION('',(0.,1.,0.));
#325 = DIRECTION('',(-1.,0.,-1.184237892934E-15));
#326 = ORIENTED_EDGE('',*,*,#172,.T.);
#327 = ORIENTED_EDGE('',*,*,#320,.F.);
#328 = TOROIDAL_SURFACE('',#329,0.75,0.25);
#329 = AXIS2_PLACEMENT_3D('',#330,#331,#332);
#330 = CARTESIAN_POINT('',(0.75,0.,5.E-02));
#331 = DIRECTION('',(0.,1.,0.));
#332 = DIRECTION('',(-1.,0.,-1.184237892934E-15));
#333 = ADVANCED_FACE('',(#334,#345),#348,.T.);
#334 = FACE_BOUND('',#335,.T.);
#335 = EDGE_LOOP('',(#336));
#336 = ORIENTED_EDGE('',*,*,#337,.F.);
#337 = EDGE_CURVE('',#338,#338,#340,.T.);
#338 = VERTEX_POINT('',#339);
#339 = CARTESIAN_POINT('',(3.44,0.8,0.8));
#340 = CIRCLE('',#341,0.8);
#341 = AXIS2_PLACEMENT_3D('',#342,#343,#344);
#342 = CARTESIAN_POINT('',(3.44,0.,0.8));
#343 = DIRECTION('',(1.,0.,0.));
#344 = DIRECTION('',(-0.,1.,0.));
#345 = FACE_BOUND('',#346,.T.);
#346 = EDGE_LOOP('',(#347));
#347 = ORIENTED_EDGE('',*,*,#286,.F.);
#348 = PLANE('',#349);
#349 = AXIS2_PLACEMENT_3D('',#350,#351,#352);
#350 = CARTESIAN_POINT('',(3.44,0.8,0.8));
#351 = DIRECTION('',(-1.,0.,0.));
#352 = DIRECTION('',(0.,0.,-1.));
#353 = ADVANCED_FACE('',(#354),#373,.T.);
#354 = FACE_BOUND('',#355,.T.);
#355 = EDGE_LOOP('',(#356,#364,#365,#366));
#356 = ORIENTED_EDGE('',*,*,#357,.T.);
#357 = EDGE_CURVE('',#358,#312,#360,.T.);
#358 = VERTEX_POINT('',#359);
#359 = CARTESIAN_POINT('',(0.25,-6.123233995737E-17,-3.));
#360 = LINE('',#361,#362);
#361 = CARTESIAN_POINT('',(0.25,0.,-3.));
#362 = VECTOR('',#363,1.);
#363 = DIRECTION('',(0.,0.,1.));
#364 = ORIENTED_EDGE('',*,*,#311,.F.);
#365 = ORIENTED_EDGE('',*,*,#357,.F.);
#366 = ORIENTED_EDGE('',*,*,#367,.T.);
#367 = EDGE_CURVE('',#358,#358,#368,.T.);
#368 = CIRCLE('',#369,0.25);
#369 = AXIS2_PLACEMENT_3D('',#370,#371,#372);
#370 = CARTESIAN_POINT('',(0.,0.,-3.));
#371 = DIRECTION('',(0.,0.,1.));
#372 = DIRECTION('',(1.,0.,-0.));
#373 = CYLINDRICAL_SURFACE('',#374,0.25);
#374 = AXIS2_PLACEMENT_3D('',#375,#376,#377);
#375 = CARTESIAN_POINT('',(0.,0.,-3.));
#376 = DIRECTION('',(0.,0.,1.));
#377 = DIRECTION('',(1.,0.,-0.));
#378 = ADVANCED_FACE('',(#379),#398,.T.);
#379 = FACE_BOUND('',#380,.T.);
#380 = EDGE_LOOP('',(#381,#382,#390,#397));
#381 = ORIENTED_EDGE('',*,*,#337,.T.);
#382 = ORIENTED_EDGE('',*,*,#383,.T.);
#383 = EDGE_CURVE('',#338,#384,#386,.T.);
#384 = VERTEX_POINT('',#385);
#385 = CARTESIAN_POINT('',(3.94,0.8,0.8));
#386 = LINE('',#387,#388);
#387 = CARTESIAN_POINT('',(3.44,0.8,0.8));
#388 = VECTOR('',#389,1.);
#389 = DIRECTION('',(1.,0.,0.));
#390 = ORIENTED_EDGE('',*,*,#391,.F.);
#391 = EDGE_CURVE('',#384,#384,#392,.T.);
#392 = CIRCLE('',#393,0.8);
#393 = AXIS2_PLACEMENT_3D('',#394,#395,#396);
#394 = CARTESIAN_POINT('',(3.94,0.,0.8));
#395 = DIRECTION('',(1.,0.,0.));
#396 = DIRECTION('',(-0.,1.,0.));
#397 = ORIENTED_EDGE('',*,*,#383,.F.);
#398 = CYLINDRICAL_SURFACE('',#399,0.8);
#399 = AXIS2_PLACEMENT_3D('',#400,#401,#402);
#400 = CARTESIAN_POINT('',(3.44,0.,0.8));
#401 = DIRECTION('',(-1.,-0.,-0.));
#402 = DIRECTION('',(0.,1.,0.));
#403 = ADVANCED_FACE('',(#404),#407,.T.);
#404 = FACE_BOUND('',#405,.F.);
#405 = EDGE_LOOP('',(#406));
#406 = ORIENTED_EDGE('',*,*,#367,.T.);
#407 = PLANE('',#408);
#408 = AXIS2_PLACEMENT_3D('',#409,#410,#411);
#409 = CARTESIAN_POINT('',(0.25,0.,-3.));
#410 = DIRECTION('',(0.,0.,-1.));
#411 = DIRECTION('',(-1.,0.,0.));
#412 = ADVANCED_FACE('',(#413),#433,.T.);
#413 = FACE_BOUND('',#414,.T.);
#414 = EDGE_LOOP('',(#415,#424,#425,#426));
#415 = ORIENTED_EDGE('',*,*,#416,.F.);
#416 = EDGE_CURVE('',#384,#417,#419,.T.);
#417 = VERTEX_POINT('',#418);
#418 = CARTESIAN_POINT('',(4.34,0.4,0.8));
#419 = CIRCLE('',#420,0.4);
#420 = AXIS2_PLACEMENT_3D('',#421,#422,#423);
#421 = CARTESIAN_POINT('',(3.94,0.4,0.8));
#422 = DIRECTION('',(0.,0.,-1.));
#423 = DIRECTION('',(0.,1.,0.));
#424 = ORIENTED_EDGE('',*,*,#391,.T.);
#425 = ORIENTED_EDGE('',*,*,#416,.T.);
#426 = ORIENTED_EDGE('',*,*,#427,.F.);
#427 = EDGE_CURVE('',#417,#417,#428,.T.);
#428 = CIRCLE('',#429,0.4);
#429 = AXIS2_PLACEMENT_3D('',#430,#431,#432);
#430 = CARTESIAN_POINT('',(4.34,0.,0.8));
#431 = DIRECTION('',(1.,0.,0.));
#432 = DIRECTION('',(-0.,1.,0.));
#433 = TOROIDAL_SURFACE('',#434,0.4,0.4);
#434 = AXIS2_PLACEMENT_3D('',#435,#436,#437);
#435 = CARTESIAN_POINT('',(3.94,0.,0.8));
#436 = DIRECTION('',(1.,0.,0.));
#437 = DIRECTION('',(-0.,1.,0.));
#438 = ADVANCED_FACE('',(#439,#442),#550,.F.);
#439 = FACE_BOUND('',#440,.F.);
#440 = EDGE_LOOP('',(#441));
#441 = ORIENTED_EDGE('',*,*,#427,.F.);
#442 = FACE_BOUND('',#443,.F.);
#443 = EDGE_LOOP('',(#444));
#444 = ORIENTED_EDGE('',*,*,#445,.F.);
#445 = EDGE_CURVE('',#446,#446,#448,.T.);
#446 = VERTEX_POINT('',#447);
#447 = CARTESIAN_POINT('',(4.34,9.184850993605E-17,0.549899989998));
#448 = B_SPLINE_CURVE_WITH_KNOTS('',4,(#449,#450,#451,#452,#453,#454,
    #455,#456,#457,#458,#459,#460,#461,#462,#463,#464,#465,#466,#467,
    #468,#469,#470,#471,#472,#473,#474,#475,#476,#477,#478,#479,#480,
    #481,#482,#483,#484,#485,#486,#487,#488,#489,#490,#491,#492,#493,
    #494,#495,#496,#497,#498,#499,#500,#501,#502,#503,#504,#505,#506,
    #507,#508,#509,#510,#511,#512,#513,#514,#515,#516,#517,#518,#519,
    #520,#521,#522,#523,#524,#525,#526,#527,#528,#529,#530,#531,#532,
    #533,#534,#535,#536,#537,#538,#539,#540,#541,#542,#543,#544,#545,
    #546,#547,#548,#549),.UNSPECIFIED.,.T.,.F.,(1,4,3,3,3,3,3,3,3,3,3,3,
    3,3,3,3,3,3,3,3,3,3,3,3,3,3,3,3,3,3,3,3,3,3,4,1),(-4.2522324386E-02,
    0.,2.954854255526E-02,5.950725143982E-02,8.953239653051E-02,
    0.119615784102,0.149732114388,0.1798534838,0.209958258036,
    0.240033799607,0.270075422819,0.300083939966,0.330063238238,
    0.360018474891,0.389954967342,0.4198776386,0.449790835667,
    0.479698369962,0.507343389522,0.537249550404,0.567159850886,
    0.597077915475,0.62700784525,0.656954319928,0.686922528179,
    0.716917796113,0.746944740378,0.777005773224,0.807098913279,
    0.837215225316,0.867336923249,0.897438131975,0.927490895148,
    0.957477675614,1.,1.029548542555),.UNSPECIFIED.);
#449 = CARTESIAN_POINT('',(4.34,0.,0.549899989998));
#450 = CARTESIAN_POINT('',(4.34,-1.164050410422E-02,0.549899991162));
#451 = CARTESIAN_POINT('',(4.34,-2.328113700996E-02,0.550622828944));
#452 = CARTESIAN_POINT('',(4.34,-3.485062492983E-02,0.552068403169));
#453 = CARTESIAN_POINT('',(4.34,-5.786889927372E-02,0.55640538608));
#454 = CARTESIAN_POINT('',(4.34,-6.931396793922E-02,0.559316679184));
#455 = CARTESIAN_POINT('',(4.34,-8.054453861146E-02,0.562940371124));
#456 = CARTESIAN_POINT('',(4.34,-0.102472370435,0.571565542428));
#457 = CARTESIAN_POINT('',(4.34,-0.113168471237,0.576570161904));
#458 = CARTESIAN_POINT('',(4.34,-0.123520149554,0.582233698909));
#459 = CARTESIAN_POINT('',(4.34,-0.143440927187,0.594813804343));
#460 = CARTESIAN_POINT('',(4.34,-0.153008498876,0.601732848602));
#461 = CARTESIAN_POINT('',(4.34,-0.162116805716,0.609236193325));
#462 = CARTESIAN_POINT('',(4.34,-0.179326995951,0.625325812165));
#463 = CARTESIAN_POINT('',(4.34,-0.187427805149,0.633913311284));
#464 = CARTESIAN_POINT('',(4.34,-0.194970751604,0.642991732749));
#465 = CARTESIAN_POINT('',(4.34,-0.208861923811,0.662021732419));
#466 = CARTESIAN_POINT('',(4.34,-0.215210007466,0.671973515983));
#467 = CARTESIAN_POINT('',(4.34,-0.220919853528,0.682306073073));
#468 = CARTESIAN_POINT('',(4.34,-0.231000081052,0.703602963674));
#469 = CARTESIAN_POINT('',(4.34,-0.235371260959,0.714567031657));
#470 = CARTESIAN_POINT('',(4.34,-0.239044818889,0.725787734512));
#471 = CARTESIAN_POINT('',(4.34,-0.244956633252,0.748597257437));
#472 = CARTESIAN_POINT('',(4.34,-0.247196328539,0.760185820404));
#473 = CARTESIAN_POINT('',(4.34,-0.248702721603,0.771896818599));
#474 = CARTESIAN_POINT('',(4.34,-0.250236253198,0.795410784363));
#475 = CARTESIAN_POINT('',(4.34,-0.250265081604,0.807213760322));
#476 = CARTESIAN_POINT('',(4.34,-0.249550564145,0.818999739241));
#477 = CARTESIAN_POINT('',(4.34,-0.246651196549,0.842384879388));
#478 = CARTESIAN_POINT('',(4.34,-0.244467961817,0.853984364368));
#479 = CARTESIAN_POINT('',(4.34,-0.241557769401,0.865427456673));
#480 = CARTESIAN_POINT('',(4.34,-0.234328097063,0.887855103735));
#481 = CARTESIAN_POINT('',(4.34,-0.230009957691,0.89884022225));
#482 = CARTESIAN_POINT('',(4.34,-0.225007281178,0.909534878553));
#483 = CARTESIAN_POINT('',(4.34,-0.213703414457,0.930210386901));
#484 = CARTESIAN_POINT('',(4.34,-0.207403209753,0.940191922291));
#485 = CARTESIAN_POINT('',(4.34,-0.200485423872,0.9497592585));
#486 = CARTESIAN_POINT('',(4.34,-0.185507848737,0.9679501517));
#487 = CARTESIAN_POINT('',(4.34,-0.177448695368,0.976574397374));
#488 = CARTESIAN_POINT('',(4.34,-0.168861006149,0.984675563246));
#489 = CARTESIAN_POINT('',(4.34,-0.150740352219,0.999737449451));
#490 = CARTESIAN_POINT('',(4.34,-0.141207726994,1.006698777772));
#491 = CARTESIAN_POINT('',(4.34,-0.131254458413,1.013046907821));
#492 = CARTESIAN_POINT('',(4.34,-0.110632681236,1.024446271493));
#493 = CARTESIAN_POINT('',(4.34,-9.996428813031E-02,1.029497977347));
#494 = CARTESIAN_POINT('',(4.34,-8.899810082804E-02,1.033868315528));
#495 = CARTESIAN_POINT('',(4.34,-6.660573678443E-02,1.041201389552));
#496 = CARTESIAN_POINT('',(4.34,-5.517952646699E-02,1.044164431426));
#497 = CARTESIAN_POINT('',(4.34,-4.358893599727E-02,1.046402273007));
#498 = CARTESIAN_POINT('',(4.34,-2.110235314309E-02,1.049295690116));
#499 = CARTESIAN_POINT('',(4.34,-1.022004210752E-02,1.050058171083));
#500 = CARTESIAN_POINT('',(4.34,6.882613375073E-04,1.050186160755));
#501 = CARTESIAN_POINT('',(4.34,2.33358865772E-02,1.049137109091));
#502 = CARTESIAN_POINT('',(4.34,3.507031068188E-02,1.04785246394));
#503 = CARTESIAN_POINT('',(4.34,4.670026038733E-02,1.04583159902));
#504 = CARTESIAN_POINT('',(4.34,6.961621024999E-02,1.040350011269));
#505 = CARTESIAN_POINT('',(4.34,8.090228630662E-02,1.036889059544));
#506 = CARTESIAN_POINT('',(4.34,9.194735345427E-02,1.032724648859));
#507 = CARTESIAN_POINT('',(4.34,0.113430350588,1.023045880168));
#508 = CARTESIAN_POINT('',(4.34,0.123868238698,1.017531119357));
#509 = CARTESIAN_POINT('',(4.34,0.133937127535,1.011370767302));
#510 = CARTESIAN_POINT('',(4.34,0.153226135103,0.99783763726));
#511 = CARTESIAN_POINT('',(4.34,0.162446020713,0.990464305002));
#512 = CARTESIAN_POINT('',(4.34,0.171182023116,0.982526335115));
#513 = CARTESIAN_POINT('',(4.34,0.187593706196,0.965618198848));
#514 = CARTESIAN_POINT('',(4.34,0.195268887616,0.956647370097));
#515 = CARTESIAN_POINT('',(4.34,0.202362534275,0.947213093808));
#516 = CARTESIAN_POINT('',(4.34,0.215315466445,0.927528883997));
#517 = CARTESIAN_POINT('',(4.34,0.221173922232,0.917278252218));
#518 = CARTESIAN_POINT('',(4.34,0.226373965152,0.906681994138));
#519 = CARTESIAN_POINT('',(4.34,0.235409237469,0.884919036811));
#520 = CARTESIAN_POINT('',(4.34,0.239243276281,0.873751706758));
#521 = CARTESIAN_POINT('',(4.34,0.24236560706,0.862368932693));
#522 = CARTESIAN_POINT('',(4.34,0.247163118276,0.839298280692));
#523 = CARTESIAN_POINT('',(4.34,0.248836785479,0.827609961549));
#524 = CARTESIAN_POINT('',(4.34,0.249770959641,0.815843924561));
#525 = CARTESIAN_POINT('',(4.34,0.250160814947,0.792283062999));
#526 = CARTESIAN_POINT('',(4.34,0.24961480538,0.780488090075));
#527 = CARTESIAN_POINT('',(4.34,0.248327919554,0.768755472219));
#528 = CARTESIAN_POINT('',(4.34,0.24429651896,0.745539328242));
#529 = CARTESIAN_POINT('',(4.34,0.241550410048,0.734055962058));
#530 = CARTESIAN_POINT('',(4.34,0.23808817101,0.722772047459));
#531 = CARTESIAN_POINT('',(4.34,0.22977871686,0.700723294126));
#532 = CARTESIAN_POINT('',(4.34,0.224930379057,0.689958764222));
#533 = CARTESIAN_POINT('',(4.34,0.219415324052,0.679522729019));
#534 = CARTESIAN_POINT('',(4.34,0.207122627566,0.659422435318));
#535 = CARTESIAN_POINT('',(4.34,0.20034469825,0.649758245053));
#536 = CARTESIAN_POINT('',(4.34,0.192971688189,0.640539169756));
#537 = CARTESIAN_POINT('',(4.34,0.177131356967,0.623098938552));
#538 = CARTESIAN_POINT('',(4.34,0.168664735605,0.614877058112));
#539 = CARTESIAN_POINT('',(4.34,0.159694040411,0.607201210429));
#540 = CARTESIAN_POINT('',(4.34,0.140866486823,0.593038035215));
#541 = CARTESIAN_POINT('',(4.34,0.131011048519,0.586548760303));
#542 = CARTESIAN_POINT('',(4.34,0.120759510971,0.580688498879));
#543 = CARTESIAN_POINT('',(4.34,9.960983218682E-02,0.570303493605));
#544 = CARTESIAN_POINT('',(4.34,8.871311353879E-02,0.56577575842));
#545 = CARTESIAN_POINT('',(4.34,7.754383250254E-02,0.561940054475));
#546 = CARTESIAN_POINT('',(4.34,5.004266470253E-02,0.554390331681));
#547 = CARTESIAN_POINT('',(4.34,3.350366980571E-02,0.551397062442));
#548 = CARTESIAN_POINT('',(4.34,1.675151013628E-02,0.549899991673));
#549 = CARTESIAN_POINT('',(4.34,0.,0.549899989998));
#550 = PLANE('',#551);
#551 = AXIS2_PLACEMENT_3D('',#552,#553,#554);
#552 = CARTESIAN_POINT('',(4.34,0.8,0.8));
#553 = DIRECTION('',(-1.,0.,0.));
#554 = DIRECTION('',(0.,0.,-1.));
#555 = ADVANCED_FACE('',(#556),#576,.T.);
#556 = FACE_BOUND('',#557,.T.);
#557 = EDGE_LOOP('',(#558,#559,#568,#575));
#558 = ORIENTED_EDGE('',*,*,#445,.F.);
#559 = ORIENTED_EDGE('',*,*,#560,.T.);
#560 = EDGE_CURVE('',#446,#561,#563,.T.);
#561 = VERTEX_POINT('',#562);
#562 = CARTESIAN_POINT('',(4.83,0.,5.E-02));
#563 = CIRCLE('',#564,0.5);
#564 = AXIS2_PLACEMENT_3D('',#565,#566,#567);
#565 = CARTESIAN_POINT('',(4.33,9.184850993605E-17,5.E-02));
#566 = DIRECTION('',(0.,1.,-0.));
#567 = DIRECTION('',(-1.184237892934E-15,0.,1.));
#568 = ORIENTED_EDGE('',*,*,#569,.T.);
#569 = EDGE_CURVE('',#561,#561,#570,.T.);
#570 = CIRCLE('',#571,0.25);
#571 = AXIS2_PLACEMENT_3D('',#572,#573,#574);
#572 = CARTESIAN_POINT('',(5.08,0.,5.E-02));
#573 = DIRECTION('',(5.308866065094E-16,-0.,1.));
#574 = DIRECTION('',(1.,0.,-5.308866065094E-16));
#575 = ORIENTED_EDGE('',*,*,#560,.F.);
#576 = TOROIDAL_SURFACE('',#577,0.75,0.25);
#577 = AXIS2_PLACEMENT_3D('',#578,#579,#580);
#578 = CARTESIAN_POINT('',(4.33,0.,5.E-02));
#579 = DIRECTION('',(0.,1.,0.));
#580 = DIRECTION('',(-1.184237892934E-15,0.,1.));
#581 = ADVANCED_FACE('',(#582),#601,.T.);
#582 = FACE_BOUND('',#583,.T.);
#583 = EDGE_LOOP('',(#584,#592,#599,#600));
#584 = ORIENTED_EDGE('',*,*,#585,.T.);
#585 = EDGE_CURVE('',#561,#586,#588,.T.);
#586 = VERTEX_POINT('',#587);
#587 = CARTESIAN_POINT('',(4.83,-6.123233995737E-17,-3.));
#588 = LINE('',#589,#590);
#589 = CARTESIAN_POINT('',(4.83,0.,5.E-02));
#590 = VECTOR('',#591,1.);
#591 = DIRECTION('',(0.,0.,-1.));
#592 = ORIENTED_EDGE('',*,*,#593,.F.);
#593 = EDGE_CURVE('',#586,#586,#594,.T.);
#594 = CIRCLE('',#595,0.25);
#595 = AXIS2_PLACEMENT_3D('',#596,#597,#598);
#596 = CARTESIAN_POINT('',(5.08,0.,-3.));
#597 = DIRECTION('',(0.,0.,-1.));
#598 = DIRECTION('',(-1.,0.,0.));
#599 = ORIENTED_EDGE('',*,*,#585,.F.);
#600 = ORIENTED_EDGE('',*,*,#569,.F.);
#601 = CYLINDRICAL_SURFACE('',#602,0.25);
#602 = AXIS2_PLACEMENT_3D('',#603,#604,#605);
#603 = CARTESIAN_POINT('',(5.08,0.,5.E-02));
#604 = DIRECTION('',(0.,0.,-1.));
#605 = DIRECTION('',(-1.,0.,0.));
#606 = ADVANCED_FACE('',(#607),#610,.F.);
#607 = FACE_BOUND('',#608,.T.);
#608 = EDGE_LOOP('',(#609));
#609 = ORIENTED_EDGE('',*,*,#593,.T.);
#610 = PLANE('',#611);
#611 = AXIS2_PLACEMENT_3D('',#612,#613,#614);
#612 = CARTESIAN_POINT('',(4.83,0.,-3.));
#613 = DIRECTION('',(0.,0.,1.));
#614 = DIRECTION('',(1.,0.,-0.));
#615 = ( GEOMETRIC_REPRESENTATION_CONTEXT(3) 
GLOBAL_UNCERTAINTY_ASSIGNED_CONTEXT((#619)) GLOBAL_UNIT_ASSIGNED_CONTEXT
((#616,#617,#618)) REPRESENTATION_CONTEXT('Context #1',
  '3D Context with UNIT and UNCERTAINTY') );
#616 = ( LENGTH_UNIT() NAMED_UNIT(*) SI_UNIT(.MILLI.,.METRE.) );
#617 = ( NAMED_UNIT(*) PLANE_ANGLE_UNIT() SI_UNIT($,.RADIAN.) );
#618 = ( NAMED_UNIT(*) SI_UNIT($,.STERADIAN.) SOLID_ANGLE_UNIT() );
#619 = UNCERTAINTY_MEASURE_WITH_UNIT(LENGTH_MEASURE(1.E-07),#616,
  'distance_accuracy_value','confusion accuracy');
#620 = CONTEXT_DEPENDENT_SHAPE_REPRESENTATION(#621,#623);
#621 = ( REPRESENTATION_RELATIONSHIP('','',#83,#60) 
REPRESENTATION_RELATIONSHIP_WITH_TRANSFORMATION(#622) 
SHAPE_REPRESENTATION_RELATIONSHIP() );
#622 = ITEM_DEFINED_TRANSFORMATION('','',#11,#61);
#623 = PRODUCT_DEFINITION_SHAPE('Placement','Placement of an item',#624
  );
#624 = NEXT_ASSEMBLY_USAGE_OCCURRENCE('1','=>[0:1:1:3]','',#55,#78,$);
#625 = PRODUCT_RELATED_PRODUCT_CATEGORY('part',$,(#80));
#626 = SHAPE_DEFINITION_REPRESENTATION(#627,#633);
#627 = PRODUCT_DEFINITION_SHAPE('','',#628);
#628 = PRODUCT_DEFINITION('design','',#629,#632);
#629 = PRODUCT_DEFINITION_FORMATION('','',#630);
#630 = PRODUCT('PinHeader_1x03_P2.54mm_Vertical',
  'PinHeader_1x03_P2.54mm_Vertical','',(#631));
#631 = PRODUCT_CONTEXT('',#2,'mechanical');
#632 = PRODUCT_DEFINITION_CONTEXT('part definition',#2,'design');
#633 = SHAPE_REPRESENTATION('',(#11,#634),#638);
#634 = AXIS2_PLACEMENT_3D('',#635,#636,#637);
#635 = CARTESIAN_POINT('',(0.,0.,0.));
#636 = DIRECTION('',(0.,0.,1.));
#637 = DIRECTION('',(1.,0.,-0.));
#638 = ( GEOMETRIC_REPRESENTATION_CONTEXT(3) 
GLOBAL_UNCERTAINTY_ASSIGNED_CONTEXT((#642)) GLOBAL_UNIT_ASSIGNED_CONTEXT
((#639,#640,#641)) REPRESENTATION_CONTEXT('Context #1',
  '3D Context with UNIT and UNCERTAINTY') );
#639 = ( LENGTH_UNIT() NAMED_UNIT(*) SI_UNIT(.MILLI.,.METRE.) );
#640 = ( NAMED_UNIT(*) PLANE_ANGLE_UNIT() SI_UNIT($,.RADIAN.) );
#641 = ( NAMED_UNIT(*) SI_UNIT($,.STERADIAN.) SOLID_ANGLE_UNIT() );
#642 = UNCERTAINTY_MEASURE_WITH_UNIT(LENGTH_MEASURE(1.E-07),#639,
  'distance_accuracy_value','confusion accuracy');
#643 = CONTEXT_DEPENDENT_SHAPE_REPRESENTATION(#644,#646);
#644 = ( REPRESENTATION_RELATIONSHIP('','',#633,#10) 
REPRESENTATION_RELATIONSHIP_WITH_TRANSFORMATION(#645) 
SHAPE_REPRESENTATION_RELATIONSHIP() );
#645 = ITEM_DEFINED_TRANSFORMATION('','',#11,#19);
#646 = PRODUCT_DEFINITION_SHAPE('Placement','Placement of an item',#647
  );
#647 = NEXT_ASSEMBLY_USAGE_OCCURRENCE('4','M2','',#5,#628,$);
#648 = PRODUCT_RELATED_PRODUCT_CATEGORY('part',$,(#630));
#649 = SHAPE_DEFINITION_REPRESENTATION(#650,#656);
#650 = PRODUCT_DEFINITION_SHAPE('','',#651);
#651 = PRODUCT_DEFINITION('design','',#652,#655);
#652 = PRODUCT_DEFINITION_FORMATION('','',#653);
#653 = PRODUCT('PinHeader_1x03_P254mm_Vertical',
  'PinHeader_1x03_P254mm_Vertical','',(#654));
#654 = PRODUCT_CONTEXT('',#2,'mechanical');
#655 = PRODUCT_DEFINITION_CONTEXT('part definition',#2,'design');
#656 = ADVANCED_BREP_SHAPE_REPRESENTATION('',(#11,#657),#2763);
#657 = MANIFOLD_SOLID_BREP('',#658);
#658 = CLOSED_SHELL('',(#659,#699,#730,#761,#1008,#1255,#1272,#1289,
    #1306,#1323,#1340,#1357,#1374,#1391,#1408,#1425,#1442,#1459,#1476,
    #1493,#1510,#1527,#1539,#1570,#1594,#1618,#1635,#1666,#1690,#1714,
    #1731,#1762,#1786,#1810,#1827,#1858,#1882,#1906,#1923,#1954,#1978,
    #2002,#2019,#2050,#2074,#2098,#2115,#2146,#2170,#2194,#2211,#2242,
    #2266,#2290,#2307,#2338,#2362,#2386,#2403,#2434,#2458,#2482,#2499,
    #2530,#2554,#2578,#2595,#2626,#2650,#2674,#2691,#2703,#2715,#2727,
    #2739,#2751));
#659 = ADVANCED_FACE('',(#660),#694,.F.);
#660 = FACE_BOUND('',#661,.F.);
#661 = EDGE_LOOP('',(#662,#672,#680,#688));
#662 = ORIENTED_EDGE('',*,*,#663,.T.);
#663 = EDGE_CURVE('',#664,#666,#668,.T.);
#664 = VERTEX_POINT('',#665);
#665 = CARTESIAN_POINT('',(-1.016,1.27,0.));
#666 = VERTEX_POINT('',#667);
#667 = CARTESIAN_POINT('',(-1.016,1.27,2.54));
#668 = LINE('',#669,#670);
#669 = CARTESIAN_POINT('',(-1.016,1.27,0.));
#670 = VECTOR('',#671,1.);
#671 = DIRECTION('',(0.,0.,1.));
#672 = ORIENTED_EDGE('',*,*,#673,.T.);
#673 = EDGE_CURVE('',#666,#674,#676,.T.);
#674 = VERTEX_POINT('',#675);
#675 = CARTESIAN_POINT('',(-1.27,1.016,2.54));
#676 = LINE('',#677,#678);
#677 = CARTESIAN_POINT('',(-1.016,1.27,2.54));
#678 = VECTOR('',#679,1.);
#679 = DIRECTION('',(-0.707106781187,-0.707106781187,0.));
#680 = ORIENTED_EDGE('',*,*,#681,.F.);
#681 = EDGE_CURVE('',#682,#674,#684,.T.);
#682 = VERTEX_POINT('',#683);
#683 = CARTESIAN_POINT('',(-1.27,1.016,0.));
#684 = LINE('',#685,#686);
#685 = CARTESIAN_POINT('',(-1.27,1.016,0.));
#686 = VECTOR('',#687,1.);
#687 = DIRECTION('',(0.,0.,1.));
#688 = ORIENTED_EDGE('',*,*,#689,.F.);
#689 = EDGE_CURVE('',#664,#682,#690,.T.);
#690 = LINE('',#691,#692);
#691 = CARTESIAN_POINT('',(-1.016,1.27,0.));
#692 = VECTOR('',#693,1.);
#693 = DIRECTION('',(-0.707106781187,-0.707106781187,0.));
#694 = PLANE('',#695);
#695 = AXIS2_PLACEMENT_3D('',#696,#697,#698);
#696 = CARTESIAN_POINT('',(-1.016,1.27,0.));
#697 = DIRECTION('',(0.707106781187,-0.707106781187,0.));
#698 = DIRECTION('',(-0.707106781187,-0.707106781187,0.));
#699 = ADVANCED_FACE('',(#700),#725,.F.);
#700 = FACE_BOUND('',#701,.F.);
#701 = EDGE_LOOP('',(#702,#712,#718,#719));
#702 = ORIENTED_EDGE('',*,*,#703,.T.);
#703 = EDGE_CURVE('',#704,#706,#708,.T.);
#704 = VERTEX_POINT('',#705);
#705 = CARTESIAN_POINT('',(1.016,1.27,0.));
#706 = VERTEX_POINT('',#707);
#707 = CARTESIAN_POINT('',(1.016,1.27,2.54));
#708 = LINE('',#709,#710);
#709 = CARTESIAN_POINT('',(1.016,1.27,0.));
#710 = VECTOR('',#711,1.);
#711 = DIRECTION('',(0.,0.,1.));
#712 = ORIENTED_EDGE('',*,*,#713,.T.);
#713 = EDGE_CURVE('',#706,#666,#714,.T.);
#714 = LINE('',#715,#716);
#715 = CARTESIAN_POINT('',(1.016,1.27,2.54));
#716 = VECTOR('',#717,1.);
#717 = DIRECTION('',(-1.,0.,0.));
#718 = ORIENTED_EDGE('',*,*,#663,.F.);
#719 = ORIENTED_EDGE('',*,*,#720,.F.);
#720 = EDGE_CURVE('',#704,#664,#721,.T.);
#721 = LINE('',#722,#723);
#722 = CARTESIAN_POINT('',(1.016,1.27,0.));
#723 = VECTOR('',#724,1.);
#724 = DIRECTION('',(-1.,0.,0.));
#725 = PLANE('',#726);
#726 = AXIS2_PLACEMENT_3D('',#727,#728,#729);
#727 = CARTESIAN_POINT('',(1.016,1.27,0.));
#728 = DIRECTION('',(0.,-1.,0.));
#729 = DIRECTION('',(-1.,0.,0.));
#730 = ADVANCED_FACE('',(#731),#756,.F.);
#731 = FACE_BOUND('',#732,.F.);
#732 = EDGE_LOOP('',(#733,#734,#742,#750));
#733 = ORIENTED_EDGE('',*,*,#681,.T.);
#734 = ORIENTED_EDGE('',*,*,#735,.T.);
#735 = EDGE_CURVE('',#674,#736,#738,.T.);
#736 = VERTEX_POINT('',#737);
#737 = CARTESIAN_POINT('',(-1.27,-1.016,2.54));
#738 = LINE('',#739,#740);
#739 = CARTESIAN_POINT('',(-1.27,1.016,2.54));
#740 = VECTOR('',#741,1.);
#741 = DIRECTION('',(0.,-1.,0.));
#742 = ORIENTED_EDGE('',*,*,#743,.F.);
#743 = EDGE_CURVE('',#744,#736,#746,.T.);
#744 = VERTEX_POINT('',#745);
#745 = CARTESIAN_POINT('',(-1.27,-1.016,0.));
#746 = LINE('',#747,#748);
#747 = CARTESIAN_POINT('',(-1.27,-1.016,0.));
#748 = VECTOR('',#749,1.);
#749 = DIRECTION('',(0.,0.,1.));
#750 = ORIENTED_EDGE('',*,*,#751,.F.);
#751 = EDGE_CURVE('',#682,#744,#752,.T.);
#752 = LINE('',#753,#754);
#753 = CARTESIAN_POINT('',(-1.27,1.016,0.));
#754 = VECTOR('',#755,1.);
#755 = DIRECTION('',(0.,-1.,0.));
#756 = PLANE('',#757);
#757 = AXIS2_PLACEMENT_3D('',#758,#759,#760);
#758 = CARTESIAN_POINT('',(-1.27,1.016,0.));
#759 = DIRECTION('',(1.,0.,0.));
#760 = DIRECTION('',(0.,-1.,0.));
#761 = ADVANCED_FACE('',(#762,#901,#935,#969),#1003,.F.);
#762 = FACE_BOUND('',#763,.F.);
#763 = EDGE_LOOP('',(#764,#765,#766,#774,#782,#790,#798,#806,#814,#822,
    #830,#838,#846,#854,#862,#870,#878,#886,#894,#900));
#764 = ORIENTED_EDGE('',*,*,#689,.T.);
#765 = ORIENTED_EDGE('',*,*,#751,.T.);
#766 = ORIENTED_EDGE('',*,*,#767,.T.);
#767 = EDGE_CURVE('',#744,#768,#770,.T.);
#768 = VERTEX_POINT('',#769);
#769 = CARTESIAN_POINT('',(-1.016,-1.27,0.));
#770 = LINE('',#771,#772);
#771 = CARTESIAN_POINT('',(-1.27,-1.016,0.));
#772 = VECTOR('',#773,1.);
#773 = DIRECTION('',(0.707106781187,-0.707106781187,0.));
#774 = ORIENTED_EDGE('',*,*,#775,.T.);
#775 = EDGE_CURVE('',#768,#776,#778,.T.);
#776 = VERTEX_POINT('',#777);
#777 = CARTESIAN_POINT('',(-1.27,-1.524,0.));
#778 = LINE('',#779,#780);
#779 = CARTESIAN_POINT('',(-1.016,-1.27,0.));
#780 = VECTOR('',#781,1.);
#781 = DIRECTION('',(-0.707106781187,-0.707106781187,0.));
#782 = ORIENTED_EDGE('',*,*,#783,.T.);
#783 = EDGE_CURVE('',#776,#784,#786,.T.);
#784 = VERTEX_POINT('',#785);
#785 = CARTESIAN_POINT('',(-1.27,-3.556,0.));
#786 = LINE('',#787,#788);
#787 = CARTESIAN_POINT('',(-1.27,-1.524,0.));
#788 = VECTOR('',#789,1.);
#789 = DIRECTION('',(0.,-1.,0.));
#790 = ORIENTED_EDGE('',*,*,#791,.T.);
#791 = EDGE_CURVE('',#784,#792,#794,.T.);
#792 = VERTEX_POINT('',#793);
#793 = CARTESIAN_POINT('',(-1.016,-3.81,0.));
#794 = LINE('',#795,#796);
#795 = CARTESIAN_POINT('',(-1.27,-3.556,0.));
#796 = VECTOR('',#797,1.);
#797 = DIRECTION('',(0.707106781187,-0.707106781187,0.));
#798 = ORIENTED_EDGE('',*,*,#799,.T.);
#799 = EDGE_CURVE('',#792,#800,#802,.T.);
#800 = VERTEX_POINT('',#801);
#801 = CARTESIAN_POINT('',(-1.27,-4.064,0.));
#802 = LINE('',#803,#804);
#803 = CARTESIAN_POINT('',(-1.016,-3.81,0.));
#804 = VECTOR('',#805,1.);
#805 = DIRECTION('',(-0.707106781187,-0.707106781187,0.));
#806 = ORIENTED_EDGE('',*,*,#807,.T.);
#807 = EDGE_CURVE('',#800,#808,#810,.T.);
#808 = VERTEX_POINT('',#809);
#809 = CARTESIAN_POINT('',(-1.27,-6.096,0.));
#810 = LINE('',#811,#812);
#811 = CARTESIAN_POINT('',(-1.27,-4.064,0.));
#812 = VECTOR('',#813,1.);
#813 = DIRECTION('',(0.,-1.,0.));
#814 = ORIENTED_EDGE('',*,*,#815,.T.);
#815 = EDGE_CURVE('',#808,#816,#818,.T.);
#816 = VERTEX_POINT('',#817);
#817 = CARTESIAN_POINT('',(-1.016,-6.35,0.));
#818 = LINE('',#819,#820);
#819 = CARTESIAN_POINT('',(-1.27,-6.096,0.));
#820 = VECTOR('',#821,1.);
#821 = DIRECTION('',(0.707106781187,-0.707106781187,0.));
#822 = ORIENTED_EDGE('',*,*,#823,.T.);
#823 = EDGE_CURVE('',#816,#824,#826,.T.);
#824 = VERTEX_POINT('',#825);
#825 = CARTESIAN_POINT('',(1.016,-6.35,0.));
#826 = LINE('',#827,#828);
#827 = CARTESIAN_POINT('',(-1.016,-6.35,0.));
#828 = VECTOR('',#829,1.);
#829 = DIRECTION('',(1.,0.,0.));
#830 = ORIENTED_EDGE('',*,*,#831,.T.);
#831 = EDGE_CURVE('',#824,#832,#834,.T.);
#832 = VERTEX_POINT('',#833);
#833 = CARTESIAN_POINT('',(1.27,-6.096,0.));
#834 = LINE('',#835,#836);
#835 = CARTESIAN_POINT('',(1.016,-6.35,0.));
#836 = VECTOR('',#837,1.);
#837 = DIRECTION('',(0.707106781187,0.707106781187,0.));
#838 = ORIENTED_EDGE('',*,*,#839,.T.);
#839 = EDGE_CURVE('',#832,#840,#842,.T.);
#840 = VERTEX_POINT('',#841);
#841 = CARTESIAN_POINT('',(1.27,-4.064,0.));
#842 = LINE('',#843,#844);
#843 = CARTESIAN_POINT('',(1.27,-6.096,0.));
#844 = VECTOR('',#845,1.);
#845 = DIRECTION('',(0.,1.,0.));
#846 = ORIENTED_EDGE('',*,*,#847,.T.);
#847 = EDGE_CURVE('',#840,#848,#850,.T.);
#848 = VERTEX_POINT('',#849);
#849 = CARTESIAN_POINT('',(1.016,-3.81,0.));
#850 = LINE('',#851,#852);
#851 = CARTESIAN_POINT('',(1.27,-4.064,0.));
#852 = VECTOR('',#853,1.);
#853 = DIRECTION('',(-0.707106781187,0.707106781187,0.));
#854 = ORIENTED_EDGE('',*,*,#855,.T.);
#855 = EDGE_CURVE('',#848,#856,#858,.T.);
#856 = VERTEX_POINT('',#857);
#857 = CARTESIAN_POINT('',(1.27,-3.556,0.));
#858 = LINE('',#859,#860);
#859 = CARTESIAN_POINT('',(1.016,-3.81,0.));
#860 = VECTOR('',#861,1.);
#861 = DIRECTION('',(0.707106781187,0.707106781187,0.));
#862 = ORIENTED_EDGE('',*,*,#863,.T.);
#863 = EDGE_CURVE('',#856,#864,#866,.T.);
#864 = VERTEX_POINT('',#865);
#865 = CARTESIAN_POINT('',(1.27,-1.524,0.));
#866 = LINE('',#867,#868);
#867 = CARTESIAN_POINT('',(1.27,-3.556,0.));
#868 = VECTOR('',#869,1.);
#869 = DIRECTION('',(0.,1.,0.));
#870 = ORIENTED_EDGE('',*,*,#871,.T.);
#871 = EDGE_CURVE('',#864,#872,#874,.T.);
#872 = VERTEX_POINT('',#873);
#873 = CARTESIAN_POINT('',(1.016,-1.27,0.));
#874 = LINE('',#875,#876);
#875 = CARTESIAN_POINT('',(1.27,-1.524,0.));
#876 = VECTOR('',#877,1.);
#877 = DIRECTION('',(-0.707106781187,0.707106781187,0.));
#878 = ORIENTED_EDGE('',*,*,#879,.T.);
#879 = EDGE_CURVE('',#872,#880,#882,.T.);
#880 = VERTEX_POINT('',#881);
#881 = CARTESIAN_POINT('',(1.27,-1.016,0.));
#882 = LINE('',#883,#884);
#883 = CARTESIAN_POINT('',(1.016,-1.27,0.));
#884 = VECTOR('',#885,1.);
#885 = DIRECTION('',(0.707106781187,0.707106781187,0.));
#886 = ORIENTED_EDGE('',*,*,#887,.T.);
#887 = EDGE_CURVE('',#880,#888,#890,.T.);
#888 = VERTEX_POINT('',#889);
#889 = CARTESIAN_POINT('',(1.27,1.016,0.));
#890 = LINE('',#891,#892);
#891 = CARTESIAN_POINT('',(1.27,-1.016,0.));
#892 = VECTOR('',#893,1.);
#893 = DIRECTION('',(0.,1.,0.));
#894 = ORIENTED_EDGE('',*,*,#895,.T.);
#895 = EDGE_CURVE('',#888,#704,#896,.T.);
#896 = LINE('',#897,#898);
#897 = CARTESIAN_POINT('',(1.27,1.016,0.));
#898 = VECTOR('',#899,1.);
#899 = DIRECTION('',(-0.707106781187,0.707106781187,0.));
#900 = ORIENTED_EDGE('',*,*,#720,.T.);
#901 = FACE_BOUND('',#902,.F.);
#902 = EDGE_LOOP('',(#903,#913,#921,#929));
#903 = ORIENTED_EDGE('',*,*,#904,.F.);
#904 = EDGE_CURVE('',#905,#907,#909,.T.);
#905 = VERTEX_POINT('',#906);
#906 = CARTESIAN_POINT('',(0.32,-0.32,0.));
#907 = VERTEX_POINT('',#908);
#908 = CARTESIAN_POINT('',(0.32,0.32,0.));
#909 = LINE('',#910,#911);
#910 = CARTESIAN_POINT('',(0.32,-1.43,0.));
#911 = VECTOR('',#912,1.);
#912 = DIRECTION('',(0.,1.,0.));
#913 = ORIENTED_EDGE('',*,*,#914,.T.);
#914 = EDGE_CURVE('',#905,#915,#917,.T.);
#915 = VERTEX_POINT('',#916);
#916 = CARTESIAN_POINT('',(-0.32,-0.32,0.));
#917 = LINE('',#918,#919);
#918 = CARTESIAN_POINT('',(-0.16,-0.32,0.));
#919 = VECTOR('',#920,1.);
#920 = DIRECTION('',(-1.,0.,0.));
#921 = ORIENTED_EDGE('',*,*,#922,.T.);
#922 = EDGE_CURVE('',#915,#923,#925,.T.);
#923 = VERTEX_POINT('',#924);
#924 = CARTESIAN_POINT('',(-0.32,0.32,0.));
#925 = LINE('',#926,#927);
#926 = CARTESIAN_POINT('',(-0.32,-1.43,0.));
#927 = VECTOR('',#928,1.);
#928 = DIRECTION('',(0.,1.,0.));
#929 = ORIENTED_EDGE('',*,*,#930,.F.);
#930 = EDGE_CURVE('',#907,#923,#931,.T.);
#931 = LINE('',#932,#933);
#932 = CARTESIAN_POINT('',(-0.16,0.32,0.));
#933 = VECTOR('',#934,1.);
#934 = DIRECTION('',(-1.,0.,0.));
#935 = FACE_BOUND('',#936,.F.);
#936 = EDGE_LOOP('',(#937,#947,#955,#963));
#937 = ORIENTED_EDGE('',*,*,#938,.T.);
#938 = EDGE_CURVE('',#939,#941,#943,.T.);
#939 = VERTEX_POINT('',#940);
#940 = CARTESIAN_POINT('',(0.32,-2.86,0.));
#941 = VERTEX_POINT('',#942);
#942 = CARTESIAN_POINT('',(-0.32,-2.86,0.));
#943 = LINE('',#944,#945);
#944 = CARTESIAN_POINT('',(-0.16,-2.86,0.));
#945 = VECTOR('',#946,1.);
#946 = DIRECTION('',(-1.,0.,0.));
#947 = ORIENTED_EDGE('',*,*,#948,.T.);
#948 = EDGE_CURVE('',#941,#949,#951,.T.);
#949 = VERTEX_POINT('',#950);
#950 = CARTESIAN_POINT('',(-0.32,-2.22,0.));
#951 = LINE('',#952,#953);
#952 = CARTESIAN_POINT('',(-0.32,-2.7,0.));
#953 = VECTOR('',#954,1.);
#954 = DIRECTION('',(0.,1.,0.));
#955 = ORIENTED_EDGE('',*,*,#956,.F.);
#956 = EDGE_CURVE('',#957,#949,#959,.T.);
#957 = VERTEX_POINT('',#958);
#958 = CARTESIAN_POINT('',(0.32,-2.22,0.));
#959 = LINE('',#960,#961);
#960 = CARTESIAN_POINT('',(-0.16,-2.22,0.));
#961 = VECTOR('',#962,1.);
#962 = DIRECTION('',(-1.,0.,0.));
#963 = ORIENTED_EDGE('',*,*,#964,.F.);
#964 = EDGE_CURVE('',#939,#957,#965,.T.);
#965 = LINE('',#966,#967);
#966 = CARTESIAN_POINT('',(0.32,-2.7,0.));
#967 = VECTOR('',#968,1.);
#968 = DIRECTION('',(0.,1.,0.));
#969 = FACE_BOUND('',#970,.F.);
#970 = EDGE_LOOP('',(#971,#981,#989,#997));
#971 = ORIENTED_EDGE('',*,*,#972,.F.);
#972 = EDGE_CURVE('',#973,#975,#977,.T.);
#973 = VERTEX_POINT('',#974);
#974 = CARTESIAN_POINT('',(0.32,-4.76,0.));
#975 = VERTEX_POINT('',#976);
#976 = CARTESIAN_POINT('',(-0.32,-4.76,0.));
#977 = LINE('',#978,#979);
#978 = CARTESIAN_POINT('',(-0.16,-4.76,0.));
#979 = VECTOR('',#980,1.);
#980 = DIRECTION('',(-1.,0.,0.));
#981 = ORIENTED_EDGE('',*,*,#982,.F.);
#982 = EDGE_CURVE('',#983,#973,#985,.T.);
#983 = VERTEX_POINT('',#984);
#984 = CARTESIAN_POINT('',(0.32,-5.4,0.));
#985 = LINE('',#986,#987);
#986 = CARTESIAN_POINT('',(0.32,-3.97,0.));
#987 = VECTOR('',#988,1.);
#988 = DIRECTION('',(0.,1.,0.));
#989 = ORIENTED_EDGE('',*,*,#990,.T.);
#990 = EDGE_CURVE('',#983,#991,#993,.T.);
#991 = VERTEX_POINT('',#992);
#992 = CARTESIAN_POINT('',(-0.32,-5.4,0.));
#993 = LINE('',#994,#995);
#994 = CARTESIAN_POINT('',(-0.16,-5.4,0.));
#995 = VECTOR('',#996,1.);
#996 = DIRECTION('',(-1.,0.,0.));
#997 = ORIENTED_EDGE('',*,*,#998,.T.);
#998 = EDGE_CURVE('',#991,#975,#999,.T.);
#999 = LINE('',#1000,#1001);
#1000 = CARTESIAN_POINT('',(-0.32,-3.97,0.));
#1001 = VECTOR('',#1002,1.);
#1002 = DIRECTION('',(0.,1.,0.));
#1003 = PLANE('',#1004);
#1004 = AXIS2_PLACEMENT_3D('',#1005,#1006,#1007);
#1005 = CARTESIAN_POINT('',(5.398204781459E-17,-2.54,0.));
#1006 = DIRECTION('',(0.,0.,1.));
#1007 = DIRECTION('',(1.,0.,-0.));
#1008 = ADVANCED_FACE('',(#1009,#1148,#1182,#1216),#1250,.T.);
#1009 = FACE_BOUND('',#1010,.T.);
#1010 = EDGE_LOOP('',(#1011,#1012,#1013,#1021,#1029,#1037,#1045,#1053,
    #1061,#1069,#1077,#1085,#1093,#1101,#1109,#1117,#1125,#1133,#1141,
    #1147));
#1011 = ORIENTED_EDGE('',*,*,#673,.T.);
#1012 = ORIENTED_EDGE('',*,*,#735,.T.);
#1013 = ORIENTED_EDGE('',*,*,#1014,.T.);
#1014 = EDGE_CURVE('',#736,#1015,#1017,.T.);
#1015 = VERTEX_POINT('',#1016);
#1016 = CARTESIAN_POINT('',(-1.016,-1.27,2.54));
#1017 = LINE('',#1018,#1019);
#1018 = CARTESIAN_POINT('',(-1.27,-1.016,2.54));
#1019 = VECTOR('',#1020,1.);
#1020 = DIRECTION('',(0.707106781187,-0.707106781187,0.));
#1021 = ORIENTED_EDGE('',*,*,#1022,.T.);
#1022 = EDGE_CURVE('',#1015,#1023,#1025,.T.);
#1023 = VERTEX_POINT('',#1024);
#1024 = CARTESIAN_POINT('',(-1.27,-1.524,2.54));
#1025 = LINE('',#1026,#1027);
#1026 = CARTESIAN_POINT('',(-1.016,-1.27,2.54));
#1027 = VECTOR('',#1028,1.);
#1028 = DIRECTION('',(-0.707106781187,-0.707106781187,0.));
#1029 = ORIENTED_EDGE('',*,*,#1030,.T.);
#1030 = EDGE_CURVE('',#1023,#1031,#1033,.T.);
#1031 = VERTEX_POINT('',#1032);
#1032 = CARTESIAN_POINT('',(-1.27,-3.556,2.54));
#1033 = LINE('',#1034,#1035);
#1034 = CARTESIAN_POINT('',(-1.27,-1.524,2.54));
#1035 = VECTOR('',#1036,1.);
#1036 = DIRECTION('',(0.,-1.,0.));
#1037 = ORIENTED_EDGE('',*,*,#1038,.T.);
#1038 = EDGE_CURVE('',#1031,#1039,#1041,.T.);
#1039 = VERTEX_POINT('',#1040);
#1040 = CARTESIAN_POINT('',(-1.016,-3.81,2.54));
#1041 = LINE('',#1042,#1043);
#1042 = CARTESIAN_POINT('',(-1.27,-3.556,2.54));
#1043 = VECTOR('',#1044,1.);
#1044 = DIRECTION('',(0.707106781187,-0.707106781187,0.));
#1045 = ORIENTED_EDGE('',*,*,#1046,.T.);
#1046 = EDGE_CURVE('',#1039,#1047,#1049,.T.);
#1047 = VERTEX_POINT('',#1048);
#1048 = CARTESIAN_POINT('',(-1.27,-4.064,2.54));
#1049 = LINE('',#1050,#1051);
#1050 = CARTESIAN_POINT('',(-1.016,-3.81,2.54));
#1051 = VECTOR('',#1052,1.);
#1052 = DIRECTION('',(-0.707106781187,-0.707106781187,0.));
#1053 = ORIENTED_EDGE('',*,*,#1054,.T.);
#1054 = EDGE_CURVE('',#1047,#1055,#1057,.T.);
#1055 = VERTEX_POINT('',#1056);
#1056 = CARTESIAN_POINT('',(-1.27,-6.096,2.54));
#1057 = LINE('',#1058,#1059);
#1058 = CARTESIAN_POINT('',(-1.27,-4.064,2.54));
#1059 = VECTOR('',#1060,1.);
#1060 = DIRECTION('',(0.,-1.,0.));
#1061 = ORIENTED_EDGE('',*,*,#1062,.T.);
#1062 = EDGE_CURVE('',#1055,#1063,#1065,.T.);
#1063 = VERTEX_POINT('',#1064);
#1064 = CARTESIAN_POINT('',(-1.016,-6.35,2.54));
#1065 = LINE('',#1066,#1067);
#1066 = CARTESIAN_POINT('',(-1.27,-6.096,2.54));
#1067 = VECTOR('',#1068,1.);
#1068 = DIRECTION('',(0.707106781187,-0.707106781187,0.));
#1069 = ORIENTED_EDGE('',*,*,#1070,.T.);
#1070 = EDGE_CURVE('',#1063,#1071,#1073,.T.);
#1071 = VERTEX_POINT('',#1072);
#1072 = CARTESIAN_POINT('',(1.016,-6.35,2.54));
#1073 = LINE('',#1074,#1075);
#1074 = CARTESIAN_POINT('',(-1.016,-6.35,2.54));
#1075 = VECTOR('',#1076,1.);
#1076 = DIRECTION('',(1.,0.,0.));
#1077 = ORIENTED_EDGE('',*,*,#1078,.T.);
#1078 = EDGE_CURVE('',#1071,#1079,#1081,.T.);
#1079 = VERTEX_POINT('',#1080);
#1080 = CARTESIAN_POINT('',(1.27,-6.096,2.54));
#1081 = LINE('',#1082,#1083);
#1082 = CARTESIAN_POINT('',(1.016,-6.35,2.54));
#1083 = VECTOR('',#1084,1.);
#1084 = DIRECTION('',(0.707106781187,0.707106781187,0.));
#1085 = ORIENTED_EDGE('',*,*,#1086,.T.);
#1086 = EDGE_CURVE('',#1079,#1087,#1089,.T.);
#1087 = VERTEX_POINT('',#1088);
#1088 = CARTESIAN_POINT('',(1.27,-4.064,2.54));
#1089 = LINE('',#1090,#1091);
#1090 = CARTESIAN_POINT('',(1.27,-6.096,2.54));
#1091 = VECTOR('',#1092,1.);
#1092 = DIRECTION('',(0.,1.,0.));
#1093 = ORIENTED_EDGE('',*,*,#1094,.T.);
#1094 = EDGE_CURVE('',#1087,#1095,#1097,.T.);
#1095 = VERTEX_POINT('',#1096);
#1096 = CARTESIAN_POINT('',(1.016,-3.81,2.54));
#1097 = LINE('',#1098,#1099);
#1098 = CARTESIAN_POINT('',(1.27,-4.064,2.54));
#1099 = VECTOR('',#1100,1.);
#1100 = DIRECTION('',(-0.707106781187,0.707106781187,0.));
#1101 = ORIENTED_EDGE('',*,*,#1102,.T.);
#1102 = EDGE_CURVE('',#1095,#1103,#1105,.T.);
#1103 = VERTEX_POINT('',#1104);
#1104 = CARTESIAN_POINT('',(1.27,-3.556,2.54));
#1105 = LINE('',#1106,#1107);
#1106 = CARTESIAN_POINT('',(1.016,-3.81,2.54));
#1107 = VECTOR('',#1108,1.);
#1108 = DIRECTION('',(0.707106781187,0.707106781187,0.));
#1109 = ORIENTED_EDGE('',*,*,#1110,.T.);
#1110 = EDGE_CURVE('',#1103,#1111,#1113,.T.);
#1111 = VERTEX_POINT('',#1112);
#1112 = CARTESIAN_POINT('',(1.27,-1.524,2.54));
#1113 = LINE('',#1114,#1115);
#1114 = CARTESIAN_POINT('',(1.27,-3.556,2.54));
#1115 = VECTOR('',#1116,1.);
#1116 = DIRECTION('',(0.,1.,0.));
#1117 = ORIENTED_EDGE('',*,*,#1118,.T.);
#1118 = EDGE_CURVE('',#1111,#1119,#1121,.T.);
#1119 = VERTEX_POINT('',#1120);
#1120 = CARTESIAN_POINT('',(1.016,-1.27,2.54));
#1121 = LINE('',#1122,#1123);
#1122 = CARTESIAN_POINT('',(1.27,-1.524,2.54));
#1123 = VECTOR('',#1124,1.);
#1124 = DIRECTION('',(-0.707106781187,0.707106781187,0.));
#1125 = ORIENTED_EDGE('',*,*,#1126,.T.);
#1126 = EDGE_CURVE('',#1119,#1127,#1129,.T.);
#1127 = VERTEX_POINT('',#1128);
#1128 = CARTESIAN_POINT('',(1.27,-1.016,2.54));
#1129 = LINE('',#1130,#1131);
#1130 = CARTESIAN_POINT('',(1.016,-1.27,2.54));
#1131 = VECTOR('',#1132,1.);
#1132 = DIRECTION('',(0.707106781187,0.707106781187,0.));
#1133 = ORIENTED_EDGE('',*,*,#1134,.T.);
#1134 = EDGE_CURVE('',#1127,#1135,#1137,.T.);
#1135 = VERTEX_POINT('',#1136);
#1136 = CARTESIAN_POINT('',(1.27,1.016,2.54));
#1137 = LINE('',#1138,#1139);
#1138 = CARTESIAN_POINT('',(1.27,-1.016,2.54));
#1139 = VECTOR('',#1140,1.);
#1140 = DIRECTION('',(0.,1.,0.));
#1141 = ORIENTED_EDGE('',*,*,#1142,.T.);
#1142 = EDGE_CURVE('',#1135,#706,#1143,.T.);
#1143 = LINE('',#1144,#1145);
#1144 = CARTESIAN_POINT('',(1.27,1.016,2.54));
#1145 = VECTOR('',#1146,1.);
#1146 = DIRECTION('',(-0.707106781187,0.707106781187,0.));
#1147 = ORIENTED_EDGE('',*,*,#713,.T.);
#1148 = FACE_BOUND('',#1149,.T.);
#1149 = EDGE_LOOP('',(#1150,#1160,#1168,#1176));
#1150 = ORIENTED_EDGE('',*,*,#1151,.F.);
#1151 = EDGE_CURVE('',#1152,#1154,#1156,.T.);
#1152 = VERTEX_POINT('',#1153);
#1153 = CARTESIAN_POINT('',(0.32,-0.32,2.54));
#1154 = VERTEX_POINT('',#1155);
#1155 = CARTESIAN_POINT('',(0.32,0.32,2.54));
#1156 = LINE('',#1157,#1158);
#1157 = CARTESIAN_POINT('',(0.32,-1.43,2.54));
#1158 = VECTOR('',#1159,1.);
#1159 = DIRECTION('',(0.,1.,0.));
#1160 = ORIENTED_EDGE('',*,*,#1161,.T.);
#1161 = EDGE_CURVE('',#1152,#1162,#1164,.T.);
#1162 = VERTEX_POINT('',#1163);
#1163 = CARTESIAN_POINT('',(-0.32,-0.32,2.54));
#1164 = LINE('',#1165,#1166);
#1165 = CARTESIAN_POINT('',(-0.16,-0.32,2.54));
#1166 = VECTOR('',#1167,1.);
#1167 = DIRECTION('',(-1.,0.,0.));
#1168 = ORIENTED_EDGE('',*,*,#1169,.T.);
#1169 = EDGE_CURVE('',#1162,#1170,#1172,.T.);
#1170 = VERTEX_POINT('',#1171);
#1171 = CARTESIAN_POINT('',(-0.32,0.32,2.54));
#1172 = LINE('',#1173,#1174);
#1173 = CARTESIAN_POINT('',(-0.32,-1.43,2.54));
#1174 = VECTOR('',#1175,1.);
#1175 = DIRECTION('',(0.,1.,0.));
#1176 = ORIENTED_EDGE('',*,*,#1177,.F.);
#1177 = EDGE_CURVE('',#1154,#1170,#1178,.T.);
#1178 = LINE('',#1179,#1180);
#1179 = CARTESIAN_POINT('',(-0.16,0.32,2.54));
#1180 = VECTOR('',#1181,1.);
#1181 = DIRECTION('',(-1.,0.,0.));
#1182 = FACE_BOUND('',#1183,.T.);
#1183 = EDGE_LOOP('',(#1184,#1194,#1202,#1210));
#1184 = ORIENTED_EDGE('',*,*,#1185,.T.);
#1185 = EDGE_CURVE('',#1186,#1188,#1190,.T.);
#1186 = VERTEX_POINT('',#1187);
#1187 = CARTESIAN_POINT('',(0.32,-2.86,2.54));
#1188 = VERTEX_POINT('',#1189);
#1189 = CARTESIAN_POINT('',(-0.32,-2.86,2.54));
#1190 = LINE('',#1191,#1192);
#1191 = CARTESIAN_POINT('',(-0.16,-2.86,2.54));
#1192 = VECTOR('',#1193,1.);
#1193 = DIRECTION('',(-1.,0.,0.));
#1194 = ORIENTED_EDGE('',*,*,#1195,.T.);
#1195 = EDGE_CURVE('',#1188,#1196,#1198,.T.);
#1196 = VERTEX_POINT('',#1197);
#1197 = CARTESIAN_POINT('',(-0.32,-2.22,2.54));
#1198 = LINE('',#1199,#1200);
#1199 = CARTESIAN_POINT('',(-0.32,-2.7,2.54));
#1200 = VECTOR('',#1201,1.);
#1201 = DIRECTION('',(0.,1.,0.));
#1202 = ORIENTED_EDGE('',*,*,#1203,.F.);
#1203 = EDGE_CURVE('',#1204,#1196,#1206,.T.);
#1204 = VERTEX_POINT('',#1205);
#1205 = CARTESIAN_POINT('',(0.32,-2.22,2.54));
#1206 = LINE('',#1207,#1208);
#1207 = CARTESIAN_POINT('',(-0.16,-2.22,2.54));
#1208 = VECTOR('',#1209,1.);
#1209 = DIRECTION('',(-1.,0.,0.));
#1210 = ORIENTED_EDGE('',*,*,#1211,.F.);
#1211 = EDGE_CURVE('',#1186,#1204,#1212,.T.);
#1212 = LINE('',#1213,#1214);
#1213 = CARTESIAN_POINT('',(0.32,-2.7,2.54));
#1214 = VECTOR('',#1215,1.);
#1215 = DIRECTION('',(0.,1.,0.));
#1216 = FACE_BOUND('',#1217,.T.);
#1217 = EDGE_LOOP('',(#1218,#1228,#1236,#1244));
#1218 = ORIENTED_EDGE('',*,*,#1219,.F.);
#1219 = EDGE_CURVE('',#1220,#1222,#1224,.T.);
#1220 = VERTEX_POINT('',#1221);
#1221 = CARTESIAN_POINT('',(0.32,-4.76,2.54));
#1222 = VERTEX_POINT('',#1223);
#1223 = CARTESIAN_POINT('',(-0.32,-4.76,2.54));
#1224 = LINE('',#1225,#1226);
#1225 = CARTESIAN_POINT('',(-0.16,-4.76,2.54));
#1226 = VECTOR('',#1227,1.);
#1227 = DIRECTION('',(-1.,0.,0.));
#1228 = ORIENTED_EDGE('',*,*,#1229,.F.);
#1229 = EDGE_CURVE('',#1230,#1220,#1232,.T.);
#1230 = VERTEX_POINT('',#1231);
#1231 = CARTESIAN_POINT('',(0.32,-5.4,2.54));
#1232 = LINE('',#1233,#1234);
#1233 = CARTESIAN_POINT('',(0.32,-3.97,2.54));
#1234 = VECTOR('',#1235,1.);
#1235 = DIRECTION('',(0.,1.,0.));
#1236 = ORIENTED_EDGE('',*,*,#1237,.T.);
#1237 = EDGE_CURVE('',#1230,#1238,#1240,.T.);
#1238 = VERTEX_POINT('',#1239);
#1239 = CARTESIAN_POINT('',(-0.32,-5.4,2.54));
#1240 = LINE('',#1241,#1242);
#1241 = CARTESIAN_POINT('',(-0.16,-5.4,2.54));
#1242 = VECTOR('',#1243,1.);
#1243 = DIRECTION('',(-1.,0.,0.));
#1244 = ORIENTED_EDGE('',*,*,#1245,.T.);
#1245 = EDGE_CURVE('',#1238,#1222,#1246,.T.);
#1246 = LINE('',#1247,#1248);
#1247 = CARTESIAN_POINT('',(-0.32,-3.97,2.54));
#1248 = VECTOR('',#1249,1.);
#1249 = DIRECTION('',(0.,1.,0.));
#1250 = PLANE('',#1251);
#1251 = AXIS2_PLACEMENT_3D('',#1252,#1253,#1254);
#1252 = CARTESIAN_POINT('',(5.398204781459E-17,-2.54,2.54));
#1253 = DIRECTION('',(0.,0.,1.));
#1254 = DIRECTION('',(1.,0.,-0.));
#1255 = ADVANCED_FACE('',(#1256),#1267,.F.);
#1256 = FACE_BOUND('',#1257,.F.);
#1257 = EDGE_LOOP('',(#1258,#1264,#1265,#1266));
#1258 = ORIENTED_EDGE('',*,*,#1259,.T.);
#1259 = EDGE_CURVE('',#888,#1135,#1260,.T.);
#1260 = LINE('',#1261,#1262);
#1261 = CARTESIAN_POINT('',(1.27,1.016,0.));
#1262 = VECTOR('',#1263,1.);
#1263 = DIRECTION('',(0.,0.,1.));
#1264 = ORIENTED_EDGE('',*,*,#1142,.T.);
#1265 = ORIENTED_EDGE('',*,*,#703,.F.);
#1266 = ORIENTED_EDGE('',*,*,#895,.F.);
#1267 = PLANE('',#1268);
#1268 = AXIS2_PLACEMENT_3D('',#1269,#1270,#1271);
#1269 = CARTESIAN_POINT('',(1.27,1.016,0.));
#1270 = DIRECTION('',(-0.707106781187,-0.707106781187,0.));
#1271 = DIRECTION('',(-0.707106781187,0.707106781187,0.));
#1272 = ADVANCED_FACE('',(#1273),#1284,.F.);
#1273 = FACE_BOUND('',#1274,.F.);
#1274 = EDGE_LOOP('',(#1275,#1276,#1277,#1283));
#1275 = ORIENTED_EDGE('',*,*,#743,.T.);
#1276 = ORIENTED_EDGE('',*,*,#1014,.T.);
#1277 = ORIENTED_EDGE('',*,*,#1278,.F.);
#1278 = EDGE_CURVE('',#768,#1015,#1279,.T.);
#1279 = LINE('',#1280,#1281);
#1280 = CARTESIAN_POINT('',(-1.016,-1.27,0.));
#1281 = VECTOR('',#1282,1.);
#1282 = DIRECTION('',(0.,0.,1.));
#1283 = ORIENTED_EDGE('',*,*,#767,.F.);
#1284 = PLANE('',#1285);
#1285 = AXIS2_PLACEMENT_3D('',#1286,#1287,#1288);
#1286 = CARTESIAN_POINT('',(-1.27,-1.016,0.));
#1287 = DIRECTION('',(0.707106781187,0.707106781187,0.));
#1288 = DIRECTION('',(0.707106781187,-0.707106781187,0.));
#1289 = ADVANCED_FACE('',(#1290),#1301,.F.);
#1290 = FACE_BOUND('',#1291,.F.);
#1291 = EDGE_LOOP('',(#1292,#1298,#1299,#1300));
#1292 = ORIENTED_EDGE('',*,*,#1293,.T.);
#1293 = EDGE_CURVE('',#880,#1127,#1294,.T.);
#1294 = LINE('',#1295,#1296);
#1295 = CARTESIAN_POINT('',(1.27,-1.016,0.));
#1296 = VECTOR('',#1297,1.);
#1297 = DIRECTION('',(0.,0.,1.));
#1298 = ORIENTED_EDGE('',*,*,#1134,.T.);
#1299 = ORIENTED_EDGE('',*,*,#1259,.F.);
#1300 = ORIENTED_EDGE('',*,*,#887,.F.);
#1301 = PLANE('',#1302);
#1302 = AXIS2_PLACEMENT_3D('',#1303,#1304,#1305);
#1303 = CARTESIAN_POINT('',(1.27,-1.016,0.));
#1304 = DIRECTION('',(-1.,0.,0.));
#1305 = DIRECTION('',(0.,1.,0.));
#1306 = ADVANCED_FACE('',(#1307),#1318,.F.);
#1307 = FACE_BOUND('',#1308,.F.);
#1308 = EDGE_LOOP('',(#1309,#1310,#1311,#1317));
#1309 = ORIENTED_EDGE('',*,*,#1278,.T.);
#1310 = ORIENTED_EDGE('',*,*,#1022,.T.);
#1311 = ORIENTED_EDGE('',*,*,#1312,.F.);
#1312 = EDGE_CURVE('',#776,#1023,#1313,.T.);
#1313 = LINE('',#1314,#1315);
#1314 = CARTESIAN_POINT('',(-1.27,-1.524,0.));
#1315 = VECTOR('',#1316,1.);
#1316 = DIRECTION('',(0.,0.,1.));
#1317 = ORIENTED_EDGE('',*,*,#775,.F.);
#1318 = PLANE('',#1319);
#1319 = AXIS2_PLACEMENT_3D('',#1320,#1321,#1322);
#1320 = CARTESIAN_POINT('',(-1.016,-1.27,0.));
#1321 = DIRECTION('',(0.707106781187,-0.707106781187,0.));
#1322 = DIRECTION('',(-0.707106781187,-0.707106781187,0.));
#1323 = ADVANCED_FACE('',(#1324),#1335,.F.);
#1324 = FACE_BOUND('',#1325,.F.);
#1325 = EDGE_LOOP('',(#1326,#1332,#1333,#1334));
#1326 = ORIENTED_EDGE('',*,*,#1327,.T.);
#1327 = EDGE_CURVE('',#872,#1119,#1328,.T.);
#1328 = LINE('',#1329,#1330);
#1329 = CARTESIAN_POINT('',(1.016,-1.27,0.));
#1330 = VECTOR('',#1331,1.);
#1331 = DIRECTION('',(0.,0.,1.));
#1332 = ORIENTED_EDGE('',*,*,#1126,.T.);
#1333 = ORIENTED_EDGE('',*,*,#1293,.F.);
#1334 = ORIENTED_EDGE('',*,*,#879,.F.);
#1335 = PLANE('',#1336);
#1336 = AXIS2_PLACEMENT_3D('',#1337,#1338,#1339);
#1337 = CARTESIAN_POINT('',(1.016,-1.27,0.));
#1338 = DIRECTION('',(-0.707106781187,0.707106781187,0.));
#1339 = DIRECTION('',(0.707106781187,0.707106781187,0.));
#1340 = ADVANCED_FACE('',(#1341),#1352,.F.);
#1341 = FACE_BOUND('',#1342,.F.);
#1342 = EDGE_LOOP('',(#1343,#1344,#1345,#1351));
#1343 = ORIENTED_EDGE('',*,*,#1312,.T.);
#1344 = ORIENTED_EDGE('',*,*,#1030,.T.);
#1345 = ORIENTED_EDGE('',*,*,#1346,.F.);
#1346 = EDGE_CURVE('',#784,#1031,#1347,.T.);
#1347 = LINE('',#1348,#1349);
#1348 = CARTESIAN_POINT('',(-1.27,-3.556,0.));
#1349 = VECTOR('',#1350,1.);
#1350 = DIRECTION('',(0.,0.,1.));
#1351 = ORIENTED_EDGE('',*,*,#783,.F.);
#1352 = PLANE('',#1353);
#1353 = AXIS2_PLACEMENT_3D('',#1354,#1355,#1356);
#1354 = CARTESIAN_POINT('',(-1.27,-1.524,0.));
#1355 = DIRECTION('',(1.,0.,0.));
#1356 = DIRECTION('',(0.,-1.,0.));
#1357 = ADVANCED_FACE('',(#1358),#1369,.F.);
#1358 = FACE_BOUND('',#1359,.F.);
#1359 = EDGE_LOOP('',(#1360,#1366,#1367,#1368));
#1360 = ORIENTED_EDGE('',*,*,#1361,.T.);
#1361 = EDGE_CURVE('',#864,#1111,#1362,.T.);
#1362 = LINE('',#1363,#1364);
#1363 = CARTESIAN_POINT('',(1.27,-1.524,0.));
#1364 = VECTOR('',#1365,1.);
#1365 = DIRECTION('',(0.,0.,1.));
#1366 = ORIENTED_EDGE('',*,*,#1118,.T.);
#1367 = ORIENTED_EDGE('',*,*,#1327,.F.);
#1368 = ORIENTED_EDGE('',*,*,#871,.F.);
#1369 = PLANE('',#1370);
#1370 = AXIS2_PLACEMENT_3D('',#1371,#1372,#1373);
#1371 = CARTESIAN_POINT('',(1.27,-1.524,0.));
#1372 = DIRECTION('',(-0.707106781187,-0.707106781187,0.));
#1373 = DIRECTION('',(-0.707106781187,0.707106781187,0.));
#1374 = ADVANCED_FACE('',(#1375),#1386,.F.);
#1375 = FACE_BOUND('',#1376,.F.);
#1376 = EDGE_LOOP('',(#1377,#1378,#1379,#1385));
#1377 = ORIENTED_EDGE('',*,*,#1346,.T.);
#1378 = ORIENTED_EDGE('',*,*,#1038,.T.);
#1379 = ORIENTED_EDGE('',*,*,#1380,.F.);
#1380 = EDGE_CURVE('',#792,#1039,#1381,.T.);
#1381 = LINE('',#1382,#1383);
#1382 = CARTESIAN_POINT('',(-1.016,-3.81,0.));
#1383 = VECTOR('',#1384,1.);
#1384 = DIRECTION('',(0.,0.,1.));
#1385 = ORIENTED_EDGE('',*,*,#791,.F.);
#1386 = PLANE('',#1387);
#1387 = AXIS2_PLACEMENT_3D('',#1388,#1389,#1390);
#1388 = CARTESIAN_POINT('',(-1.27,-3.556,0.));
#1389 = DIRECTION('',(0.707106781187,0.707106781187,0.));
#1390 = DIRECTION('',(0.707106781187,-0.707106781187,0.));
#1391 = ADVANCED_FACE('',(#1392),#1403,.F.);
#1392 = FACE_BOUND('',#1393,.F.);
#1393 = EDGE_LOOP('',(#1394,#1400,#1401,#1402));
#1394 = ORIENTED_EDGE('',*,*,#1395,.T.);
#1395 = EDGE_CURVE('',#856,#1103,#1396,.T.);
#1396 = LINE('',#1397,#1398);
#1397 = CARTESIAN_POINT('',(1.27,-3.556,0.));
#1398 = VECTOR('',#1399,1.);
#1399 = DIRECTION('',(0.,0.,1.));
#1400 = ORIENTED_EDGE('',*,*,#1110,.T.);
#1401 = ORIENTED_EDGE('',*,*,#1361,.F.);
#1402 = ORIENTED_EDGE('',*,*,#863,.F.);
#1403 = PLANE('',#1404);
#1404 = AXIS2_PLACEMENT_3D('',#1405,#1406,#1407);
#1405 = CARTESIAN_POINT('',(1.27,-3.556,0.));
#1406 = DIRECTION('',(-1.,0.,0.));
#1407 = DIRECTION('',(0.,1.,0.));
#1408 = ADVANCED_FACE('',(#1409),#1420,.F.);
#1409 = FACE_BOUND('',#1410,.F.);
#1410 = EDGE_LOOP('',(#1411,#1412,#1413,#1419));
#1411 = ORIENTED_EDGE('',*,*,#1380,.T.);
#1412 = ORIENTED_EDGE('',*,*,#1046,.T.);
#1413 = ORIENTED_EDGE('',*,*,#1414,.F.);
#1414 = EDGE_CURVE('',#800,#1047,#1415,.T.);
#1415 = LINE('',#1416,#1417);
#1416 = CARTESIAN_POINT('',(-1.27,-4.064,0.));
#1417 = VECTOR('',#1418,1.);
#1418 = DIRECTION('',(0.,0.,1.));
#1419 = ORIENTED_EDGE('',*,*,#799,.F.);
#1420 = PLANE('',#1421);
#1421 = AXIS2_PLACEMENT_3D('',#1422,#1423,#1424);
#1422 = CARTESIAN_POINT('',(-1.016,-3.81,0.));
#1423 = DIRECTION('',(0.707106781187,-0.707106781187,0.));
#1424 = DIRECTION('',(-0.707106781187,-0.707106781187,0.));
#1425 = ADVANCED_FACE('',(#1426),#1437,.F.);
#1426 = FACE_BOUND('',#1427,.F.);
#1427 = EDGE_LOOP('',(#1428,#1434,#1435,#1436));
#1428 = ORIENTED_EDGE('',*,*,#1429,.T.);
#1429 = EDGE_CURVE('',#848,#1095,#1430,.T.);
#1430 = LINE('',#1431,#1432);
#1431 = CARTESIAN_POINT('',(1.016,-3.81,0.));
#1432 = VECTOR('',#1433,1.);
#1433 = DIRECTION('',(0.,0.,1.));
#1434 = ORIENTED_EDGE('',*,*,#1102,.T.);
#1435 = ORIENTED_EDGE('',*,*,#1395,.F.);
#1436 = ORIENTED_EDGE('',*,*,#855,.F.);
#1437 = PLANE('',#1438);
#1438 = AXIS2_PLACEMENT_3D('',#1439,#1440,#1441);
#1439 = CARTESIAN_POINT('',(1.016,-3.81,0.));
#1440 = DIRECTION('',(-0.707106781187,0.707106781187,0.));
#1441 = DIRECTION('',(0.707106781187,0.707106781187,0.));
#1442 = ADVANCED_FACE('',(#1443),#1454,.F.);
#1443 = FACE_BOUND('',#1444,.F.);
#1444 = EDGE_LOOP('',(#1445,#1446,#1447,#1453));
#1445 = ORIENTED_EDGE('',*,*,#1414,.T.);
#1446 = ORIENTED_EDGE('',*,*,#1054,.T.);
#1447 = ORIENTED_EDGE('',*,*,#1448,.F.);
#1448 = EDGE_CURVE('',#808,#1055,#1449,.T.);
#1449 = LINE('',#1450,#1451);
#1450 = CARTESIAN_POINT('',(-1.27,-6.096,0.));
#1451 = VECTOR('',#1452,1.);
#1452 = DIRECTION('',(0.,0.,1.));
#1453 = ORIENTED_EDGE('',*,*,#807,.F.);
#1454 = PLANE('',#1455);
#1455 = AXIS2_PLACEMENT_3D('',#1456,#1457,#1458);
#1456 = CARTESIAN_POINT('',(-1.27,-4.064,0.));
#1457 = DIRECTION('',(1.,0.,0.));
#1458 = DIRECTION('',(0.,-1.,0.));
#1459 = ADVANCED_FACE('',(#1460),#1471,.F.);
#1460 = FACE_BOUND('',#1461,.F.);
#1461 = EDGE_LOOP('',(#1462,#1468,#1469,#1470));
#1462 = ORIENTED_EDGE('',*,*,#1463,.T.);
#1463 = EDGE_CURVE('',#840,#1087,#1464,.T.);
#1464 = LINE('',#1465,#1466);
#1465 = CARTESIAN_POINT('',(1.27,-4.064,0.));
#1466 = VECTOR('',#1467,1.);
#1467 = DIRECTION('',(0.,0.,1.));
#1468 = ORIENTED_EDGE('',*,*,#1094,.T.);
#1469 = ORIENTED_EDGE('',*,*,#1429,.F.);
#1470 = ORIENTED_EDGE('',*,*,#847,.F.);
#1471 = PLANE('',#1472);
#1472 = AXIS2_PLACEMENT_3D('',#1473,#1474,#1475);
#1473 = CARTESIAN_POINT('',(1.27,-4.064,0.));
#1474 = DIRECTION('',(-0.707106781187,-0.707106781187,0.));
#1475 = DIRECTION('',(-0.707106781187,0.707106781187,0.));
#1476 = ADVANCED_FACE('',(#1477),#1488,.F.);
#1477 = FACE_BOUND('',#1478,.F.);
#1478 = EDGE_LOOP('',(#1479,#1480,#1481,#1487));
#1479 = ORIENTED_EDGE('',*,*,#1448,.T.);
#1480 = ORIENTED_EDGE('',*,*,#1062,.T.);
#1481 = ORIENTED_EDGE('',*,*,#1482,.F.);
#1482 = EDGE_CURVE('',#816,#1063,#1483,.T.);
#1483 = LINE('',#1484,#1485);
#1484 = CARTESIAN_POINT('',(-1.016,-6.35,0.));
#1485 = VECTOR('',#1486,1.);
#1486 = DIRECTION('',(0.,0.,1.));
#1487 = ORIENTED_EDGE('',*,*,#815,.F.);
#1488 = PLANE('',#1489);
#1489 = AXIS2_PLACEMENT_3D('',#1490,#1491,#1492);
#1490 = CARTESIAN_POINT('',(-1.27,-6.096,0.));
#1491 = DIRECTION('',(0.707106781187,0.707106781187,0.));
#1492 = DIRECTION('',(0.707106781187,-0.707106781187,0.));
#1493 = ADVANCED_FACE('',(#1494),#1505,.F.);
#1494 = FACE_BOUND('',#1495,.F.);
#1495 = EDGE_LOOP('',(#1496,#1502,#1503,#1504));
#1496 = ORIENTED_EDGE('',*,*,#1497,.T.);
#1497 = EDGE_CURVE('',#832,#1079,#1498,.T.);
#1498 = LINE('',#1499,#1500);
#1499 = CARTESIAN_POINT('',(1.27,-6.096,0.));
#1500 = VECTOR('',#1501,1.);
#1501 = DIRECTION('',(0.,0.,1.));
#1502 = ORIENTED_EDGE('',*,*,#1086,.T.);
#1503 = ORIENTED_EDGE('',*,*,#1463,.F.);
#1504 = ORIENTED_EDGE('',*,*,#839,.F.);
#1505 = PLANE('',#1506);
#1506 = AXIS2_PLACEMENT_3D('',#1507,#1508,#1509);
#1507 = CARTESIAN_POINT('',(1.27,-6.096,0.));
#1508 = DIRECTION('',(-1.,0.,0.));
#1509 = DIRECTION('',(0.,1.,0.));
#1510 = ADVANCED_FACE('',(#1511),#1522,.F.);
#1511 = FACE_BOUND('',#1512,.F.);
#1512 = EDGE_LOOP('',(#1513,#1514,#1515,#1521));
#1513 = ORIENTED_EDGE('',*,*,#1482,.T.);
#1514 = ORIENTED_EDGE('',*,*,#1070,.T.);
#1515 = ORIENTED_EDGE('',*,*,#1516,.F.);
#1516 = EDGE_CURVE('',#824,#1071,#1517,.T.);
#1517 = LINE('',#1518,#1519);
#1518 = CARTESIAN_POINT('',(1.016,-6.35,0.));
#1519 = VECTOR('',#1520,1.);
#1520 = DIRECTION('',(0.,0.,1.));
#1521 = ORIENTED_EDGE('',*,*,#823,.F.);
#1522 = PLANE('',#1523);
#1523 = AXIS2_PLACEMENT_3D('',#1524,#1525,#1526);
#1524 = CARTESIAN_POINT('',(-1.016,-6.35,0.));
#1525 = DIRECTION('',(0.,1.,0.));
#1526 = DIRECTION('',(1.,0.,0.));
#1527 = ADVANCED_FACE('',(#1528),#1534,.F.);
#1528 = FACE_BOUND('',#1529,.F.);
#1529 = EDGE_LOOP('',(#1530,#1531,#1532,#1533));
#1530 = ORIENTED_EDGE('',*,*,#1516,.T.);
#1531 = ORIENTED_EDGE('',*,*,#1078,.T.);
#1532 = ORIENTED_EDGE('',*,*,#1497,.F.);
#1533 = ORIENTED_EDGE('',*,*,#831,.F.);
#1534 = PLANE('',#1535);
#1535 = AXIS2_PLACEMENT_3D('',#1536,#1537,#1538);
#1536 = CARTESIAN_POINT('',(1.016,-6.35,0.));
#1537 = DIRECTION('',(-0.707106781187,0.707106781187,0.));
#1538 = DIRECTION('',(0.707106781187,0.707106781187,0.));
#1539 = ADVANCED_FACE('',(#1540),#1565,.T.);
#1540 = FACE_BOUND('',#1541,.T.);
#1541 = EDGE_LOOP('',(#1542,#1550,#1558,#1564));
#1542 = ORIENTED_EDGE('',*,*,#1543,.F.);
#1543 = EDGE_CURVE('',#1544,#905,#1546,.T.);
#1544 = VERTEX_POINT('',#1545);
#1545 = CARTESIAN_POINT('',(0.32,-0.32,-2.84));
#1546 = LINE('',#1547,#1548);
#1547 = CARTESIAN_POINT('',(0.32,-0.32,-3.));
#1548 = VECTOR('',#1549,1.);
#1549 = DIRECTION('',(0.,0.,1.));
#1550 = ORIENTED_EDGE('',*,*,#1551,.T.);
#1551 = EDGE_CURVE('',#1544,#1552,#1554,.T.);
#1552 = VERTEX_POINT('',#1553);
#1553 = CARTESIAN_POINT('',(0.32,0.32,-2.84));
#1554 = LINE('',#1555,#1556);
#1555 = CARTESIAN_POINT('',(0.32,-0.32,-2.84));
#1556 = VECTOR('',#1557,1.);
#1557 = DIRECTION('',(0.,1.,0.));
#1558 = ORIENTED_EDGE('',*,*,#1559,.T.);
#1559 = EDGE_CURVE('',#1552,#907,#1560,.T.);
#1560 = LINE('',#1561,#1562);
#1561 = CARTESIAN_POINT('',(0.32,0.32,-3.));
#1562 = VECTOR('',#1563,1.);
#1563 = DIRECTION('',(0.,0.,1.));
#1564 = ORIENTED_EDGE('',*,*,#904,.F.);
#1565 = PLANE('',#1566);
#1566 = AXIS2_PLACEMENT_3D('',#1567,#1568,#1569);
#1567 = CARTESIAN_POINT('',(0.32,-0.32,-3.));
#1568 = DIRECTION('',(1.,0.,0.));
#1569 = DIRECTION('',(0.,0.,1.));
#1570 = ADVANCED_FACE('',(#1571),#1589,.T.);
#1571 = FACE_BOUND('',#1572,.T.);
#1572 = EDGE_LOOP('',(#1573,#1574,#1582,#1588));
#1573 = ORIENTED_EDGE('',*,*,#1559,.F.);
#1574 = ORIENTED_EDGE('',*,*,#1575,.F.);
#1575 = EDGE_CURVE('',#1576,#1552,#1578,.T.);
#1576 = VERTEX_POINT('',#1577);
#1577 = CARTESIAN_POINT('',(-0.32,0.32,-2.84));
#1578 = LINE('',#1579,#1580);
#1579 = CARTESIAN_POINT('',(-0.32,0.32,-2.84));
#1580 = VECTOR('',#1581,1.);
#1581 = DIRECTION('',(1.,0.,0.));
#1582 = ORIENTED_EDGE('',*,*,#1583,.T.);
#1583 = EDGE_CURVE('',#1576,#923,#1584,.T.);
#1584 = LINE('',#1585,#1586);
#1585 = CARTESIAN_POINT('',(-0.32,0.32,-3.));
#1586 = VECTOR('',#1587,1.);
#1587 = DIRECTION('',(0.,0.,1.));
#1588 = ORIENTED_EDGE('',*,*,#930,.F.);
#1589 = PLANE('',#1590);
#1590 = AXIS2_PLACEMENT_3D('',#1591,#1592,#1593);
#1591 = CARTESIAN_POINT('',(-0.32,0.32,-3.));
#1592 = DIRECTION('',(0.,1.,0.));
#1593 = DIRECTION('',(0.,-0.,1.));
#1594 = ADVANCED_FACE('',(#1595),#1613,.F.);
#1595 = FACE_BOUND('',#1596,.F.);
#1596 = EDGE_LOOP('',(#1597,#1605,#1611,#1612));
#1597 = ORIENTED_EDGE('',*,*,#1598,.F.);
#1598 = EDGE_CURVE('',#1599,#915,#1601,.T.);
#1599 = VERTEX_POINT('',#1600);
#1600 = CARTESIAN_POINT('',(-0.32,-0.32,-2.84));
#1601 = LINE('',#1602,#1603);
#1602 = CARTESIAN_POINT('',(-0.32,-0.32,-3.));
#1603 = VECTOR('',#1604,1.);
#1604 = DIRECTION('',(0.,0.,1.));
#1605 = ORIENTED_EDGE('',*,*,#1606,.T.);
#1606 = EDGE_CURVE('',#1599,#1576,#1607,.T.);
#1607 = LINE('',#1608,#1609);
#1608 = CARTESIAN_POINT('',(-0.32,-0.32,-2.84));
#1609 = VECTOR('',#1610,1.);
#1610 = DIRECTION('',(0.,1.,0.));
#1611 = ORIENTED_EDGE('',*,*,#1583,.T.);
#1612 = ORIENTED_EDGE('',*,*,#922,.F.);
#1613 = PLANE('',#1614);
#1614 = AXIS2_PLACEMENT_3D('',#1615,#1616,#1617);
#1615 = CARTESIAN_POINT('',(-0.32,-0.32,-3.));
#1616 = DIRECTION('',(1.,0.,0.));
#1617 = DIRECTION('',(0.,0.,1.));
#1618 = ADVANCED_FACE('',(#1619),#1630,.F.);
#1619 = FACE_BOUND('',#1620,.F.);
#1620 = EDGE_LOOP('',(#1621,#1622,#1628,#1629));
#1621 = ORIENTED_EDGE('',*,*,#1543,.F.);
#1622 = ORIENTED_EDGE('',*,*,#1623,.F.);
#1623 = EDGE_CURVE('',#1599,#1544,#1624,.T.);
#1624 = LINE('',#1625,#1626);
#1625 = CARTESIAN_POINT('',(-0.32,-0.32,-2.84));
#1626 = VECTOR('',#1627,1.);
#1627 = DIRECTION('',(1.,0.,0.));
#1628 = ORIENTED_EDGE('',*,*,#1598,.T.);
#1629 = ORIENTED_EDGE('',*,*,#914,.F.);
#1630 = PLANE('',#1631);
#1631 = AXIS2_PLACEMENT_3D('',#1632,#1633,#1634);
#1632 = CARTESIAN_POINT('',(-0.32,-0.32,-3.));
#1633 = DIRECTION('',(0.,1.,0.));
#1634 = DIRECTION('',(0.,-0.,1.));
#1635 = ADVANCED_FACE('',(#1636),#1661,.F.);
#1636 = FACE_BOUND('',#1637,.F.);
#1637 = EDGE_LOOP('',(#1638,#1646,#1654,#1660));
#1638 = ORIENTED_EDGE('',*,*,#1639,.F.);
#1639 = EDGE_CURVE('',#1640,#939,#1642,.T.);
#1640 = VERTEX_POINT('',#1641);
#1641 = CARTESIAN_POINT('',(0.32,-2.86,-2.84));
#1642 = LINE('',#1643,#1644);
#1643 = CARTESIAN_POINT('',(0.32,-2.86,-3.));
#1644 = VECTOR('',#1645,1.);
#1645 = DIRECTION('',(0.,0.,1.));
#1646 = ORIENTED_EDGE('',*,*,#1647,.F.);
#1647 = EDGE_CURVE('',#1648,#1640,#1650,.T.);
#1648 = VERTEX_POINT('',#1649);
#1649 = CARTESIAN_POINT('',(-0.32,-2.86,-2.84));
#1650 = LINE('',#1651,#1652);
#1651 = CARTESIAN_POINT('',(-0.32,-2.86,-2.84));
#1652 = VECTOR('',#1653,1.);
#1653 = DIRECTION('',(1.,0.,0.));
#1654 = ORIENTED_EDGE('',*,*,#1655,.T.);
#1655 = EDGE_CURVE('',#1648,#941,#1656,.T.);
#1656 = LINE('',#1657,#1658);
#1657 = CARTESIAN_POINT('',(-0.32,-2.86,-3.));
#1658 = VECTOR('',#1659,1.);
#1659 = DIRECTION('',(0.,0.,1.));
#1660 = ORIENTED_EDGE('',*,*,#938,.F.);
#1661 = PLANE('',#1662);
#1662 = AXIS2_PLACEMENT_3D('',#1663,#1664,#1665);
#1663 = CARTESIAN_POINT('',(-0.32,-2.86,-3.));
#1664 = DIRECTION('',(0.,1.,0.));
#1665 = DIRECTION('',(0.,-0.,1.));
#1666 = ADVANCED_FACE('',(#1667),#1685,.T.);
#1667 = FACE_BOUND('',#1668,.T.);
#1668 = EDGE_LOOP('',(#1669,#1670,#1678,#1684));
#1669 = ORIENTED_EDGE('',*,*,#1639,.F.);
#1670 = ORIENTED_EDGE('',*,*,#1671,.T.);
#1671 = EDGE_CURVE('',#1640,#1672,#1674,.T.);
#1672 = VERTEX_POINT('',#1673);
#1673 = CARTESIAN_POINT('',(0.32,-2.22,-2.84));
#1674 = LINE('',#1675,#1676);
#1675 = CARTESIAN_POINT('',(0.32,-2.86,-2.84));
#1676 = VECTOR('',#1677,1.);
#1677 = DIRECTION('',(0.,1.,0.));
#1678 = ORIENTED_EDGE('',*,*,#1679,.T.);
#1679 = EDGE_CURVE('',#1672,#957,#1680,.T.);
#1680 = LINE('',#1681,#1682);
#1681 = CARTESIAN_POINT('',(0.32,-2.22,-3.));
#1682 = VECTOR('',#1683,1.);
#1683 = DIRECTION('',(0.,0.,1.));
#1684 = ORIENTED_EDGE('',*,*,#964,.F.);
#1685 = PLANE('',#1686);
#1686 = AXIS2_PLACEMENT_3D('',#1687,#1688,#1689);
#1687 = CARTESIAN_POINT('',(0.32,-2.86,-3.));
#1688 = DIRECTION('',(1.,0.,0.));
#1689 = DIRECTION('',(0.,0.,1.));
#1690 = ADVANCED_FACE('',(#1691),#1709,.T.);
#1691 = FACE_BOUND('',#1692,.T.);
#1692 = EDGE_LOOP('',(#1693,#1694,#1702,#1708));
#1693 = ORIENTED_EDGE('',*,*,#1679,.F.);
#1694 = ORIENTED_EDGE('',*,*,#1695,.F.);
#1695 = EDGE_CURVE('',#1696,#1672,#1698,.T.);
#1696 = VERTEX_POINT('',#1697);
#1697 = CARTESIAN_POINT('',(-0.32,-2.22,-2.84));
#1698 = LINE('',#1699,#1700);
#1699 = CARTESIAN_POINT('',(-0.32,-2.22,-2.84));
#1700 = VECTOR('',#1701,1.);
#1701 = DIRECTION('',(1.,0.,0.));
#1702 = ORIENTED_EDGE('',*,*,#1703,.T.);
#1703 = EDGE_CURVE('',#1696,#949,#1704,.T.);
#1704 = LINE('',#1705,#1706);
#1705 = CARTESIAN_POINT('',(-0.32,-2.22,-3.));
#1706 = VECTOR('',#1707,1.);
#1707 = DIRECTION('',(0.,0.,1.));
#1708 = ORIENTED_EDGE('',*,*,#956,.F.);
#1709 = PLANE('',#1710);
#1710 = AXIS2_PLACEMENT_3D('',#1711,#1712,#1713);
#1711 = CARTESIAN_POINT('',(-0.32,-2.22,-3.));
#1712 = DIRECTION('',(0.,1.,0.));
#1713 = DIRECTION('',(0.,-0.,1.));
#1714 = ADVANCED_FACE('',(#1715),#1726,.F.);
#1715 = FACE_BOUND('',#1716,.F.);
#1716 = EDGE_LOOP('',(#1717,#1718,#1724,#1725));
#1717 = ORIENTED_EDGE('',*,*,#1655,.F.);
#1718 = ORIENTED_EDGE('',*,*,#1719,.T.);
#1719 = EDGE_CURVE('',#1648,#1696,#1720,.T.);
#1720 = LINE('',#1721,#1722);
#1721 = CARTESIAN_POINT('',(-0.32,-2.86,-2.84));
#1722 = VECTOR('',#1723,1.);
#1723 = DIRECTION('',(0.,1.,0.));
#1724 = ORIENTED_EDGE('',*,*,#1703,.T.);
#1725 = ORIENTED_EDGE('',*,*,#948,.F.);
#1726 = PLANE('',#1727);
#1727 = AXIS2_PLACEMENT_3D('',#1728,#1729,#1730);
#1728 = CARTESIAN_POINT('',(-0.32,-2.86,-3.));
#1729 = DIRECTION('',(1.,0.,0.));
#1730 = DIRECTION('',(0.,0.,1.));
#1731 = ADVANCED_FACE('',(#1732),#1757,.T.);
#1732 = FACE_BOUND('',#1733,.T.);
#1733 = EDGE_LOOP('',(#1734,#1742,#1750,#1756));
#1734 = ORIENTED_EDGE('',*,*,#1735,.F.);
#1735 = EDGE_CURVE('',#1736,#973,#1738,.T.);
#1736 = VERTEX_POINT('',#1737);
#1737 = CARTESIAN_POINT('',(0.32,-4.76,-2.84));
#1738 = LINE('',#1739,#1740);
#1739 = CARTESIAN_POINT('',(0.32,-4.76,-3.));
#1740 = VECTOR('',#1741,1.);
#1741 = DIRECTION('',(0.,0.,1.));
#1742 = ORIENTED_EDGE('',*,*,#1743,.F.);
#1743 = EDGE_CURVE('',#1744,#1736,#1746,.T.);
#1744 = VERTEX_POINT('',#1745);
#1745 = CARTESIAN_POINT('',(-0.32,-4.76,-2.84));
#1746 = LINE('',#1747,#1748);
#1747 = CARTESIAN_POINT('',(-0.32,-4.76,-2.84));
#1748 = VECTOR('',#1749,1.);
#1749 = DIRECTION('',(1.,0.,0.));
#1750 = ORIENTED_EDGE('',*,*,#1751,.T.);
#1751 = EDGE_CURVE('',#1744,#975,#1752,.T.);
#1752 = LINE('',#1753,#1754);
#1753 = CARTESIAN_POINT('',(-0.32,-4.76,-3.));
#1754 = VECTOR('',#1755,1.);
#1755 = DIRECTION('',(0.,0.,1.));
#1756 = ORIENTED_EDGE('',*,*,#972,.F.);
#1757 = PLANE('',#1758);
#1758 = AXIS2_PLACEMENT_3D('',#1759,#1760,#1761);
#1759 = CARTESIAN_POINT('',(-0.32,-4.76,-3.));
#1760 = DIRECTION('',(0.,1.,0.));
#1761 = DIRECTION('',(0.,-0.,1.));
#1762 = ADVANCED_FACE('',(#1763),#1781,.F.);
#1763 = FACE_BOUND('',#1764,.F.);
#1764 = EDGE_LOOP('',(#1765,#1773,#1779,#1780));
#1765 = ORIENTED_EDGE('',*,*,#1766,.F.);
#1766 = EDGE_CURVE('',#1767,#991,#1769,.T.);
#1767 = VERTEX_POINT('',#1768);
#1768 = CARTESIAN_POINT('',(-0.32,-5.4,-2.84));
#1769 = LINE('',#1770,#1771);
#1770 = CARTESIAN_POINT('',(-0.32,-5.4,-3.));
#1771 = VECTOR('',#1772,1.);
#1772 = DIRECTION('',(0.,0.,1.));
#1773 = ORIENTED_EDGE('',*,*,#1774,.T.);
#1774 = EDGE_CURVE('',#1767,#1744,#1775,.T.);
#1775 = LINE('',#1776,#1777);
#1776 = CARTESIAN_POINT('',(-0.32,-5.4,-2.84));
#1777 = VECTOR('',#1778,1.);
#1778 = DIRECTION('',(0.,1.,0.));
#1779 = ORIENTED_EDGE('',*,*,#1751,.T.);
#1780 = ORIENTED_EDGE('',*,*,#998,.F.);
#1781 = PLANE('',#1782);
#1782 = AXIS2_PLACEMENT_3D('',#1783,#1784,#1785);
#1783 = CARTESIAN_POINT('',(-0.32,-5.4,-3.));
#1784 = DIRECTION('',(1.,0.,0.));
#1785 = DIRECTION('',(0.,0.,1.));
#1786 = ADVANCED_FACE('',(#1787),#1805,.F.);
#1787 = FACE_BOUND('',#1788,.F.);
#1788 = EDGE_LOOP('',(#1789,#1797,#1803,#1804));
#1789 = ORIENTED_EDGE('',*,*,#1790,.F.);
#1790 = EDGE_CURVE('',#1791,#983,#1793,.T.);
#1791 = VERTEX_POINT('',#1792);
#1792 = CARTESIAN_POINT('',(0.32,-5.4,-2.84));
#1793 = LINE('',#1794,#1795);
#1794 = CARTESIAN_POINT('',(0.32,-5.4,-3.));
#1795 = VECTOR('',#1796,1.);
#1796 = DIRECTION('',(0.,0.,1.));
#1797 = ORIENTED_EDGE('',*,*,#1798,.F.);
#1798 = EDGE_CURVE('',#1767,#1791,#1799,.T.);
#1799 = LINE('',#1800,#1801);
#1800 = CARTESIAN_POINT('',(-0.32,-5.4,-2.84));
#1801 = VECTOR('',#1802,1.);
#1802 = DIRECTION('',(1.,0.,0.));
#1803 = ORIENTED_EDGE('',*,*,#1766,.T.);
#1804 = ORIENTED_EDGE('',*,*,#990,.F.);
#1805 = PLANE('',#1806);
#1806 = AXIS2_PLACEMENT_3D('',#1807,#1808,#1809);
#1807 = CARTESIAN_POINT('',(-0.32,-5.4,-3.));
#1808 = DIRECTION('',(0.,1.,0.));
#1809 = DIRECTION('',(0.,-0.,1.));
#1810 = ADVANCED_FACE('',(#1811),#1822,.T.);
#1811 = FACE_BOUND('',#1812,.T.);
#1812 = EDGE_LOOP('',(#1813,#1814,#1820,#1821));
#1813 = ORIENTED_EDGE('',*,*,#1790,.F.);
#1814 = ORIENTED_EDGE('',*,*,#1815,.T.);
#1815 = EDGE_CURVE('',#1791,#1736,#1816,.T.);
#1816 = LINE('',#1817,#1818);
#1817 = CARTESIAN_POINT('',(0.32,-5.4,-2.84));
#1818 = VECTOR('',#1819,1.);
#1819 = DIRECTION('',(0.,1.,0.));
#1820 = ORIENTED_EDGE('',*,*,#1735,.T.);
#1821 = ORIENTED_EDGE('',*,*,#982,.F.);
#1822 = PLANE('',#1823);
#1823 = AXIS2_PLACEMENT_3D('',#1824,#1825,#1826);
#1824 = CARTESIAN_POINT('',(0.32,-5.4,-3.));
#1825 = DIRECTION('',(1.,0.,0.));
#1826 = DIRECTION('',(0.,0.,1.));
#1827 = ADVANCED_FACE('',(#1828),#1853,.T.);
#1828 = FACE_BOUND('',#1829,.T.);
#1829 = EDGE_LOOP('',(#1830,#1838,#1839,#1847));
#1830 = ORIENTED_EDGE('',*,*,#1831,.F.);
#1831 = EDGE_CURVE('',#1152,#1832,#1834,.T.);
#1832 = VERTEX_POINT('',#1833);
#1833 = CARTESIAN_POINT('',(0.32,-0.32,8.38));
#1834 = LINE('',#1835,#1836);
#1835 = CARTESIAN_POINT('',(0.32,-0.32,-3.));
#1836 = VECTOR('',#1837,1.);
#1837 = DIRECTION('',(0.,0.,1.));
#1838 = ORIENTED_EDGE('',*,*,#1151,.T.);
#1839 = ORIENTED_EDGE('',*,*,#1840,.T.);
#1840 = EDGE_CURVE('',#1154,#1841,#1843,.T.);
#1841 = VERTEX_POINT('',#1842);
#1842 = CARTESIAN_POINT('',(0.32,0.32,8.38));
#1843 = LINE('',#1844,#1845);
#1844 = CARTESIAN_POINT('',(0.32,0.32,-3.));
#1845 = VECTOR('',#1846,1.);
#1846 = DIRECTION('',(0.,0.,1.));
#1847 = ORIENTED_EDGE('',*,*,#1848,.F.);
#1848 = EDGE_CURVE('',#1832,#1841,#1849,.T.);
#1849 = LINE('',#1850,#1851);
#1850 = CARTESIAN_POINT('',(0.32,-0.32,8.38));
#1851 = VECTOR('',#1852,1.);
#1852 = DIRECTION('',(0.,1.,0.));
#1853 = PLANE('',#1854);
#1854 = AXIS2_PLACEMENT_3D('',#1855,#1856,#1857);
#1855 = CARTESIAN_POINT('',(0.32,-0.32,-3.));
#1856 = DIRECTION('',(1.,0.,0.));
#1857 = DIRECTION('',(0.,0.,1.));
#1858 = ADVANCED_FACE('',(#1859),#1877,.T.);
#1859 = FACE_BOUND('',#1860,.T.);
#1860 = EDGE_LOOP('',(#1861,#1862,#1863,#1871));
#1861 = ORIENTED_EDGE('',*,*,#1840,.F.);
#1862 = ORIENTED_EDGE('',*,*,#1177,.T.);
#1863 = ORIENTED_EDGE('',*,*,#1864,.T.);
#1864 = EDGE_CURVE('',#1170,#1865,#1867,.T.);
#1865 = VERTEX_POINT('',#1866);
#1866 = CARTESIAN_POINT('',(-0.32,0.32,8.38));
#1867 = LINE('',#1868,#1869);
#1868 = CARTESIAN_POINT('',(-0.32,0.32,-3.));
#1869 = VECTOR('',#1870,1.);
#1870 = DIRECTION('',(0.,0.,1.));
#1871 = ORIENTED_EDGE('',*,*,#1872,.T.);
#1872 = EDGE_CURVE('',#1865,#1841,#1873,.T.);
#1873 = LINE('',#1874,#1875);
#1874 = CARTESIAN_POINT('',(-0.32,0.32,8.38));
#1875 = VECTOR('',#1876,1.);
#1876 = DIRECTION('',(1.,0.,0.));
#1877 = PLANE('',#1878);
#1878 = AXIS2_PLACEMENT_3D('',#1879,#1880,#1881);
#1879 = CARTESIAN_POINT('',(-0.32,0.32,-3.));
#1880 = DIRECTION('',(0.,1.,0.));
#1881 = DIRECTION('',(0.,-0.,1.));
#1882 = ADVANCED_FACE('',(#1883),#1901,.F.);
#1883 = FACE_BOUND('',#1884,.F.);
#1884 = EDGE_LOOP('',(#1885,#1893,#1894,#1895));
#1885 = ORIENTED_EDGE('',*,*,#1886,.F.);
#1886 = EDGE_CURVE('',#1162,#1887,#1889,.T.);
#1887 = VERTEX_POINT('',#1888);
#1888 = CARTESIAN_POINT('',(-0.32,-0.32,8.38));
#1889 = LINE('',#1890,#1891);
#1890 = CARTESIAN_POINT('',(-0.32,-0.32,-3.));
#1891 = VECTOR('',#1892,1.);
#1892 = DIRECTION('',(0.,0.,1.));
#1893 = ORIENTED_EDGE('',*,*,#1169,.T.);
#1894 = ORIENTED_EDGE('',*,*,#1864,.T.);
#1895 = ORIENTED_EDGE('',*,*,#1896,.F.);
#1896 = EDGE_CURVE('',#1887,#1865,#1897,.T.);
#1897 = LINE('',#1898,#1899);
#1898 = CARTESIAN_POINT('',(-0.32,-0.32,8.38));
#1899 = VECTOR('',#1900,1.);
#1900 = DIRECTION('',(0.,1.,0.));
#1901 = PLANE('',#1902);
#1902 = AXIS2_PLACEMENT_3D('',#1903,#1904,#1905);
#1903 = CARTESIAN_POINT('',(-0.32,-0.32,-3.));
#1904 = DIRECTION('',(1.,0.,0.));
#1905 = DIRECTION('',(0.,0.,1.));
#1906 = ADVANCED_FACE('',(#1907),#1918,.F.);
#1907 = FACE_BOUND('',#1908,.F.);
#1908 = EDGE_LOOP('',(#1909,#1910,#1911,#1912));
#1909 = ORIENTED_EDGE('',*,*,#1831,.F.);
#1910 = ORIENTED_EDGE('',*,*,#1161,.T.);
#1911 = ORIENTED_EDGE('',*,*,#1886,.T.);
#1912 = ORIENTED_EDGE('',*,*,#1913,.T.);
#1913 = EDGE_CURVE('',#1887,#1832,#1914,.T.);
#1914 = LINE('',#1915,#1916);
#1915 = CARTESIAN_POINT('',(-0.32,-0.32,8.38));
#1916 = VECTOR('',#1917,1.);
#1917 = DIRECTION('',(1.,0.,0.));
#1918 = PLANE('',#1919);
#1919 = AXIS2_PLACEMENT_3D('',#1920,#1921,#1922);
#1920 = CARTESIAN_POINT('',(-0.32,-0.32,-3.));
#1921 = DIRECTION('',(0.,1.,0.));
#1922 = DIRECTION('',(0.,-0.,1.));
#1923 = ADVANCED_FACE('',(#1924),#1949,.F.);
#1924 = FACE_BOUND('',#1925,.F.);
#1925 = EDGE_LOOP('',(#1926,#1934,#1935,#1943));
#1926 = ORIENTED_EDGE('',*,*,#1927,.F.);
#1927 = EDGE_CURVE('',#1186,#1928,#1930,.T.);
#1928 = VERTEX_POINT('',#1929);
#1929 = CARTESIAN_POINT('',(0.32,-2.86,8.38));
#1930 = LINE('',#1931,#1932);
#1931 = CARTESIAN_POINT('',(0.32,-2.86,-3.));
#1932 = VECTOR('',#1933,1.);
#1933 = DIRECTION('',(0.,0.,1.));
#1934 = ORIENTED_EDGE('',*,*,#1185,.T.);
#1935 = ORIENTED_EDGE('',*,*,#1936,.T.);
#1936 = EDGE_CURVE('',#1188,#1937,#1939,.T.);
#1937 = VERTEX_POINT('',#1938);
#1938 = CARTESIAN_POINT('',(-0.32,-2.86,8.38));
#1939 = LINE('',#1940,#1941);
#1940 = CARTESIAN_POINT('',(-0.32,-2.86,-3.));
#1941 = VECTOR('',#1942,1.);
#1942 = DIRECTION('',(0.,0.,1.));
#1943 = ORIENTED_EDGE('',*,*,#1944,.T.);
#1944 = EDGE_CURVE('',#1937,#1928,#1945,.T.);
#1945 = LINE('',#1946,#1947);
#1946 = CARTESIAN_POINT('',(-0.32,-2.86,8.38));
#1947 = VECTOR('',#1948,1.);
#1948 = DIRECTION('',(1.,0.,0.));
#1949 = PLANE('',#1950);
#1950 = AXIS2_PLACEMENT_3D('',#1951,#1952,#1953);
#1951 = CARTESIAN_POINT('',(-0.32,-2.86,-3.));
#1952 = DIRECTION('',(0.,1.,0.));
#1953 = DIRECTION('',(0.,-0.,1.));
#1954 = ADVANCED_FACE('',(#1955),#1973,.T.);
#1955 = FACE_BOUND('',#1956,.T.);
#1956 = EDGE_LOOP('',(#1957,#1958,#1959,#1967));
#1957 = ORIENTED_EDGE('',*,*,#1927,.F.);
#1958 = ORIENTED_EDGE('',*,*,#1211,.T.);
#1959 = ORIENTED_EDGE('',*,*,#1960,.T.);
#1960 = EDGE_CURVE('',#1204,#1961,#1963,.T.);
#1961 = VERTEX_POINT('',#1962);
#1962 = CARTESIAN_POINT('',(0.32,-2.22,8.38));
#1963 = LINE('',#1964,#1965);
#1964 = CARTESIAN_POINT('',(0.32,-2.22,-3.));
#1965 = VECTOR('',#1966,1.);
#1966 = DIRECTION('',(0.,0.,1.));
#1967 = ORIENTED_EDGE('',*,*,#1968,.F.);
#1968 = EDGE_CURVE('',#1928,#1961,#1969,.T.);
#1969 = LINE('',#1970,#1971);
#1970 = CARTESIAN_POINT('',(0.32,-2.86,8.38));
#1971 = VECTOR('',#1972,1.);
#1972 = DIRECTION('',(0.,1.,0.));
#1973 = PLANE('',#1974);
#1974 = AXIS2_PLACEMENT_3D('',#1975,#1976,#1977);
#1975 = CARTESIAN_POINT('',(0.32,-2.86,-3.));
#1976 = DIRECTION('',(1.,0.,0.));
#1977 = DIRECTION('',(0.,0.,1.));
#1978 = ADVANCED_FACE('',(#1979),#1997,.T.);
#1979 = FACE_BOUND('',#1980,.T.);
#1980 = EDGE_LOOP('',(#1981,#1982,#1983,#1991));
#1981 = ORIENTED_EDGE('',*,*,#1960,.F.);
#1982 = ORIENTED_EDGE('',*,*,#1203,.T.);
#1983 = ORIENTED_EDGE('',*,*,#1984,.T.);
#1984 = EDGE_CURVE('',#1196,#1985,#1987,.T.);
#1985 = VERTEX_POINT('',#1986);
#1986 = CARTESIAN_POINT('',(-0.32,-2.22,8.38));
#1987 = LINE('',#1988,#1989);
#1988 = CARTESIAN_POINT('',(-0.32,-2.22,-3.));
#1989 = VECTOR('',#1990,1.);
#1990 = DIRECTION('',(0.,0.,1.));
#1991 = ORIENTED_EDGE('',*,*,#1992,.T.);
#1992 = EDGE_CURVE('',#1985,#1961,#1993,.T.);
#1993 = LINE('',#1994,#1995);
#1994 = CARTESIAN_POINT('',(-0.32,-2.22,8.38));
#1995 = VECTOR('',#1996,1.);
#1996 = DIRECTION('',(1.,0.,0.));
#1997 = PLANE('',#1998);
#1998 = AXIS2_PLACEMENT_3D('',#1999,#2000,#2001);
#1999 = CARTESIAN_POINT('',(-0.32,-2.22,-3.));
#2000 = DIRECTION('',(0.,1.,0.));
#2001 = DIRECTION('',(0.,-0.,1.));
#2002 = ADVANCED_FACE('',(#2003),#2014,.F.);
#2003 = FACE_BOUND('',#2004,.F.);
#2004 = EDGE_LOOP('',(#2005,#2006,#2007,#2008));
#2005 = ORIENTED_EDGE('',*,*,#1936,.F.);
#2006 = ORIENTED_EDGE('',*,*,#1195,.T.);
#2007 = ORIENTED_EDGE('',*,*,#1984,.T.);
#2008 = ORIENTED_EDGE('',*,*,#2009,.F.);
#2009 = EDGE_CURVE('',#1937,#1985,#2010,.T.);
#2010 = LINE('',#2011,#2012);
#2011 = CARTESIAN_POINT('',(-0.32,-2.86,8.38));
#2012 = VECTOR('',#2013,1.);
#2013 = DIRECTION('',(0.,1.,0.));
#2014 = PLANE('',#2015);
#2015 = AXIS2_PLACEMENT_3D('',#2016,#2017,#2018);
#2016 = CARTESIAN_POINT('',(-0.32,-2.86,-3.));
#2017 = DIRECTION('',(1.,0.,0.));
#2018 = DIRECTION('',(0.,0.,1.));
#2019 = ADVANCED_FACE('',(#2020),#2045,.T.);
#2020 = FACE_BOUND('',#2021,.T.);
#2021 = EDGE_LOOP('',(#2022,#2030,#2031,#2039));
#2022 = ORIENTED_EDGE('',*,*,#2023,.F.);
#2023 = EDGE_CURVE('',#1220,#2024,#2026,.T.);
#2024 = VERTEX_POINT('',#2025);
#2025 = CARTESIAN_POINT('',(0.32,-4.76,8.38));
#2026 = LINE('',#2027,#2028);
#2027 = CARTESIAN_POINT('',(0.32,-4.76,-3.));
#2028 = VECTOR('',#2029,1.);
#2029 = DIRECTION('',(0.,0.,1.));
#2030 = ORIENTED_EDGE('',*,*,#1219,.T.);
#2031 = ORIENTED_EDGE('',*,*,#2032,.T.);
#2032 = EDGE_CURVE('',#1222,#2033,#2035,.T.);
#2033 = VERTEX_POINT('',#2034);
#2034 = CARTESIAN_POINT('',(-0.32,-4.76,8.38));
#2035 = LINE('',#2036,#2037);
#2036 = CARTESIAN_POINT('',(-0.32,-4.76,-3.));
#2037 = VECTOR('',#2038,1.);
#2038 = DIRECTION('',(0.,0.,1.));
#2039 = ORIENTED_EDGE('',*,*,#2040,.T.);
#2040 = EDGE_CURVE('',#2033,#2024,#2041,.T.);
#2041 = LINE('',#2042,#2043);
#2042 = CARTESIAN_POINT('',(-0.32,-4.76,8.38));
#2043 = VECTOR('',#2044,1.);
#2044 = DIRECTION('',(1.,0.,0.));
#2045 = PLANE('',#2046);
#2046 = AXIS2_PLACEMENT_3D('',#2047,#2048,#2049);
#2047 = CARTESIAN_POINT('',(-0.32,-4.76,-3.));
#2048 = DIRECTION('',(0.,1.,0.));
#2049 = DIRECTION('',(0.,-0.,1.));
#2050 = ADVANCED_FACE('',(#2051),#2069,.F.);
#2051 = FACE_BOUND('',#2052,.F.);
#2052 = EDGE_LOOP('',(#2053,#2061,#2062,#2063));
#2053 = ORIENTED_EDGE('',*,*,#2054,.F.);
#2054 = EDGE_CURVE('',#1238,#2055,#2057,.T.);
#2055 = VERTEX_POINT('',#2056);
#2056 = CARTESIAN_POINT('',(-0.32,-5.4,8.38));
#2057 = LINE('',#2058,#2059);
#2058 = CARTESIAN_POINT('',(-0.32,-5.4,-3.));
#2059 = VECTOR('',#2060,1.);
#2060 = DIRECTION('',(0.,0.,1.));
#2061 = ORIENTED_EDGE('',*,*,#1245,.T.);
#2062 = ORIENTED_EDGE('',*,*,#2032,.T.);
#2063 = ORIENTED_EDGE('',*,*,#2064,.F.);
#2064 = EDGE_CURVE('',#2055,#2033,#2065,.T.);
#2065 = LINE('',#2066,#2067);
#2066 = CARTESIAN_POINT('',(-0.32,-5.4,8.38));
#2067 = VECTOR('',#2068,1.);
#2068 = DIRECTION('',(0.,1.,0.));
#2069 = PLANE('',#2070);
#2070 = AXIS2_PLACEMENT_3D('',#2071,#2072,#2073);
#2071 = CARTESIAN_POINT('',(-0.32,-5.4,-3.));
#2072 = DIRECTION('',(1.,0.,0.));
#2073 = DIRECTION('',(0.,0.,1.));
#2074 = ADVANCED_FACE('',(#2075),#2093,.F.);
#2075 = FACE_BOUND('',#2076,.F.);
#2076 = EDGE_LOOP('',(#2077,#2085,#2086,#2087));
#2077 = ORIENTED_EDGE('',*,*,#2078,.F.);
#2078 = EDGE_CURVE('',#1230,#2079,#2081,.T.);
#2079 = VERTEX_POINT('',#2080);
#2080 = CARTESIAN_POINT('',(0.32,-5.4,8.38));
#2081 = LINE('',#2082,#2083);
#2082 = CARTESIAN_POINT('',(0.32,-5.4,-3.));
#2083 = VECTOR('',#2084,1.);
#2084 = DIRECTION('',(0.,0.,1.));
#2085 = ORIENTED_EDGE('',*,*,#1237,.T.);
#2086 = ORIENTED_EDGE('',*,*,#2054,.T.);
#2087 = ORIENTED_EDGE('',*,*,#2088,.T.);
#2088 = EDGE_CURVE('',#2055,#2079,#2089,.T.);
#2089 = LINE('',#2090,#2091);
#2090 = CARTESIAN_POINT('',(-0.32,-5.4,8.38));
#2091 = VECTOR('',#2092,1.);
#2092 = DIRECTION('',(1.,0.,0.));
#2093 = PLANE('',#2094);
#2094 = AXIS2_PLACEMENT_3D('',#2095,#2096,#2097);
#2095 = CARTESIAN_POINT('',(-0.32,-5.4,-3.));
#2096 = DIRECTION('',(0.,1.,0.));
#2097 = DIRECTION('',(0.,-0.,1.));
#2098 = ADVANCED_FACE('',(#2099),#2110,.T.);
#2099 = FACE_BOUND('',#2100,.T.);
#2100 = EDGE_LOOP('',(#2101,#2102,#2103,#2104));
#2101 = ORIENTED_EDGE('',*,*,#2078,.F.);
#2102 = ORIENTED_EDGE('',*,*,#1229,.T.);
#2103 = ORIENTED_EDGE('',*,*,#2023,.T.);
#2104 = ORIENTED_EDGE('',*,*,#2105,.F.);
#2105 = EDGE_CURVE('',#2079,#2024,#2106,.T.);
#2106 = LINE('',#2107,#2108);
#2107 = CARTESIAN_POINT('',(0.32,-5.4,8.38));
#2108 = VECTOR('',#2109,1.);
#2109 = DIRECTION('',(0.,1.,0.));
#2110 = PLANE('',#2111);
#2111 = AXIS2_PLACEMENT_3D('',#2112,#2113,#2114);
#2112 = CARTESIAN_POINT('',(0.32,-5.4,-3.));
#2113 = DIRECTION('',(1.,0.,0.));
#2114 = DIRECTION('',(0.,0.,1.));
#2115 = ADVANCED_FACE('',(#2116),#2141,.F.);
#2116 = FACE_BOUND('',#2117,.F.);
#2117 = EDGE_LOOP('',(#2118,#2126,#2127,#2135));
#2118 = ORIENTED_EDGE('',*,*,#2119,.F.);
#2119 = EDGE_CURVE('',#1544,#2120,#2122,.T.);
#2120 = VERTEX_POINT('',#2121);
#2121 = CARTESIAN_POINT('',(0.16,-0.16,-3.));
#2122 = LINE('',#2123,#2124);
#2123 = CARTESIAN_POINT('',(0.16,-0.16,-3.));
#2124 = VECTOR('',#2125,1.);
#2125 = DIRECTION('',(-0.57735026919,0.57735026919,-0.57735026919));
#2126 = ORIENTED_EDGE('',*,*,#1551,.T.);
#2127 = ORIENTED_EDGE('',*,*,#2128,.T.);
#2128 = EDGE_CURVE('',#1552,#2129,#2131,.T.);
#2129 = VERTEX_POINT('',#2130);
#2130 = CARTESIAN_POINT('',(0.16,0.16,-3.));
#2131 = LINE('',#2132,#2133);
#2132 = CARTESIAN_POINT('',(5.333333333333E-02,5.333333333333E-02,
    -3.106666666667));
#2133 = VECTOR('',#2134,1.);
#2134 = DIRECTION('',(-0.57735026919,-0.57735026919,-0.57735026919));
#2135 = ORIENTED_EDGE('',*,*,#2136,.F.);
#2136 = EDGE_CURVE('',#2120,#2129,#2137,.T.);
#2137 = LINE('',#2138,#2139);
#2138 = CARTESIAN_POINT('',(0.16,-0.32,-3.));
#2139 = VECTOR('',#2140,1.);
#2140 = DIRECTION('',(0.,1.,0.));
#2141 = PLANE('',#2142);
#2142 = AXIS2_PLACEMENT_3D('',#2143,#2144,#2145);
#2143 = CARTESIAN_POINT('',(0.24,-0.32,-2.92));
#2144 = DIRECTION('',(-0.707106781187,1.735167508357E-18,0.707106781187)
  );
#2145 = DIRECTION('',(1.226948711654E-18,1.,-1.226948711654E-18));
#2146 = ADVANCED_FACE('',(#2147),#2165,.F.);
#2147 = FACE_BOUND('',#2148,.T.);
#2148 = EDGE_LOOP('',(#2149,#2157,#2158,#2159));
#2149 = ORIENTED_EDGE('',*,*,#2150,.F.);
#2150 = EDGE_CURVE('',#1576,#2151,#2153,.T.);
#2151 = VERTEX_POINT('',#2152);
#2152 = CARTESIAN_POINT('',(-0.16,0.16,-3.));
#2153 = LINE('',#2154,#2155);
#2154 = CARTESIAN_POINT('',(-0.16,0.16,-3.));
#2155 = VECTOR('',#2156,1.);
#2156 = DIRECTION('',(0.57735026919,-0.57735026919,-0.57735026919));
#2157 = ORIENTED_EDGE('',*,*,#1575,.T.);
#2158 = ORIENTED_EDGE('',*,*,#2128,.T.);
#2159 = ORIENTED_EDGE('',*,*,#2160,.F.);
#2160 = EDGE_CURVE('',#2151,#2129,#2161,.T.);
#2161 = LINE('',#2162,#2163);
#2162 = CARTESIAN_POINT('',(-0.32,0.16,-3.));
#2163 = VECTOR('',#2164,1.);
#2164 = DIRECTION('',(1.,0.,0.));
#2165 = PLANE('',#2166);
#2166 = AXIS2_PLACEMENT_3D('',#2167,#2168,#2169);
#2167 = CARTESIAN_POINT('',(-0.32,0.24,-2.92));
#2168 = DIRECTION('',(-1.735167508357E-18,-0.707106781187,0.707106781187
    ));
#2169 = DIRECTION('',(-1.,1.226948711654E-18,-1.226948711654E-18));
#2170 = ADVANCED_FACE('',(#2171),#2189,.T.);
#2171 = FACE_BOUND('',#2172,.T.);
#2172 = EDGE_LOOP('',(#2173,#2181,#2182,#2183));
#2173 = ORIENTED_EDGE('',*,*,#2174,.F.);
#2174 = EDGE_CURVE('',#1599,#2175,#2177,.T.);
#2175 = VERTEX_POINT('',#2176);
#2176 = CARTESIAN_POINT('',(-0.16,-0.16,-3.));
#2177 = LINE('',#2178,#2179);
#2178 = CARTESIAN_POINT('',(-0.266666666667,-0.266666666667,
    -2.893333333333));
#2179 = VECTOR('',#2180,1.);
#2180 = DIRECTION('',(0.57735026919,0.57735026919,-0.57735026919));
#2181 = ORIENTED_EDGE('',*,*,#1606,.T.);
#2182 = ORIENTED_EDGE('',*,*,#2150,.T.);
#2183 = ORIENTED_EDGE('',*,*,#2184,.F.);
#2184 = EDGE_CURVE('',#2175,#2151,#2185,.T.);
#2185 = LINE('',#2186,#2187);
#2186 = CARTESIAN_POINT('',(-0.16,-0.32,-3.));
#2187 = VECTOR('',#2188,1.);
#2188 = DIRECTION('',(0.,1.,0.));
#2189 = PLANE('',#2190);
#2190 = AXIS2_PLACEMENT_3D('',#2191,#2192,#2193);
#2191 = CARTESIAN_POINT('',(-0.24,-0.32,-2.92));
#2192 = DIRECTION('',(-0.707106781187,-1.735167508357E-18,
    -0.707106781187));
#2193 = DIRECTION('',(-1.226948711654E-18,1.,-1.226948711654E-18));
#2194 = ADVANCED_FACE('',(#2195),#2206,.T.);
#2195 = FACE_BOUND('',#2196,.F.);
#2196 = EDGE_LOOP('',(#2197,#2198,#2199,#2200));
#2197 = ORIENTED_EDGE('',*,*,#2174,.F.);
#2198 = ORIENTED_EDGE('',*,*,#1623,.T.);
#2199 = ORIENTED_EDGE('',*,*,#2119,.T.);
#2200 = ORIENTED_EDGE('',*,*,#2201,.F.);
#2201 = EDGE_CURVE('',#2175,#2120,#2202,.T.);
#2202 = LINE('',#2203,#2204);
#2203 = CARTESIAN_POINT('',(-0.32,-0.16,-3.));
#2204 = VECTOR('',#2205,1.);
#2205 = DIRECTION('',(1.,0.,0.));
#2206 = PLANE('',#2207);
#2207 = AXIS2_PLACEMENT_3D('',#2208,#2209,#2210);
#2208 = CARTESIAN_POINT('',(-0.32,-0.24,-2.92));
#2209 = DIRECTION('',(1.735167508357E-18,-0.707106781187,-0.707106781187
    ));
#2210 = DIRECTION('',(-1.,-1.226948711654E-18,-1.226948711654E-18));
#2211 = ADVANCED_FACE('',(#2212),#2237,.T.);
#2212 = FACE_BOUND('',#2213,.F.);
#2213 = EDGE_LOOP('',(#2214,#2222,#2223,#2231));
#2214 = ORIENTED_EDGE('',*,*,#2215,.F.);
#2215 = EDGE_CURVE('',#1648,#2216,#2218,.T.);
#2216 = VERTEX_POINT('',#2217);
#2217 = CARTESIAN_POINT('',(-0.16,-2.7,-3.));
#2218 = LINE('',#2219,#2220);
#2219 = CARTESIAN_POINT('',(-0.266666666667,-2.806666666667,
    -2.893333333333));
#2220 = VECTOR('',#2221,1.);
#2221 = DIRECTION('',(0.57735026919,0.57735026919,-0.57735026919));
#2222 = ORIENTED_EDGE('',*,*,#1647,.T.);
#2223 = ORIENTED_EDGE('',*,*,#2224,.T.);
#2224 = EDGE_CURVE('',#1640,#2225,#2227,.T.);
#2225 = VERTEX_POINT('',#2226);
#2226 = CARTESIAN_POINT('',(0.16,-2.7,-3.));
#2227 = LINE('',#2228,#2229);
#2228 = CARTESIAN_POINT('',(0.16,-2.7,-3.));
#2229 = VECTOR('',#2230,1.);
#2230 = DIRECTION('',(-0.57735026919,0.57735026919,-0.57735026919));
#2231 = ORIENTED_EDGE('',*,*,#2232,.F.);
#2232 = EDGE_CURVE('',#2216,#2225,#2233,.T.);
#2233 = LINE('',#2234,#2235);
#2234 = CARTESIAN_POINT('',(-0.32,-2.7,-3.));
#2235 = VECTOR('',#2236,1.);
#2236 = DIRECTION('',(1.,0.,0.));
#2237 = PLANE('',#2238);
#2238 = AXIS2_PLACEMENT_3D('',#2239,#2240,#2241);
#2239 = CARTESIAN_POINT('',(-0.32,-2.78,-2.92));
#2240 = DIRECTION('',(1.735167508357E-18,-0.707106781187,-0.707106781187
    ));
#2241 = DIRECTION('',(-1.,-1.226948711654E-18,-1.226948711654E-18));
#2242 = ADVANCED_FACE('',(#2243),#2261,.F.);
#2243 = FACE_BOUND('',#2244,.F.);
#2244 = EDGE_LOOP('',(#2245,#2246,#2247,#2255));
#2245 = ORIENTED_EDGE('',*,*,#2224,.F.);
#2246 = ORIENTED_EDGE('',*,*,#1671,.T.);
#2247 = ORIENTED_EDGE('',*,*,#2248,.T.);
#2248 = EDGE_CURVE('',#1672,#2249,#2251,.T.);
#2249 = VERTEX_POINT('',#2250);
#2250 = CARTESIAN_POINT('',(0.16,-2.38,-3.));
#2251 = LINE('',#2252,#2253);
#2252 = CARTESIAN_POINT('',(5.333333333333E-02,-2.486666666667,
    -3.106666666667));
#2253 = VECTOR('',#2254,1.);
#2254 = DIRECTION('',(-0.57735026919,-0.57735026919,-0.57735026919));
#2255 = ORIENTED_EDGE('',*,*,#2256,.F.);
#2256 = EDGE_CURVE('',#2225,#2249,#2257,.T.);
#2257 = LINE('',#2258,#2259);
#2258 = CARTESIAN_POINT('',(0.16,-2.86,-3.));
#2259 = VECTOR('',#2260,1.);
#2260 = DIRECTION('',(0.,1.,0.));
#2261 = PLANE('',#2262);
#2262 = AXIS2_PLACEMENT_3D('',#2263,#2264,#2265);
#2263 = CARTESIAN_POINT('',(0.24,-2.86,-2.92));
#2264 = DIRECTION('',(-0.707106781187,1.735167508357E-18,0.707106781187)
  );
#2265 = DIRECTION('',(1.226948711654E-18,1.,-1.226948711654E-18));
#2266 = ADVANCED_FACE('',(#2267),#2285,.F.);
#2267 = FACE_BOUND('',#2268,.T.);
#2268 = EDGE_LOOP('',(#2269,#2277,#2278,#2279));
#2269 = ORIENTED_EDGE('',*,*,#2270,.F.);
#2270 = EDGE_CURVE('',#1696,#2271,#2273,.T.);
#2271 = VERTEX_POINT('',#2272);
#2272 = CARTESIAN_POINT('',(-0.16,-2.38,-3.));
#2273 = LINE('',#2274,#2275);
#2274 = CARTESIAN_POINT('',(-0.16,-2.38,-3.));
#2275 = VECTOR('',#2276,1.);
#2276 = DIRECTION('',(0.57735026919,-0.57735026919,-0.57735026919));
#2277 = ORIENTED_EDGE('',*,*,#1695,.T.);
#2278 = ORIENTED_EDGE('',*,*,#2248,.T.);
#2279 = ORIENTED_EDGE('',*,*,#2280,.F.);
#2280 = EDGE_CURVE('',#2271,#2249,#2281,.T.);
#2281 = LINE('',#2282,#2283);
#2282 = CARTESIAN_POINT('',(-0.32,-2.38,-3.));
#2283 = VECTOR('',#2284,1.);
#2284 = DIRECTION('',(1.,0.,0.));
#2285 = PLANE('',#2286);
#2286 = AXIS2_PLACEMENT_3D('',#2287,#2288,#2289);
#2287 = CARTESIAN_POINT('',(-0.32,-2.3,-2.92));
#2288 = DIRECTION('',(-1.735167508357E-18,-0.707106781187,0.707106781187
    ));
#2289 = DIRECTION('',(-1.,1.226948711654E-18,-1.226948711654E-18));
#2290 = ADVANCED_FACE('',(#2291),#2302,.T.);
#2291 = FACE_BOUND('',#2292,.T.);
#2292 = EDGE_LOOP('',(#2293,#2294,#2295,#2296));
#2293 = ORIENTED_EDGE('',*,*,#2215,.F.);
#2294 = ORIENTED_EDGE('',*,*,#1719,.T.);
#2295 = ORIENTED_EDGE('',*,*,#2270,.T.);
#2296 = ORIENTED_EDGE('',*,*,#2297,.F.);
#2297 = EDGE_CURVE('',#2216,#2271,#2298,.T.);
#2298 = LINE('',#2299,#2300);
#2299 = CARTESIAN_POINT('',(-0.16,-2.86,-3.));
#2300 = VECTOR('',#2301,1.);
#2301 = DIRECTION('',(0.,1.,0.));
#2302 = PLANE('',#2303);
#2303 = AXIS2_PLACEMENT_3D('',#2304,#2305,#2306);
#2304 = CARTESIAN_POINT('',(-0.24,-2.86,-2.92));
#2305 = DIRECTION('',(-0.707106781187,-1.735167508357E-18,
    -0.707106781187));
#2306 = DIRECTION('',(-1.226948711654E-18,1.,-1.226948711654E-18));
#2307 = ADVANCED_FACE('',(#2308),#2333,.F.);
#2308 = FACE_BOUND('',#2309,.T.);
#2309 = EDGE_LOOP('',(#2310,#2318,#2319,#2327));
#2310 = ORIENTED_EDGE('',*,*,#2311,.F.);
#2311 = EDGE_CURVE('',#1744,#2312,#2314,.T.);
#2312 = VERTEX_POINT('',#2313);
#2313 = CARTESIAN_POINT('',(-0.16,-4.92,-3.));
#2314 = LINE('',#2315,#2316);
#2315 = CARTESIAN_POINT('',(-0.16,-4.92,-3.));
#2316 = VECTOR('',#2317,1.);
#2317 = DIRECTION('',(0.57735026919,-0.57735026919,-0.57735026919));
#2318 = ORIENTED_EDGE('',*,*,#1743,.T.);
#2319 = ORIENTED_EDGE('',*,*,#2320,.T.);
#2320 = EDGE_CURVE('',#1736,#2321,#2323,.T.);
#2321 = VERTEX_POINT('',#2322);
#2322 = CARTESIAN_POINT('',(0.16,-4.92,-3.));
#2323 = LINE('',#2324,#2325);
#2324 = CARTESIAN_POINT('',(5.333333333333E-02,-5.026666666667,
    -3.106666666667));
#2325 = VECTOR('',#2326,1.);
#2326 = DIRECTION('',(-0.57735026919,-0.57735026919,-0.57735026919));
#2327 = ORIENTED_EDGE('',*,*,#2328,.F.);
#2328 = EDGE_CURVE('',#2312,#2321,#2329,.T.);
#2329 = LINE('',#2330,#2331);
#2330 = CARTESIAN_POINT('',(-0.32,-4.92,-3.));
#2331 = VECTOR('',#2332,1.);
#2332 = DIRECTION('',(1.,0.,0.));
#2333 = PLANE('',#2334);
#2334 = AXIS2_PLACEMENT_3D('',#2335,#2336,#2337);
#2335 = CARTESIAN_POINT('',(-0.32,-4.84,-2.92));
#2336 = DIRECTION('',(-1.735167508357E-18,-0.707106781187,0.707106781187
    ));
#2337 = DIRECTION('',(-1.,1.226948711654E-18,-1.226948711654E-18));
#2338 = ADVANCED_FACE('',(#2339),#2357,.T.);
#2339 = FACE_BOUND('',#2340,.T.);
#2340 = EDGE_LOOP('',(#2341,#2349,#2350,#2351));
#2341 = ORIENTED_EDGE('',*,*,#2342,.F.);
#2342 = EDGE_CURVE('',#1767,#2343,#2345,.T.);
#2343 = VERTEX_POINT('',#2344);
#2344 = CARTESIAN_POINT('',(-0.16,-5.24,-3.));
#2345 = LINE('',#2346,#2347);
#2346 = CARTESIAN_POINT('',(-0.266666666667,-5.346666666667,
    -2.893333333333));
#2347 = VECTOR('',#2348,1.);
#2348 = DIRECTION('',(0.57735026919,0.57735026919,-0.57735026919));
#2349 = ORIENTED_EDGE('',*,*,#1774,.T.);
#2350 = ORIENTED_EDGE('',*,*,#2311,.T.);
#2351 = ORIENTED_EDGE('',*,*,#2352,.F.);
#2352 = EDGE_CURVE('',#2343,#2312,#2353,.T.);
#2353 = LINE('',#2354,#2355);
#2354 = CARTESIAN_POINT('',(-0.16,-5.4,-3.));
#2355 = VECTOR('',#2356,1.);
#2356 = DIRECTION('',(0.,1.,0.));
#2357 = PLANE('',#2358);
#2358 = AXIS2_PLACEMENT_3D('',#2359,#2360,#2361);
#2359 = CARTESIAN_POINT('',(-0.24,-5.4,-2.92));
#2360 = DIRECTION('',(-0.707106781187,-1.735167508357E-18,
    -0.707106781187));
#2361 = DIRECTION('',(-1.226948711654E-18,1.,-1.226948711654E-18));
#2362 = ADVANCED_FACE('',(#2363),#2381,.T.);
#2363 = FACE_BOUND('',#2364,.F.);
#2364 = EDGE_LOOP('',(#2365,#2366,#2367,#2375));
#2365 = ORIENTED_EDGE('',*,*,#2342,.F.);
#2366 = ORIENTED_EDGE('',*,*,#1798,.T.);
#2367 = ORIENTED_EDGE('',*,*,#2368,.T.);
#2368 = EDGE_CURVE('',#1791,#2369,#2371,.T.);
#2369 = VERTEX_POINT('',#2370);
#2370 = CARTESIAN_POINT('',(0.16,-5.24,-3.));
#2371 = LINE('',#2372,#2373);
#2372 = CARTESIAN_POINT('',(0.16,-5.24,-3.));
#2373 = VECTOR('',#2374,1.);
#2374 = DIRECTION('',(-0.57735026919,0.57735026919,-0.57735026919));
#2375 = ORIENTED_EDGE('',*,*,#2376,.F.);
#2376 = EDGE_CURVE('',#2343,#2369,#2377,.T.);
#2377 = LINE('',#2378,#2379);
#2378 = CARTESIAN_POINT('',(-0.32,-5.24,-3.));
#2379 = VECTOR('',#2380,1.);
#2380 = DIRECTION('',(1.,0.,0.));
#2381 = PLANE('',#2382);
#2382 = AXIS2_PLACEMENT_3D('',#2383,#2384,#2385);
#2383 = CARTESIAN_POINT('',(-0.32,-5.32,-2.92));
#2384 = DIRECTION('',(1.735167508357E-18,-0.707106781187,-0.707106781187
    ));
#2385 = DIRECTION('',(-1.,-1.226948711654E-18,-1.226948711654E-18));
#2386 = ADVANCED_FACE('',(#2387),#2398,.F.);
#2387 = FACE_BOUND('',#2388,.F.);
#2388 = EDGE_LOOP('',(#2389,#2390,#2391,#2392));
#2389 = ORIENTED_EDGE('',*,*,#2368,.F.);
#2390 = ORIENTED_EDGE('',*,*,#1815,.T.);
#2391 = ORIENTED_EDGE('',*,*,#2320,.T.);
#2392 = ORIENTED_EDGE('',*,*,#2393,.F.);
#2393 = EDGE_CURVE('',#2369,#2321,#2394,.T.);
#2394 = LINE('',#2395,#2396);
#2395 = CARTESIAN_POINT('',(0.16,-5.4,-3.));
#2396 = VECTOR('',#2397,1.);
#2397 = DIRECTION('',(0.,1.,0.));
#2398 = PLANE('',#2399);
#2399 = AXIS2_PLACEMENT_3D('',#2400,#2401,#2402);
#2400 = CARTESIAN_POINT('',(0.24,-5.4,-2.92));
#2401 = DIRECTION('',(-0.707106781187,1.735167508357E-18,0.707106781187)
  );
#2402 = DIRECTION('',(1.226948711654E-18,1.,-1.226948711654E-18));
#2403 = ADVANCED_FACE('',(#2404),#2429,.T.);
#2404 = FACE_BOUND('',#2405,.T.);
#2405 = EDGE_LOOP('',(#2406,#2414,#2415,#2423));
#2406 = ORIENTED_EDGE('',*,*,#2407,.F.);
#2407 = EDGE_CURVE('',#1832,#2408,#2410,.T.);
#2408 = VERTEX_POINT('',#2409);
#2409 = CARTESIAN_POINT('',(0.16,-0.16,8.54));
#2410 = LINE('',#2411,#2412);
#2411 = CARTESIAN_POINT('',(0.16,-0.16,8.54));
#2412 = VECTOR('',#2413,1.);
#2413 = DIRECTION('',(-0.57735026919,0.57735026919,0.57735026919));
#2414 = ORIENTED_EDGE('',*,*,#1848,.T.);
#2415 = ORIENTED_EDGE('',*,*,#2416,.T.);
#2416 = EDGE_CURVE('',#1841,#2417,#2419,.T.);
#2417 = VERTEX_POINT('',#2418);
#2418 = CARTESIAN_POINT('',(0.16,0.16,8.54));
#2419 = LINE('',#2420,#2421);
#2420 = CARTESIAN_POINT('',(5.333333333333E-02,5.333333333333E-02,
    8.646666666667));
#2421 = VECTOR('',#2422,1.);
#2422 = DIRECTION('',(-0.57735026919,-0.57735026919,0.57735026919));
#2423 = ORIENTED_EDGE('',*,*,#2424,.F.);
#2424 = EDGE_CURVE('',#2408,#2417,#2425,.T.);
#2425 = LINE('',#2426,#2427);
#2426 = CARTESIAN_POINT('',(0.16,-0.32,8.54));
#2427 = VECTOR('',#2428,1.);
#2428 = DIRECTION('',(0.,1.,0.));
#2429 = PLANE('',#2430);
#2430 = AXIS2_PLACEMENT_3D('',#2431,#2432,#2433);
#2431 = CARTESIAN_POINT('',(0.24,-0.32,8.46));
#2432 = DIRECTION('',(0.707106781187,-1.735167508357E-18,0.707106781187)
  );
#2433 = DIRECTION('',(1.226948711654E-18,1.,1.226948711654E-18));
#2434 = ADVANCED_FACE('',(#2435),#2453,.T.);
#2435 = FACE_BOUND('',#2436,.F.);
#2436 = EDGE_LOOP('',(#2437,#2445,#2446,#2447));
#2437 = ORIENTED_EDGE('',*,*,#2438,.F.);
#2438 = EDGE_CURVE('',#1865,#2439,#2441,.T.);
#2439 = VERTEX_POINT('',#2440);
#2440 = CARTESIAN_POINT('',(-0.16,0.16,8.54));
#2441 = LINE('',#2442,#2443);
#2442 = CARTESIAN_POINT('',(-0.16,0.16,8.54));
#2443 = VECTOR('',#2444,1.);
#2444 = DIRECTION('',(0.57735026919,-0.57735026919,0.57735026919));
#2445 = ORIENTED_EDGE('',*,*,#1872,.T.);
#2446 = ORIENTED_EDGE('',*,*,#2416,.T.);
#2447 = ORIENTED_EDGE('',*,*,#2448,.F.);
#2448 = EDGE_CURVE('',#2439,#2417,#2449,.T.);
#2449 = LINE('',#2450,#2451);
#2450 = CARTESIAN_POINT('',(-0.32,0.16,8.54));
#2451 = VECTOR('',#2452,1.);
#2452 = DIRECTION('',(1.,0.,0.));
#2453 = PLANE('',#2454);
#2454 = AXIS2_PLACEMENT_3D('',#2455,#2456,#2457);
#2455 = CARTESIAN_POINT('',(-0.32,0.24,8.46));
#2456 = DIRECTION('',(1.735167508357E-18,0.707106781187,0.707106781187)
  );
#2457 = DIRECTION('',(-1.,1.226948711654E-18,1.226948711654E-18));
#2458 = ADVANCED_FACE('',(#2459),#2477,.F.);
#2459 = FACE_BOUND('',#2460,.F.);
#2460 = EDGE_LOOP('',(#2461,#2469,#2470,#2471));
#2461 = ORIENTED_EDGE('',*,*,#2462,.F.);
#2462 = EDGE_CURVE('',#1887,#2463,#2465,.T.);
#2463 = VERTEX_POINT('',#2464);
#2464 = CARTESIAN_POINT('',(-0.16,-0.16,8.54));
#2465 = LINE('',#2466,#2467);
#2466 = CARTESIAN_POINT('',(-0.266666666667,-0.266666666667,
    8.433333333333));
#2467 = VECTOR('',#2468,1.);
#2468 = DIRECTION('',(0.57735026919,0.57735026919,0.57735026919));
#2469 = ORIENTED_EDGE('',*,*,#1896,.T.);
#2470 = ORIENTED_EDGE('',*,*,#2438,.T.);
#2471 = ORIENTED_EDGE('',*,*,#2472,.F.);
#2472 = EDGE_CURVE('',#2463,#2439,#2473,.T.);
#2473 = LINE('',#2474,#2475);
#2474 = CARTESIAN_POINT('',(-0.16,-0.32,8.54));
#2475 = VECTOR('',#2476,1.);
#2476 = DIRECTION('',(0.,1.,0.));
#2477 = PLANE('',#2478);
#2478 = AXIS2_PLACEMENT_3D('',#2479,#2480,#2481);
#2479 = CARTESIAN_POINT('',(-0.24,-0.32,8.46));
#2480 = DIRECTION('',(0.707106781187,1.735167508357E-18,-0.707106781187)
  );
#2481 = DIRECTION('',(-1.226948711654E-18,1.,1.226948711654E-18));
#2482 = ADVANCED_FACE('',(#2483),#2494,.F.);
#2483 = FACE_BOUND('',#2484,.T.);
#2484 = EDGE_LOOP('',(#2485,#2486,#2487,#2488));
#2485 = ORIENTED_EDGE('',*,*,#2462,.F.);
#2486 = ORIENTED_EDGE('',*,*,#1913,.T.);
#2487 = ORIENTED_EDGE('',*,*,#2407,.T.);
#2488 = ORIENTED_EDGE('',*,*,#2489,.F.);
#2489 = EDGE_CURVE('',#2463,#2408,#2490,.T.);
#2490 = LINE('',#2491,#2492);
#2491 = CARTESIAN_POINT('',(-0.32,-0.16,8.54));
#2492 = VECTOR('',#2493,1.);
#2493 = DIRECTION('',(1.,0.,0.));
#2494 = PLANE('',#2495);
#2495 = AXIS2_PLACEMENT_3D('',#2496,#2497,#2498);
#2496 = CARTESIAN_POINT('',(-0.32,-0.24,8.46));
#2497 = DIRECTION('',(-1.735167508357E-18,0.707106781187,-0.707106781187
    ));
#2498 = DIRECTION('',(-1.,-1.226948711654E-18,1.226948711654E-18));
#2499 = ADVANCED_FACE('',(#2500),#2525,.F.);
#2500 = FACE_BOUND('',#2501,.T.);
#2501 = EDGE_LOOP('',(#2502,#2510,#2511,#2519));
#2502 = ORIENTED_EDGE('',*,*,#2503,.F.);
#2503 = EDGE_CURVE('',#1937,#2504,#2506,.T.);
#2504 = VERTEX_POINT('',#2505);
#2505 = CARTESIAN_POINT('',(-0.16,-2.7,8.54));
#2506 = LINE('',#2507,#2508);
#2507 = CARTESIAN_POINT('',(-0.266666666667,-2.806666666667,
    8.433333333333));
#2508 = VECTOR('',#2509,1.);
#2509 = DIRECTION('',(0.57735026919,0.57735026919,0.57735026919));
#2510 = ORIENTED_EDGE('',*,*,#1944,.T.);
#2511 = ORIENTED_EDGE('',*,*,#2512,.T.);
#2512 = EDGE_CURVE('',#1928,#2513,#2515,.T.);
#2513 = VERTEX_POINT('',#2514);
#2514 = CARTESIAN_POINT('',(0.16,-2.7,8.54));
#2515 = LINE('',#2516,#2517);
#2516 = CARTESIAN_POINT('',(0.16,-2.7,8.54));
#2517 = VECTOR('',#2518,1.);
#2518 = DIRECTION('',(-0.57735026919,0.57735026919,0.57735026919));
#2519 = ORIENTED_EDGE('',*,*,#2520,.F.);
#2520 = EDGE_CURVE('',#2504,#2513,#2521,.T.);
#2521 = LINE('',#2522,#2523);
#2522 = CARTESIAN_POINT('',(-0.32,-2.7,8.54));
#2523 = VECTOR('',#2524,1.);
#2524 = DIRECTION('',(1.,0.,0.));
#2525 = PLANE('',#2526);
#2526 = AXIS2_PLACEMENT_3D('',#2527,#2528,#2529);
#2527 = CARTESIAN_POINT('',(-0.32,-2.78,8.46));
#2528 = DIRECTION('',(-1.735167508357E-18,0.707106781187,-0.707106781187
    ));
#2529 = DIRECTION('',(-1.,-1.226948711654E-18,1.226948711654E-18));
#2530 = ADVANCED_FACE('',(#2531),#2549,.T.);
#2531 = FACE_BOUND('',#2532,.T.);
#2532 = EDGE_LOOP('',(#2533,#2534,#2535,#2543));
#2533 = ORIENTED_EDGE('',*,*,#2512,.F.);
#2534 = ORIENTED_EDGE('',*,*,#1968,.T.);
#2535 = ORIENTED_EDGE('',*,*,#2536,.T.);
#2536 = EDGE_CURVE('',#1961,#2537,#2539,.T.);
#2537 = VERTEX_POINT('',#2538);
#2538 = CARTESIAN_POINT('',(0.16,-2.38,8.54));
#2539 = LINE('',#2540,#2541);
#2540 = CARTESIAN_POINT('',(5.333333333333E-02,-2.486666666667,
    8.646666666667));
#2541 = VECTOR('',#2542,1.);
#2542 = DIRECTION('',(-0.57735026919,-0.57735026919,0.57735026919));
#2543 = ORIENTED_EDGE('',*,*,#2544,.F.);
#2544 = EDGE_CURVE('',#2513,#2537,#2545,.T.);
#2545 = LINE('',#2546,#2547);
#2546 = CARTESIAN_POINT('',(0.16,-2.86,8.54));
#2547 = VECTOR('',#2548,1.);
#2548 = DIRECTION('',(0.,1.,0.));
#2549 = PLANE('',#2550);
#2550 = AXIS2_PLACEMENT_3D('',#2551,#2552,#2553);
#2551 = CARTESIAN_POINT('',(0.24,-2.86,8.46));
#2552 = DIRECTION('',(0.707106781187,-1.735167508357E-18,0.707106781187)
  );
#2553 = DIRECTION('',(1.226948711654E-18,1.,1.226948711654E-18));
#2554 = ADVANCED_FACE('',(#2555),#2573,.T.);
#2555 = FACE_BOUND('',#2556,.F.);
#2556 = EDGE_LOOP('',(#2557,#2565,#2566,#2567));
#2557 = ORIENTED_EDGE('',*,*,#2558,.F.);
#2558 = EDGE_CURVE('',#1985,#2559,#2561,.T.);
#2559 = VERTEX_POINT('',#2560);
#2560 = CARTESIAN_POINT('',(-0.16,-2.38,8.54));
#2561 = LINE('',#2562,#2563);
#2562 = CARTESIAN_POINT('',(-0.16,-2.38,8.54));
#2563 = VECTOR('',#2564,1.);
#2564 = DIRECTION('',(0.57735026919,-0.57735026919,0.57735026919));
#2565 = ORIENTED_EDGE('',*,*,#1992,.T.);
#2566 = ORIENTED_EDGE('',*,*,#2536,.T.);
#2567 = ORIENTED_EDGE('',*,*,#2568,.F.);
#2568 = EDGE_CURVE('',#2559,#2537,#2569,.T.);
#2569 = LINE('',#2570,#2571);
#2570 = CARTESIAN_POINT('',(-0.32,-2.38,8.54));
#2571 = VECTOR('',#2572,1.);
#2572 = DIRECTION('',(1.,0.,0.));
#2573 = PLANE('',#2574);
#2574 = AXIS2_PLACEMENT_3D('',#2575,#2576,#2577);
#2575 = CARTESIAN_POINT('',(-0.32,-2.3,8.46));
#2576 = DIRECTION('',(1.735167508357E-18,0.707106781187,0.707106781187)
  );
#2577 = DIRECTION('',(-1.,1.226948711654E-18,1.226948711654E-18));
#2578 = ADVANCED_FACE('',(#2579),#2590,.F.);
#2579 = FACE_BOUND('',#2580,.F.);
#2580 = EDGE_LOOP('',(#2581,#2582,#2583,#2584));
#2581 = ORIENTED_EDGE('',*,*,#2503,.F.);
#2582 = ORIENTED_EDGE('',*,*,#2009,.T.);
#2583 = ORIENTED_EDGE('',*,*,#2558,.T.);
#2584 = ORIENTED_EDGE('',*,*,#2585,.F.);
#2585 = EDGE_CURVE('',#2504,#2559,#2586,.T.);
#2586 = LINE('',#2587,#2588);
#2587 = CARTESIAN_POINT('',(-0.16,-2.86,8.54));
#2588 = VECTOR('',#2589,1.);
#2589 = DIRECTION('',(0.,1.,0.));
#2590 = PLANE('',#2591);
#2591 = AXIS2_PLACEMENT_3D('',#2592,#2593,#2594);
#2592 = CARTESIAN_POINT('',(-0.24,-2.86,8.46));
#2593 = DIRECTION('',(0.707106781187,1.735167508357E-18,-0.707106781187)
  );
#2594 = DIRECTION('',(-1.226948711654E-18,1.,1.226948711654E-18));
#2595 = ADVANCED_FACE('',(#2596),#2621,.T.);
#2596 = FACE_BOUND('',#2597,.F.);
#2597 = EDGE_LOOP('',(#2598,#2606,#2607,#2615));
#2598 = ORIENTED_EDGE('',*,*,#2599,.F.);
#2599 = EDGE_CURVE('',#2033,#2600,#2602,.T.);
#2600 = VERTEX_POINT('',#2601);
#2601 = CARTESIAN_POINT('',(-0.16,-4.92,8.54));
#2602 = LINE('',#2603,#2604);
#2603 = CARTESIAN_POINT('',(-0.16,-4.92,8.54));
#2604 = VECTOR('',#2605,1.);
#2605 = DIRECTION('',(0.57735026919,-0.57735026919,0.57735026919));
#2606 = ORIENTED_EDGE('',*,*,#2040,.T.);
#2607 = ORIENTED_EDGE('',*,*,#2608,.T.);
#2608 = EDGE_CURVE('',#2024,#2609,#2611,.T.);
#2609 = VERTEX_POINT('',#2610);
#2610 = CARTESIAN_POINT('',(0.16,-4.92,8.54));
#2611 = LINE('',#2612,#2613);
#2612 = CARTESIAN_POINT('',(5.333333333333E-02,-5.026666666667,
    8.646666666667));
#2613 = VECTOR('',#2614,1.);
#2614 = DIRECTION('',(-0.57735026919,-0.57735026919,0.57735026919));
#2615 = ORIENTED_EDGE('',*,*,#2616,.F.);
#2616 = EDGE_CURVE('',#2600,#2609,#2617,.T.);
#2617 = LINE('',#2618,#2619);
#2618 = CARTESIAN_POINT('',(-0.32,-4.92,8.54));
#2619 = VECTOR('',#2620,1.);
#2620 = DIRECTION('',(1.,0.,0.));
#2621 = PLANE('',#2622);
#2622 = AXIS2_PLACEMENT_3D('',#2623,#2624,#2625);
#2623 = CARTESIAN_POINT('',(-0.32,-4.84,8.46));
#2624 = DIRECTION('',(1.735167508357E-18,0.707106781187,0.707106781187)
  );
#2625 = DIRECTION('',(-1.,1.226948711654E-18,1.226948711654E-18));
#2626 = ADVANCED_FACE('',(#2627),#2645,.F.);
#2627 = FACE_BOUND('',#2628,.F.);
#2628 = EDGE_LOOP('',(#2629,#2637,#2638,#2639));
#2629 = ORIENTED_EDGE('',*,*,#2630,.F.);
#2630 = EDGE_CURVE('',#2055,#2631,#2633,.T.);
#2631 = VERTEX_POINT('',#2632);
#2632 = CARTESIAN_POINT('',(-0.16,-5.24,8.54));
#2633 = LINE('',#2634,#2635);
#2634 = CARTESIAN_POINT('',(-0.266666666667,-5.346666666667,
    8.433333333333));
#2635 = VECTOR('',#2636,1.);
#2636 = DIRECTION('',(0.57735026919,0.57735026919,0.57735026919));
#2637 = ORIENTED_EDGE('',*,*,#2064,.T.);
#2638 = ORIENTED_EDGE('',*,*,#2599,.T.);
#2639 = ORIENTED_EDGE('',*,*,#2640,.F.);
#2640 = EDGE_CURVE('',#2631,#2600,#2641,.T.);
#2641 = LINE('',#2642,#2643);
#2642 = CARTESIAN_POINT('',(-0.16,-5.4,8.54));
#2643 = VECTOR('',#2644,1.);
#2644 = DIRECTION('',(0.,1.,0.));
#2645 = PLANE('',#2646);
#2646 = AXIS2_PLACEMENT_3D('',#2647,#2648,#2649);
#2647 = CARTESIAN_POINT('',(-0.24,-5.4,8.46));
#2648 = DIRECTION('',(0.707106781187,1.735167508357E-18,-0.707106781187)
  );
#2649 = DIRECTION('',(-1.226948711654E-18,1.,1.226948711654E-18));
#2650 = ADVANCED_FACE('',(#2651),#2669,.F.);
#2651 = FACE_BOUND('',#2652,.T.);
#2652 = EDGE_LOOP('',(#2653,#2654,#2655,#2663));
#2653 = ORIENTED_EDGE('',*,*,#2630,.F.);
#2654 = ORIENTED_EDGE('',*,*,#2088,.T.);
#2655 = ORIENTED_EDGE('',*,*,#2656,.T.);
#2656 = EDGE_CURVE('',#2079,#2657,#2659,.T.);
#2657 = VERTEX_POINT('',#2658);
#2658 = CARTESIAN_POINT('',(0.16,-5.24,8.54));
#2659 = LINE('',#2660,#2661);
#2660 = CARTESIAN_POINT('',(0.16,-5.24,8.54));
#2661 = VECTOR('',#2662,1.);
#2662 = DIRECTION('',(-0.57735026919,0.57735026919,0.57735026919));
#2663 = ORIENTED_EDGE('',*,*,#2664,.F.);
#2664 = EDGE_CURVE('',#2631,#2657,#2665,.T.);
#2665 = LINE('',#2666,#2667);
#2666 = CARTESIAN_POINT('',(-0.32,-5.24,8.54));
#2667 = VECTOR('',#2668,1.);
#2668 = DIRECTION('',(1.,0.,0.));
#2669 = PLANE('',#2670);
#2670 = AXIS2_PLACEMENT_3D('',#2671,#2672,#2673);
#2671 = CARTESIAN_POINT('',(-0.32,-5.32,8.46));
#2672 = DIRECTION('',(-1.735167508357E-18,0.707106781187,-0.707106781187
    ));
#2673 = DIRECTION('',(-1.,-1.226948711654E-18,1.226948711654E-18));
#2674 = ADVANCED_FACE('',(#2675),#2686,.T.);
#2675 = FACE_BOUND('',#2676,.T.);
#2676 = EDGE_LOOP('',(#2677,#2678,#2679,#2680));
#2677 = ORIENTED_EDGE('',*,*,#2656,.F.);
#2678 = ORIENTED_EDGE('',*,*,#2105,.T.);
#2679 = ORIENTED_EDGE('',*,*,#2608,.T.);
#2680 = ORIENTED_EDGE('',*,*,#2681,.F.);
#2681 = EDGE_CURVE('',#2657,#2609,#2682,.T.);
#2682 = LINE('',#2683,#2684);
#2683 = CARTESIAN_POINT('',(0.16,-5.4,8.54));
#2684 = VECTOR('',#2685,1.);
#2685 = DIRECTION('',(0.,1.,0.));
#2686 = PLANE('',#2687);
#2687 = AXIS2_PLACEMENT_3D('',#2688,#2689,#2690);
#2688 = CARTESIAN_POINT('',(0.24,-5.4,8.46));
#2689 = DIRECTION('',(0.707106781187,-1.735167508357E-18,0.707106781187)
  );
#2690 = DIRECTION('',(1.226948711654E-18,1.,1.226948711654E-18));
#2691 = ADVANCED_FACE('',(#2692),#2698,.F.);
#2692 = FACE_BOUND('',#2693,.F.);
#2693 = EDGE_LOOP('',(#2694,#2695,#2696,#2697));
#2694 = ORIENTED_EDGE('',*,*,#2160,.F.);
#2695 = ORIENTED_EDGE('',*,*,#2184,.F.);
#2696 = ORIENTED_EDGE('',*,*,#2201,.T.);
#2697 = ORIENTED_EDGE('',*,*,#2136,.T.);
#2698 = PLANE('',#2699);
#2699 = AXIS2_PLACEMENT_3D('',#2700,#2701,#2702);
#2700 = CARTESIAN_POINT('',(-0.32,-0.32,-3.));
#2701 = DIRECTION('',(0.,0.,1.));
#2702 = DIRECTION('',(1.,0.,-0.));
#2703 = ADVANCED_FACE('',(#2704),#2710,.F.);
#2704 = FACE_BOUND('',#2705,.F.);
#2705 = EDGE_LOOP('',(#2706,#2707,#2708,#2709));
#2706 = ORIENTED_EDGE('',*,*,#2280,.F.);
#2707 = ORIENTED_EDGE('',*,*,#2297,.F.);
#2708 = ORIENTED_EDGE('',*,*,#2232,.T.);
#2709 = ORIENTED_EDGE('',*,*,#2256,.T.);
#2710 = PLANE('',#2711);
#2711 = AXIS2_PLACEMENT_3D('',#2712,#2713,#2714);
#2712 = CARTESIAN_POINT('',(-0.32,-2.86,-3.));
#2713 = DIRECTION('',(0.,0.,1.));
#2714 = DIRECTION('',(1.,0.,-0.));
#2715 = ADVANCED_FACE('',(#2716),#2722,.F.);
#2716 = FACE_BOUND('',#2717,.F.);
#2717 = EDGE_LOOP('',(#2718,#2719,#2720,#2721));
#2718 = ORIENTED_EDGE('',*,*,#2328,.F.);
#2719 = ORIENTED_EDGE('',*,*,#2352,.F.);
#2720 = ORIENTED_EDGE('',*,*,#2376,.T.);
#2721 = ORIENTED_EDGE('',*,*,#2393,.T.);
#2722 = PLANE('',#2723);
#2723 = AXIS2_PLACEMENT_3D('',#2724,#2725,#2726);
#2724 = CARTESIAN_POINT('',(-0.32,-5.4,-3.));
#2725 = DIRECTION('',(0.,0.,1.));
#2726 = DIRECTION('',(1.,0.,-0.));
#2727 = ADVANCED_FACE('',(#2728),#2734,.T.);
#2728 = FACE_BOUND('',#2729,.T.);
#2729 = EDGE_LOOP('',(#2730,#2731,#2732,#2733));
#2730 = ORIENTED_EDGE('',*,*,#2489,.T.);
#2731 = ORIENTED_EDGE('',*,*,#2424,.T.);
#2732 = ORIENTED_EDGE('',*,*,#2448,.F.);
#2733 = ORIENTED_EDGE('',*,*,#2472,.F.);
#2734 = PLANE('',#2735);
#2735 = AXIS2_PLACEMENT_3D('',#2736,#2737,#2738);
#2736 = CARTESIAN_POINT('',(-0.32,-0.32,8.54));
#2737 = DIRECTION('',(0.,0.,1.));
#2738 = DIRECTION('',(1.,0.,-0.));
#2739 = ADVANCED_FACE('',(#2740),#2746,.T.);
#2740 = FACE_BOUND('',#2741,.T.);
#2741 = EDGE_LOOP('',(#2742,#2743,#2744,#2745));
#2742 = ORIENTED_EDGE('',*,*,#2520,.T.);
#2743 = ORIENTED_EDGE('',*,*,#2544,.T.);
#2744 = ORIENTED_EDGE('',*,*,#2568,.F.);
#2745 = ORIENTED_EDGE('',*,*,#2585,.F.);
#2746 = PLANE('',#2747);
#2747 = AXIS2_PLACEMENT_3D('',#2748,#2749,#2750);
#2748 = CARTESIAN_POINT('',(-0.32,-2.86,8.54));
#2749 = DIRECTION('',(0.,0.,1.));
#2750 = DIRECTION('',(1.,0.,-0.));
#2751 = ADVANCED_FACE('',(#2752),#2758,.T.);
#2752 = FACE_BOUND('',#2753,.T.);
#2753 = EDGE_LOOP('',(#2754,#2755,#2756,#2757));
#2754 = ORIENTED_EDGE('',*,*,#2664,.T.);
#2755 = ORIENTED_EDGE('',*,*,#2681,.T.);
#2756 = ORIENTED_EDGE('',*,*,#2616,.F.);
#2757 = ORIENTED_EDGE('',*,*,#2640,.F.);
#2758 = PLANE('',#2759);
#2759 = AXIS2_PLACEMENT_3D('',#2760,#2761,#2762);
#2760 = CARTESIAN_POINT('',(-0.32,-5.4,8.54));
#2761 = DIRECTION('',(0.,0.,1.));
#2762 = DIRECTION('',(1.,0.,-0.));
#2763 = ( GEOMETRIC_REPRESENTATION_CONTEXT(3) 
GLOBAL_UNCERTAINTY_ASSIGNED_CONTEXT((#2767)) 
GLOBAL_UNIT_ASSIGNED_CONTEXT((#2764,#2765,#2766)) REPRESENTATION_CONTEXT
('Context #1','3D Context with UNIT and UNCERTAINTY') );
#2764 = ( LENGTH_UNIT() NAMED_UNIT(*) SI_UNIT(.MILLI.,.METRE.) );
#2765 = ( NAMED_UNIT(*) PLANE_ANGLE_UNIT() SI_UNIT($,.RADIAN.) );
#2766 = ( NAMED_UNIT(*) SI_UNIT($,.STERADIAN.) SOLID_ANGLE_UNIT() );
#2767 = UNCERTAINTY_MEASURE_WITH_UNIT(LENGTH_MEASURE(1.E-07),#2764,
  'distance_accuracy_value','confusion accuracy');
#2768 = CONTEXT_DEPENDENT_SHAPE_REPRESENTATION(#2769,#2771);
#2769 = ( REPRESENTATION_RELATIONSHIP('','',#656,#633) 
REPRESENTATION_RELATIONSHIP_WITH_TRANSFORMATION(#2770) 
SHAPE_REPRESENTATION_RELATIONSHIP() );
#2770 = ITEM_DEFINED_TRANSFORMATION('','',#11,#634);
#2771 = PRODUCT_DEFINITION_SHAPE('Placement','Placement of an item',
  #2772);
#2772 = NEXT_ASSEMBLY_USAGE_OCCURRENCE('3','=>[0:1:1:5]','',#628,#651,$
  );
#2773 = PRODUCT_RELATED_PRODUCT_CATEGORY('part',$,(#653));
#2774 = SHAPE_DEFINITION_REPRESENTATION(#2775,#2781);
#2775 = PRODUCT_DEFINITION_SHAPE('','',#2776);
#2776 = PRODUCT_DEFINITION('design','',#2777,#2780);
#2777 = PRODUCT_DEFINITION_FORMATION('','',#2778);
#2778 = PRODUCT('JST_EH_B2B-EH-A_1x02_P2.50mm_Vertical',
  'JST_EH_B2B-EH-A_1x02_P2.50mm_Vertical','',(#2779));
#2779 = PRODUCT_CONTEXT('',#2,'mechanical');
#2780 = PRODUCT_DEFINITION_CONTEXT('part definition',#2,'design');
#2781 = SHAPE_REPRESENTATION('',(#11,#2782),#2786);
#2782 = AXIS2_PLACEMENT_3D('',#2783,#2784,#2785);
#2783 = CARTESIAN_POINT('',(0.,0.,0.));
#2784 = DIRECTION('',(0.,0.,1.));
#2785 = DIRECTION('',(1.,0.,-0.));
#2786 = ( GEOMETRIC_REPRESENTATION_CONTEXT(3) 
GLOBAL_UNCERTAINTY_ASSIGNED_CONTEXT((#2790)) 
GLOBAL_UNIT_ASSIGNED_CONTEXT((#2787,#2788,#2789)) REPRESENTATION_CONTEXT
('Context #1','3D Context with UNIT and UNCERTAINTY') );
#2787 = ( LENGTH_UNIT() NAMED_UNIT(*) SI_UNIT(.MILLI.,.METRE.) );
#2788 = ( NAMED_UNIT(*) PLANE_ANGLE_UNIT() SI_UNIT($,.RADIAN.) );
#2789 = ( NAMED_UNIT(*) SI_UNIT($,.STERADIAN.) SOLID_ANGLE_UNIT() );
#2790 = UNCERTAINTY_MEASURE_WITH_UNIT(LENGTH_MEASURE(1.E-07),#2787,
  'distance_accuracy_value','confusion accuracy');
#2791 = CONTEXT_DEPENDENT_SHAPE_REPRESENTATION(#2792,#2794);
#2792 = ( REPRESENTATION_RELATIONSHIP('','',#2781,#10) 
REPRESENTATION_RELATIONSHIP_WITH_TRANSFORMATION(#2793) 
SHAPE_REPRESENTATION_RELATIONSHIP() );
#2793 = ITEM_DEFINED_TRANSFORMATION('','',#11,#23);
#2794 = PRODUCT_DEFINITION_SHAPE('Placement','Placement of an item',
  #2795);
#2795 = NEXT_ASSEMBLY_USAGE_OCCURRENCE('6','REF**','',#5,#2776,$);
#2796 = PRODUCT_RELATED_PRODUCT_CATEGORY('part',$,(#2778));
#2797 = SHAPE_DEFINITION_REPRESENTATION(#2798,#2804);
#2798 = PRODUCT_DEFINITION_SHAPE('','',#2799);
#2799 = PRODUCT_DEFINITION('design','',#2800,#2803);
#2800 = PRODUCT_DEFINITION_FORMATION('','',#2801);
#2801 = PRODUCT('JST_B2B_EH_A','JST_B2B_EH_A','',(#2802));
#2802 = PRODUCT_CONTEXT('',#2,'mechanical');
#2803 = PRODUCT_DEFINITION_CONTEXT('part definition',#2,'design');
#2804 = ADVANCED_BREP_SHAPE_REPRESENTATION('',(#11,#2805),#5299);
#2805 = MANIFOLD_SOLID_BREP('',#2806);
#2806 = CLOSED_SHELL('',(#2807,#2943,#2974,#2998,#3056,#3080,#3104,#3128
    ,#3186,#3210,#3234,#3314,#3338,#3402,#3426,#3490,#3514,#3587,#3612,
    #3675,#3699,#3755,#3772,#3835,#3859,#3915,#3932,#4013,#4037,#4198,
    #4215,#4232,#4249,#4261,#4273,#4290,#4307,#4324,#4336,#4353,#4400,
    #4431,#4443,#4460,#4486,#4519,#4566,#4597,#4609,#4626,#4652,#4685,
    #4702,#4719,#4736,#4753,#4770,#4787,#4799,#4830,#4854,#4878,#4895,
    #4926,#4950,#4974,#4991,#5008,#5025,#5037,#5054,#5071,#5083,#5114,
    #5138,#5162,#5179,#5210,#5234,#5258,#5275,#5287));
#2807 = ADVANCED_FACE('',(#2808),#2938,.F.);
#2808 = FACE_BOUND('',#2809,.F.);
#2809 = EDGE_LOOP('',(#2810,#2820,#2828,#2836,#2844,#2852,#2860,#2868,
    #2876,#2884,#2892,#2900,#2908,#2916,#2924,#2932));
#2810 = ORIENTED_EDGE('',*,*,#2811,.F.);
#2811 = EDGE_CURVE('',#2812,#2814,#2816,.T.);
#2812 = VERTEX_POINT('',#2813);
#2813 = CARTESIAN_POINT('',(-2.5,-2.2,0.));
#2814 = VERTEX_POINT('',#2815);
#2815 = CARTESIAN_POINT('',(-0.75,-2.2,0.));
#2816 = LINE('',#2817,#2818);
#2817 = CARTESIAN_POINT('',(-2.5,-2.2,0.));
#2818 = VECTOR('',#2819,1.);
#2819 = DIRECTION('',(1.,0.,0.));
#2820 = ORIENTED_EDGE('',*,*,#2821,.T.);
#2821 = EDGE_CURVE('',#2812,#2822,#2824,.T.);
#2822 = VERTEX_POINT('',#2823);
#2823 = CARTESIAN_POINT('',(-2.5,-2.2,5.2));
#2824 = LINE('',#2825,#2826);
#2825 = CARTESIAN_POINT('',(-2.5,-2.2,0.));
#2826 = VECTOR('',#2827,1.);
#2827 = DIRECTION('',(0.,0.,1.));
#2828 = ORIENTED_EDGE('',*,*,#2829,.T.);
#2829 = EDGE_CURVE('',#2822,#2830,#2832,.T.);
#2830 = VERTEX_POINT('',#2831);
#2831 = CARTESIAN_POINT('',(-1.5,-2.2,5.2));
#2832 = LINE('',#2833,#2834);
#2833 = CARTESIAN_POINT('',(-2.5,-2.2,5.2));
#2834 = VECTOR('',#2835,1.);
#2835 = DIRECTION('',(1.,0.,0.));
#2836 = ORIENTED_EDGE('',*,*,#2837,.T.);
#2837 = EDGE_CURVE('',#2830,#2838,#2840,.T.);
#2838 = VERTEX_POINT('',#2839);
#2839 = CARTESIAN_POINT('',(-1.5,-2.2,1.1));
#2840 = LINE('',#2841,#2842);
#2841 = CARTESIAN_POINT('',(-1.5,-2.2,1.5));
#2842 = VECTOR('',#2843,1.);
#2843 = DIRECTION('',(0.,0.,-1.));
#2844 = ORIENTED_EDGE('',*,*,#2845,.T.);
#2845 = EDGE_CURVE('',#2838,#2846,#2848,.T.);
#2846 = VERTEX_POINT('',#2847);
#2847 = CARTESIAN_POINT('',(4.,-2.2,1.1));
#2848 = LINE('',#2849,#2850);
#2849 = CARTESIAN_POINT('',(-1.5,-2.2,1.1));
#2850 = VECTOR('',#2851,1.);
#2851 = DIRECTION('',(1.,0.,0.));
#2852 = ORIENTED_EDGE('',*,*,#2853,.F.);
#2853 = EDGE_CURVE('',#2854,#2846,#2856,.T.);
#2854 = VERTEX_POINT('',#2855);
#2855 = CARTESIAN_POINT('',(4.,-2.2,5.2));
#2856 = LINE('',#2857,#2858);
#2857 = CARTESIAN_POINT('',(4.,-2.2,6.));
#2858 = VECTOR('',#2859,1.);
#2859 = DIRECTION('',(-0.,-0.,-1.));
#2860 = ORIENTED_EDGE('',*,*,#2861,.T.);
#2861 = EDGE_CURVE('',#2854,#2862,#2864,.T.);
#2862 = VERTEX_POINT('',#2863);
#2863 = CARTESIAN_POINT('',(5.,-2.2,5.2));
#2864 = LINE('',#2865,#2866);
#2865 = CARTESIAN_POINT('',(-2.5,-2.2,5.2));
#2866 = VECTOR('',#2867,1.);
#2867 = DIRECTION('',(1.,0.,0.));
#2868 = ORIENTED_EDGE('',*,*,#2869,.F.);
#2869 = EDGE_CURVE('',#2870,#2862,#2872,.T.);
#2870 = VERTEX_POINT('',#2871);
#2871 = CARTESIAN_POINT('',(5.,-2.2,0.));
#2872 = LINE('',#2873,#2874);
#2873 = CARTESIAN_POINT('',(5.,-2.2,0.));
#2874 = VECTOR('',#2875,1.);
#2875 = DIRECTION('',(0.,0.,1.));
#2876 = ORIENTED_EDGE('',*,*,#2877,.F.);
#2877 = EDGE_CURVE('',#2878,#2870,#2880,.T.);
#2878 = VERTEX_POINT('',#2879);
#2879 = CARTESIAN_POINT('',(3.25,-2.2,0.));
#2880 = LINE('',#2881,#2882);
#2881 = CARTESIAN_POINT('',(-2.5,-2.2,0.));
#2882 = VECTOR('',#2883,1.);
#2883 = DIRECTION('',(1.,0.,0.));
#2884 = ORIENTED_EDGE('',*,*,#2885,.T.);
#2885 = EDGE_CURVE('',#2878,#2886,#2888,.T.);
#2886 = VERTEX_POINT('',#2887);
#2887 = CARTESIAN_POINT('',(3.25,-2.2,0.3));
#2888 = LINE('',#2889,#2890);
#2889 = CARTESIAN_POINT('',(3.25,-2.2,0.));
#2890 = VECTOR('',#2891,1.);
#2891 = DIRECTION('',(0.,0.,1.));
#2892 = ORIENTED_EDGE('',*,*,#2893,.F.);
#2893 = EDGE_CURVE('',#2894,#2886,#2896,.T.);
#2894 = VERTEX_POINT('',#2895);
#2895 = CARTESIAN_POINT('',(1.75,-2.2,0.3));
#2896 = LINE('',#2897,#2898);
#2897 = CARTESIAN_POINT('',(1.75,-2.2,0.3));
#2898 = VECTOR('',#2899,1.);
#2899 = DIRECTION('',(1.,0.,0.));
#2900 = ORIENTED_EDGE('',*,*,#2901,.F.);
#2901 = EDGE_CURVE('',#2902,#2894,#2904,.T.);
#2902 = VERTEX_POINT('',#2903);
#2903 = CARTESIAN_POINT('',(1.75,-2.2,0.));
#2904 = LINE('',#2905,#2906);
#2905 = CARTESIAN_POINT('',(1.75,-2.2,0.));
#2906 = VECTOR('',#2907,1.);
#2907 = DIRECTION('',(0.,0.,1.));
#2908 = ORIENTED_EDGE('',*,*,#2909,.F.);
#2909 = EDGE_CURVE('',#2910,#2902,#2912,.T.);
#2910 = VERTEX_POINT('',#2911);
#2911 = CARTESIAN_POINT('',(0.75,-2.2,0.));
#2912 = LINE('',#2913,#2914);
#2913 = CARTESIAN_POINT('',(-2.5,-2.2,0.));
#2914 = VECTOR('',#2915,1.);
#2915 = DIRECTION('',(1.,0.,0.));
#2916 = ORIENTED_EDGE('',*,*,#2917,.T.);
#2917 = EDGE_CURVE('',#2910,#2918,#2920,.T.);
#2918 = VERTEX_POINT('',#2919);
#2919 = CARTESIAN_POINT('',(0.75,-2.2,0.3));
#2920 = LINE('',#2921,#2922);
#2921 = CARTESIAN_POINT('',(0.75,-2.2,0.));
#2922 = VECTOR('',#2923,1.);
#2923 = DIRECTION('',(0.,0.,1.));
#2924 = ORIENTED_EDGE('',*,*,#2925,.F.);
#2925 = EDGE_CURVE('',#2926,#2918,#2928,.T.);
#2926 = VERTEX_POINT('',#2927);
#2927 = CARTESIAN_POINT('',(-0.75,-2.2,0.3));
#2928 = LINE('',#2929,#2930);
#2929 = CARTESIAN_POINT('',(-0.75,-2.2,0.3));
#2930 = VECTOR('',#2931,1.);
#2931 = DIRECTION('',(1.,0.,0.));
#2932 = ORIENTED_EDGE('',*,*,#2933,.F.);
#2933 = EDGE_CURVE('',#2814,#2926,#2934,.T.);
#2934 = LINE('',#2935,#2936);
#2935 = CARTESIAN_POINT('',(-0.75,-2.2,0.));
#2936 = VECTOR('',#2937,1.);
#2937 = DIRECTION('',(0.,0.,1.));
#2938 = PLANE('',#2939);
#2939 = AXIS2_PLACEMENT_3D('',#2940,#2941,#2942);
#2940 = CARTESIAN_POINT('',(-2.5,-2.2,0.));
#2941 = DIRECTION('',(0.,1.,0.));
#2942 = DIRECTION('',(1.,0.,0.));
#2943 = ADVANCED_FACE('',(#2944),#2969,.F.);
#2944 = FACE_BOUND('',#2945,.F.);
#2945 = EDGE_LOOP('',(#2946,#2954,#2955,#2963));
#2946 = ORIENTED_EDGE('',*,*,#2947,.T.);
#2947 = EDGE_CURVE('',#2948,#2812,#2950,.T.);
#2948 = VERTEX_POINT('',#2949);
#2949 = CARTESIAN_POINT('',(-2.5,1.6,0.));
#2950 = LINE('',#2951,#2952);
#2951 = CARTESIAN_POINT('',(-2.5,1.6,0.));
#2952 = VECTOR('',#2953,1.);
#2953 = DIRECTION('',(0.,-1.,0.));
#2954 = ORIENTED_EDGE('',*,*,#2811,.T.);
#2955 = ORIENTED_EDGE('',*,*,#2956,.F.);
#2956 = EDGE_CURVE('',#2957,#2814,#2959,.T.);
#2957 = VERTEX_POINT('',#2958);
#2958 = CARTESIAN_POINT('',(-0.75,1.6,0.));
#2959 = LINE('',#2960,#2961);
#2960 = CARTESIAN_POINT('',(-0.75,1.6,0.));
#2961 = VECTOR('',#2962,1.);
#2962 = DIRECTION('',(0.,-1.,0.));
#2963 = ORIENTED_EDGE('',*,*,#2964,.T.);
#2964 = EDGE_CURVE('',#2957,#2948,#2965,.T.);
#2965 = LINE('',#2966,#2967);
#2966 = CARTESIAN_POINT('',(5.,1.6,0.));
#2967 = VECTOR('',#2968,1.);
#2968 = DIRECTION('',(-1.,0.,0.));
#2969 = PLANE('',#2970);
#2970 = AXIS2_PLACEMENT_3D('',#2971,#2972,#2973);
#2971 = CARTESIAN_POINT('',(1.25,-0.3,0.));
#2972 = DIRECTION('',(0.,0.,1.));
#2973 = DIRECTION('',(1.,0.,-0.));
#2974 = ADVANCED_FACE('',(#2975),#2993,.F.);
#2975 = FACE_BOUND('',#2976,.F.);
#2976 = EDGE_LOOP('',(#2977,#2978,#2986,#2992));
#2977 = ORIENTED_EDGE('',*,*,#2933,.T.);
#2978 = ORIENTED_EDGE('',*,*,#2979,.T.);
#2979 = EDGE_CURVE('',#2926,#2980,#2982,.T.);
#2980 = VERTEX_POINT('',#2981);
#2981 = CARTESIAN_POINT('',(-0.75,1.6,0.3));
#2982 = LINE('',#2983,#2984);
#2983 = CARTESIAN_POINT('',(-0.75,-2.2,0.3));
#2984 = VECTOR('',#2985,1.);
#2985 = DIRECTION('',(0.,1.,0.));
#2986 = ORIENTED_EDGE('',*,*,#2987,.T.);
#2987 = EDGE_CURVE('',#2980,#2957,#2988,.T.);
#2988 = LINE('',#2989,#2990);
#2989 = CARTESIAN_POINT('',(-0.75,1.6,0.3));
#2990 = VECTOR('',#2991,1.);
#2991 = DIRECTION('',(0.,0.,-1.));
#2992 = ORIENTED_EDGE('',*,*,#2956,.T.);
#2993 = PLANE('',#2994);
#2994 = AXIS2_PLACEMENT_3D('',#2995,#2996,#2997);
#2995 = CARTESIAN_POINT('',(-0.75,-0.3,0.15));
#2996 = DIRECTION('',(-1.,-0.,-1.269339193699E-31));
#2997 = DIRECTION('',(1.269339193699E-31,0.,-1.));
#2998 = ADVANCED_FACE('',(#2999,#3017),#3051,.F.);
#2999 = FACE_BOUND('',#3000,.F.);
#3000 = EDGE_LOOP('',(#3001,#3002,#3010,#3016));
#3001 = ORIENTED_EDGE('',*,*,#2925,.T.);
#3002 = ORIENTED_EDGE('',*,*,#3003,.T.);
#3003 = EDGE_CURVE('',#2918,#3004,#3006,.T.);
#3004 = VERTEX_POINT('',#3005);
#3005 = CARTESIAN_POINT('',(0.75,1.6,0.3));
#3006 = LINE('',#3007,#3008);
#3007 = CARTESIAN_POINT('',(0.75,0.5,0.3));
#3008 = VECTOR('',#3009,1.);
#3009 = DIRECTION('',(0.,1.,0.));
#3010 = ORIENTED_EDGE('',*,*,#3011,.F.);
#3011 = EDGE_CURVE('',#2980,#3004,#3012,.T.);
#3012 = LINE('',#3013,#3014);
#3013 = CARTESIAN_POINT('',(-0.75,1.6,0.3));
#3014 = VECTOR('',#3015,1.);
#3015 = DIRECTION('',(1.,0.,0.));
#3016 = ORIENTED_EDGE('',*,*,#2979,.F.);
#3017 = FACE_BOUND('',#3018,.F.);
#3018 = EDGE_LOOP('',(#3019,#3029,#3037,#3045));
#3019 = ORIENTED_EDGE('',*,*,#3020,.F.);
#3020 = EDGE_CURVE('',#3021,#3023,#3025,.T.);
#3021 = VERTEX_POINT('',#3022);
#3022 = CARTESIAN_POINT('',(0.32,-0.32,0.3));
#3023 = VERTEX_POINT('',#3024);
#3024 = CARTESIAN_POINT('',(0.32,0.32,0.3));
#3025 = LINE('',#3026,#3027);
#3026 = CARTESIAN_POINT('',(0.32,-0.171537434396,0.3));
#3027 = VECTOR('',#3028,1.);
#3028 = DIRECTION('',(0.,1.,0.));
#3029 = ORIENTED_EDGE('',*,*,#3030,.T.);
#3030 = EDGE_CURVE('',#3021,#3031,#3033,.T.);
#3031 = VERTEX_POINT('',#3032);
#3032 = CARTESIAN_POINT('',(-0.32,-0.32,0.3));
#3033 = LINE('',#3034,#3035);
#3034 = CARTESIAN_POINT('',(-0.16,-0.32,0.3));
#3035 = VECTOR('',#3036,1.);
#3036 = DIRECTION('',(-1.,0.,0.));
#3037 = ORIENTED_EDGE('',*,*,#3038,.T.);
#3038 = EDGE_CURVE('',#3031,#3039,#3041,.T.);
#3039 = VERTEX_POINT('',#3040);
#3040 = CARTESIAN_POINT('',(-0.32,0.32,0.3));
#3041 = LINE('',#3042,#3043);
#3042 = CARTESIAN_POINT('',(-0.32,-0.171537434396,0.3));
#3043 = VECTOR('',#3044,1.);
#3044 = DIRECTION('',(0.,1.,0.));
#3045 = ORIENTED_EDGE('',*,*,#3046,.T.);
#3046 = EDGE_CURVE('',#3039,#3023,#3047,.T.);
#3047 = LINE('',#3048,#3049);
#3048 = CARTESIAN_POINT('',(-0.16,0.32,0.3));
#3049 = VECTOR('',#3050,1.);
#3050 = DIRECTION('',(1.,0.,0.));
#3051 = PLANE('',#3052);
#3052 = AXIS2_PLACEMENT_3D('',#3053,#3054,#3055);
#3053 = CARTESIAN_POINT('',(0.,-0.3,0.3));
#3054 = DIRECTION('',(0.,0.,1.));
#3055 = DIRECTION('',(1.,0.,-0.));
#3056 = ADVANCED_FACE('',(#3057),#3075,.T.);
#3057 = FACE_BOUND('',#3058,.T.);
#3058 = EDGE_LOOP('',(#3059,#3060,#3061,#3069));
#3059 = ORIENTED_EDGE('',*,*,#2917,.T.);
#3060 = ORIENTED_EDGE('',*,*,#3003,.T.);
#3061 = ORIENTED_EDGE('',*,*,#3062,.T.);
#3062 = EDGE_CURVE('',#3004,#3063,#3065,.T.);
#3063 = VERTEX_POINT('',#3064);
#3064 = CARTESIAN_POINT('',(0.75,1.6,0.));
#3065 = LINE('',#3066,#3067);
#3066 = CARTESIAN_POINT('',(0.75,1.6,0.3));
#3067 = VECTOR('',#3068,1.);
#3068 = DIRECTION('',(0.,0.,-1.));
#3069 = ORIENTED_EDGE('',*,*,#3070,.T.);
#3070 = EDGE_CURVE('',#3063,#2910,#3071,.T.);
#3071 = LINE('',#3072,#3073);
#3072 = CARTESIAN_POINT('',(0.75,1.6,0.));
#3073 = VECTOR('',#3074,1.);
#3074 = DIRECTION('',(0.,-1.,0.));
#3075 = PLANE('',#3076);
#3076 = AXIS2_PLACEMENT_3D('',#3077,#3078,#3079);
#3077 = CARTESIAN_POINT('',(0.75,-0.3,0.15));
#3078 = DIRECTION('',(-1.,-0.,-1.269339193699E-31));
#3079 = DIRECTION('',(1.269339193699E-31,0.,-1.));
#3080 = ADVANCED_FACE('',(#3081),#3099,.F.);
#3081 = FACE_BOUND('',#3082,.F.);
#3082 = EDGE_LOOP('',(#3083,#3091,#3092,#3093));
#3083 = ORIENTED_EDGE('',*,*,#3084,.T.);
#3084 = EDGE_CURVE('',#3085,#3063,#3087,.T.);
#3085 = VERTEX_POINT('',#3086);
#3086 = CARTESIAN_POINT('',(1.75,1.6,0.));
#3087 = LINE('',#3088,#3089);
#3088 = CARTESIAN_POINT('',(5.,1.6,0.));
#3089 = VECTOR('',#3090,1.);
#3090 = DIRECTION('',(-1.,0.,0.));
#3091 = ORIENTED_EDGE('',*,*,#3070,.T.);
#3092 = ORIENTED_EDGE('',*,*,#2909,.T.);
#3093 = ORIENTED_EDGE('',*,*,#3094,.F.);
#3094 = EDGE_CURVE('',#3085,#2902,#3095,.T.);
#3095 = LINE('',#3096,#3097);
#3096 = CARTESIAN_POINT('',(1.75,1.6,0.));
#3097 = VECTOR('',#3098,1.);
#3098 = DIRECTION('',(0.,-1.,0.));
#3099 = PLANE('',#3100);
#3100 = AXIS2_PLACEMENT_3D('',#3101,#3102,#3103);
#3101 = CARTESIAN_POINT('',(1.25,-0.3,0.));
#3102 = DIRECTION('',(0.,0.,1.));
#3103 = DIRECTION('',(1.,0.,-0.));
#3104 = ADVANCED_FACE('',(#3105),#3123,.F.);
#3105 = FACE_BOUND('',#3106,.F.);
#3106 = EDGE_LOOP('',(#3107,#3108,#3116,#3122));
#3107 = ORIENTED_EDGE('',*,*,#2901,.T.);
#3108 = ORIENTED_EDGE('',*,*,#3109,.T.);
#3109 = EDGE_CURVE('',#2894,#3110,#3112,.T.);
#3110 = VERTEX_POINT('',#3111);
#3111 = CARTESIAN_POINT('',(1.75,1.6,0.3));
#3112 = LINE('',#3113,#3114);
#3113 = CARTESIAN_POINT('',(1.75,-2.2,0.3));
#3114 = VECTOR('',#3115,1.);
#3115 = DIRECTION('',(0.,1.,0.));
#3116 = ORIENTED_EDGE('',*,*,#3117,.T.);
#3117 = EDGE_CURVE('',#3110,#3085,#3118,.T.);
#3118 = LINE('',#3119,#3120);
#3119 = CARTESIAN_POINT('',(1.75,1.6,0.3));
#3120 = VECTOR('',#3121,1.);
#3121 = DIRECTION('',(0.,0.,-1.));
#3122 = ORIENTED_EDGE('',*,*,#3094,.T.);
#3123 = PLANE('',#3124);
#3124 = AXIS2_PLACEMENT_3D('',#3125,#3126,#3127);
#3125 = CARTESIAN_POINT('',(1.75,-0.3,0.15));
#3126 = DIRECTION('',(-1.,-0.,-1.269339193699E-31));
#3127 = DIRECTION('',(1.269339193699E-31,0.,-1.));
#3128 = ADVANCED_FACE('',(#3129,#3147),#3181,.F.);
#3129 = FACE_BOUND('',#3130,.F.);
#3130 = EDGE_LOOP('',(#3131,#3132,#3140,#3146));
#3131 = ORIENTED_EDGE('',*,*,#2893,.T.);
#3132 = ORIENTED_EDGE('',*,*,#3133,.T.);
#3133 = EDGE_CURVE('',#2886,#3134,#3136,.T.);
#3134 = VERTEX_POINT('',#3135);
#3135 = CARTESIAN_POINT('',(3.25,1.6,0.3));
#3136 = LINE('',#3137,#3138);
#3137 = CARTESIAN_POINT('',(3.25,0.5,0.3));
#3138 = VECTOR('',#3139,1.);
#3139 = DIRECTION('',(0.,1.,0.));
#3140 = ORIENTED_EDGE('',*,*,#3141,.F.);
#3141 = EDGE_CURVE('',#3110,#3134,#3142,.T.);
#3142 = LINE('',#3143,#3144);
#3143 = CARTESIAN_POINT('',(1.75,1.6,0.3));
#3144 = VECTOR('',#3145,1.);
#3145 = DIRECTION('',(1.,0.,0.));
#3146 = ORIENTED_EDGE('',*,*,#3109,.F.);
#3147 = FACE_BOUND('',#3148,.F.);
#3148 = EDGE_LOOP('',(#3149,#3159,#3167,#3175));
#3149 = ORIENTED_EDGE('',*,*,#3150,.T.);
#3150 = EDGE_CURVE('',#3151,#3153,#3155,.T.);
#3151 = VERTEX_POINT('',#3152);
#3152 = CARTESIAN_POINT('',(2.18,-0.32,0.3));
#3153 = VERTEX_POINT('',#3154);
#3154 = CARTESIAN_POINT('',(2.18,0.32,0.3));
#3155 = LINE('',#3156,#3157);
#3156 = CARTESIAN_POINT('',(2.18,-0.171537434396,0.3));
#3157 = VECTOR('',#3158,1.);
#3158 = DIRECTION('',(0.,1.,0.));
#3159 = ORIENTED_EDGE('',*,*,#3160,.T.);
#3160 = EDGE_CURVE('',#3153,#3161,#3163,.T.);
#3161 = VERTEX_POINT('',#3162);
#3162 = CARTESIAN_POINT('',(2.82,0.32,0.3));
#3163 = LINE('',#3164,#3165);
#3164 = CARTESIAN_POINT('',(2.34,0.32,0.3));
#3165 = VECTOR('',#3166,1.);
#3166 = DIRECTION('',(1.,0.,0.));
#3167 = ORIENTED_EDGE('',*,*,#3168,.F.);
#3168 = EDGE_CURVE('',#3169,#3161,#3171,.T.);
#3169 = VERTEX_POINT('',#3170);
#3170 = CARTESIAN_POINT('',(2.82,-0.32,0.3));
#3171 = LINE('',#3172,#3173);
#3172 = CARTESIAN_POINT('',(2.82,-0.171537434396,0.3));
#3173 = VECTOR('',#3174,1.);
#3174 = DIRECTION('',(0.,1.,0.));
#3175 = ORIENTED_EDGE('',*,*,#3176,.T.);
#3176 = EDGE_CURVE('',#3169,#3151,#3177,.T.);
#3177 = LINE('',#3178,#3179);
#3178 = CARTESIAN_POINT('',(2.34,-0.32,0.3));
#3179 = VECTOR('',#3180,1.);
#3180 = DIRECTION('',(-1.,0.,0.));
#3181 = PLANE('',#3182);
#3182 = AXIS2_PLACEMENT_3D('',#3183,#3184,#3185);
#3183 = CARTESIAN_POINT('',(2.5,-0.3,0.3));
#3184 = DIRECTION('',(0.,0.,1.));
#3185 = DIRECTION('',(1.,0.,-0.));
#3186 = ADVANCED_FACE('',(#3187),#3205,.T.);
#3187 = FACE_BOUND('',#3188,.T.);
#3188 = EDGE_LOOP('',(#3189,#3190,#3191,#3199));
#3189 = ORIENTED_EDGE('',*,*,#2885,.T.);
#3190 = ORIENTED_EDGE('',*,*,#3133,.T.);
#3191 = ORIENTED_EDGE('',*,*,#3192,.T.);
#3192 = EDGE_CURVE('',#3134,#3193,#3195,.T.);
#3193 = VERTEX_POINT('',#3194);
#3194 = CARTESIAN_POINT('',(3.25,1.6,0.));
#3195 = LINE('',#3196,#3197);
#3196 = CARTESIAN_POINT('',(3.25,1.6,0.3));
#3197 = VECTOR('',#3198,1.);
#3198 = DIRECTION('',(0.,0.,-1.));
#3199 = ORIENTED_EDGE('',*,*,#3200,.T.);
#3200 = EDGE_CURVE('',#3193,#2878,#3201,.T.);
#3201 = LINE('',#3202,#3203);
#3202 = CARTESIAN_POINT('',(3.25,1.6,0.));
#3203 = VECTOR('',#3204,1.);
#3204 = DIRECTION('',(0.,-1.,0.));
#3205 = PLANE('',#3206);
#3206 = AXIS2_PLACEMENT_3D('',#3207,#3208,#3209);
#3207 = CARTESIAN_POINT('',(3.25,-0.3,0.15));
#3208 = DIRECTION('',(-1.,-0.,-1.269339193699E-31));
#3209 = DIRECTION('',(1.269339193699E-31,0.,-1.));
#3210 = ADVANCED_FACE('',(#3211),#3229,.F.);
#3211 = FACE_BOUND('',#3212,.F.);
#3212 = EDGE_LOOP('',(#3213,#3221,#3222,#3223));
#3213 = ORIENTED_EDGE('',*,*,#3214,.T.);
#3214 = EDGE_CURVE('',#3215,#3193,#3217,.T.);
#3215 = VERTEX_POINT('',#3216);
#3216 = CARTESIAN_POINT('',(5.,1.6,0.));
#3217 = LINE('',#3218,#3219);
#3218 = CARTESIAN_POINT('',(5.,1.6,0.));
#3219 = VECTOR('',#3220,1.);
#3220 = DIRECTION('',(-1.,0.,0.));
#3221 = ORIENTED_EDGE('',*,*,#3200,.T.);
#3222 = ORIENTED_EDGE('',*,*,#2877,.T.);
#3223 = ORIENTED_EDGE('',*,*,#3224,.T.);
#3224 = EDGE_CURVE('',#2870,#3215,#3225,.T.);
#3225 = LINE('',#3226,#3227);
#3226 = CARTESIAN_POINT('',(5.,-2.2,0.));
#3227 = VECTOR('',#3228,1.);
#3228 = DIRECTION('',(0.,1.,0.));
#3229 = PLANE('',#3230);
#3230 = AXIS2_PLACEMENT_3D('',#3231,#3232,#3233);
#3231 = CARTESIAN_POINT('',(1.25,-0.3,0.));
#3232 = DIRECTION('',(0.,0.,1.));
#3233 = DIRECTION('',(1.,0.,-0.));
#3234 = ADVANCED_FACE('',(#3235),#3309,.F.);
#3235 = FACE_BOUND('',#3236,.F.);
#3236 = EDGE_LOOP('',(#3237,#3238,#3239,#3247,#3255,#3263,#3271,#3279,
    #3287,#3295,#3303));
#3237 = ORIENTED_EDGE('',*,*,#3224,.F.);
#3238 = ORIENTED_EDGE('',*,*,#2869,.T.);
#3239 = ORIENTED_EDGE('',*,*,#3240,.F.);
#3240 = EDGE_CURVE('',#3241,#2862,#3243,.T.);
#3241 = VERTEX_POINT('',#3242);
#3242 = CARTESIAN_POINT('',(5.,-1.2,5.2));
#3243 = LINE('',#3244,#3245);
#3244 = CARTESIAN_POINT('',(5.,-1.2,5.2));
#3245 = VECTOR('',#3246,1.);
#3246 = DIRECTION('',(0.,-1.,0.));
#3247 = ORIENTED_EDGE('',*,*,#3248,.F.);
#3248 = EDGE_CURVE('',#3249,#3241,#3251,.T.);
#3249 = VERTEX_POINT('',#3250);
#3250 = CARTESIAN_POINT('',(5.,-0.6,4.5));
#3251 = LINE('',#3252,#3253);
#3252 = CARTESIAN_POINT('',(5.,-0.6,4.5));
#3253 = VECTOR('',#3254,1.);
#3254 = DIRECTION('',(0.,-0.650791373456,0.759256602365));
#3255 = ORIENTED_EDGE('',*,*,#3256,.F.);
#3256 = EDGE_CURVE('',#3257,#3249,#3259,.T.);
#3257 = VERTEX_POINT('',#3258);
#3258 = CARTESIAN_POINT('',(5.,-0.6,4.3));
#3259 = LINE('',#3260,#3261);
#3260 = CARTESIAN_POINT('',(5.,-0.6,4.3));
#3261 = VECTOR('',#3262,1.);
#3262 = DIRECTION('',(0.,0.,1.));
#3263 = ORIENTED_EDGE('',*,*,#3264,.F.);
#3264 = EDGE_CURVE('',#3265,#3257,#3267,.T.);
#3265 = VERTEX_POINT('',#3266);
#3266 = CARTESIAN_POINT('',(5.,-0.9,4.1));
#3267 = LINE('',#3268,#3269);
#3268 = CARTESIAN_POINT('',(5.,-0.9,4.1));
#3269 = VECTOR('',#3270,1.);
#3270 = DIRECTION('',(0.,0.832050294338,0.554700196225));
#3271 = ORIENTED_EDGE('',*,*,#3272,.F.);
#3272 = EDGE_CURVE('',#3273,#3265,#3275,.T.);
#3273 = VERTEX_POINT('',#3274);
#3274 = CARTESIAN_POINT('',(5.,-0.6,1.5));
#3275 = LINE('',#3276,#3277);
#3276 = CARTESIAN_POINT('',(5.,-0.6,1.5));
#3277 = VECTOR('',#3278,1.);
#3278 = DIRECTION('',(0.,-0.114624107985,0.993408935871));
#3279 = ORIENTED_EDGE('',*,*,#3280,.F.);
#3280 = EDGE_CURVE('',#3281,#3273,#3283,.T.);
#3281 = VERTEX_POINT('',#3282);
#3282 = CARTESIAN_POINT('',(5.,-0.2,1.5));
#3283 = LINE('',#3284,#3285);
#3284 = CARTESIAN_POINT('',(5.,-0.2,1.5));
#3285 = VECTOR('',#3286,1.);
#3286 = DIRECTION('',(0.,-1.,0.));
#3287 = ORIENTED_EDGE('',*,*,#3288,.F.);
#3288 = EDGE_CURVE('',#3289,#3281,#3291,.T.);
#3289 = VERTEX_POINT('',#3290);
#3290 = CARTESIAN_POINT('',(5.,-0.2,6.));
#3291 = LINE('',#3292,#3293);
#3292 = CARTESIAN_POINT('',(5.,-0.2,6.));
#3293 = VECTOR('',#3294,1.);
#3294 = DIRECTION('',(0.,0.,-1.));
#3295 = ORIENTED_EDGE('',*,*,#3296,.T.);
#3296 = EDGE_CURVE('',#3289,#3297,#3299,.T.);
#3297 = VERTEX_POINT('',#3298);
#3298 = CARTESIAN_POINT('',(5.,1.6,6.));
#3299 = LINE('',#3300,#3301);
#3300 = CARTESIAN_POINT('',(5.,-2.2,6.));
#3301 = VECTOR('',#3302,1.);
#3302 = DIRECTION('',(0.,1.,0.));
#3303 = ORIENTED_EDGE('',*,*,#3304,.F.);
#3304 = EDGE_CURVE('',#3215,#3297,#3305,.T.);
#3305 = LINE('',#3306,#3307);
#3306 = CARTESIAN_POINT('',(5.,1.6,0.));
#3307 = VECTOR('',#3308,1.);
#3308 = DIRECTION('',(0.,0.,1.));
#3309 = PLANE('',#3310);
#3310 = AXIS2_PLACEMENT_3D('',#3311,#3312,#3313);
#3311 = CARTESIAN_POINT('',(5.,-2.2,0.));
#3312 = DIRECTION('',(-1.,0.,0.));
#3313 = DIRECTION('',(0.,1.,0.));
#3314 = ADVANCED_FACE('',(#3315),#3333,.F.);
#3315 = FACE_BOUND('',#3316,.F.);
#3316 = EDGE_LOOP('',(#3317,#3325,#3331,#3332));
#3317 = ORIENTED_EDGE('',*,*,#3318,.F.);
#3318 = EDGE_CURVE('',#3319,#2854,#3321,.T.);
#3319 = VERTEX_POINT('',#3320);
#3320 = CARTESIAN_POINT('',(4.,-1.2,5.2));
#3321 = LINE('',#3322,#3323);
#3322 = CARTESIAN_POINT('',(4.,-1.007390335865,5.2));
#3323 = VECTOR('',#3324,1.);
#3324 = DIRECTION('',(0.,-1.,0.));
#3325 = ORIENTED_EDGE('',*,*,#3326,.T.);
#3326 = EDGE_CURVE('',#3319,#3241,#3327,.T.);
#3327 = LINE('',#3328,#3329);
#3328 = CARTESIAN_POINT('',(-2.5,-1.2,5.2));
#3329 = VECTOR('',#3330,1.);
#3330 = DIRECTION('',(1.,0.,0.));
#3331 = ORIENTED_EDGE('',*,*,#3240,.T.);
#3332 = ORIENTED_EDGE('',*,*,#2861,.F.);
#3333 = PLANE('',#3334);
#3334 = AXIS2_PLACEMENT_3D('',#3335,#3336,#3337);
#3335 = CARTESIAN_POINT('',(-2.5,-1.2,5.2));
#3336 = DIRECTION('',(0.,0.,-1.));
#3337 = DIRECTION('',(0.,-1.,0.));
#3338 = ADVANCED_FACE('',(#3339),#3397,.T.);
#3339 = FACE_BOUND('',#3340,.T.);
#3340 = EDGE_LOOP('',(#3341,#3342,#3343,#3351,#3359,#3367,#3375,#3383,
    #3391));
#3341 = ORIENTED_EDGE('',*,*,#2853,.F.);
#3342 = ORIENTED_EDGE('',*,*,#3318,.F.);
#3343 = ORIENTED_EDGE('',*,*,#3344,.F.);
#3344 = EDGE_CURVE('',#3345,#3319,#3347,.T.);
#3345 = VERTEX_POINT('',#3346);
#3346 = CARTESIAN_POINT('',(4.,-0.6,4.5));
#3347 = LINE('',#3348,#3349);
#3348 = CARTESIAN_POINT('',(4.,-0.429990774306,4.301655903357));
#3349 = VECTOR('',#3350,1.);
#3350 = DIRECTION('',(0.,-0.650791373456,0.759256602365));
#3351 = ORIENTED_EDGE('',*,*,#3352,.F.);
#3352 = EDGE_CURVE('',#3353,#3345,#3355,.T.);
#3353 = VERTEX_POINT('',#3354);
#3354 = CARTESIAN_POINT('',(4.,-0.6,4.3));
#3355 = LINE('',#3356,#3357);
#3356 = CARTESIAN_POINT('',(4.,-0.6,3.963884850592));
#3357 = VECTOR('',#3358,1.);
#3358 = DIRECTION('',(0.,0.,1.));
#3359 = ORIENTED_EDGE('',*,*,#3360,.F.);
#3360 = EDGE_CURVE('',#3361,#3353,#3363,.T.);
#3361 = VERTEX_POINT('',#3362);
#3362 = CARTESIAN_POINT('',(4.,-0.9,4.1));
#3363 = LINE('',#3364,#3365);
#3364 = CARTESIAN_POINT('',(4.,-0.979477224556,4.047015183629));
#3365 = VECTOR('',#3366,1.);
#3366 = DIRECTION('',(0.,0.832050294338,0.554700196225));
#3367 = ORIENTED_EDGE('',*,*,#3368,.F.);
#3368 = EDGE_CURVE('',#3369,#3361,#3371,.T.);
#3369 = VERTEX_POINT('',#3370);
#3370 = CARTESIAN_POINT('',(4.,-0.6,1.5));
#3371 = LINE('',#3372,#3373);
#3372 = CARTESIAN_POINT('',(4.,-0.722554060393,2.562135190069));
#3373 = VECTOR('',#3374,1.);
#3374 = DIRECTION('',(0.,-0.114624107985,0.993408935871));
#3375 = ORIENTED_EDGE('',*,*,#3376,.F.);
#3376 = EDGE_CURVE('',#3377,#3369,#3379,.T.);
#3377 = VERTEX_POINT('',#3378);
#3378 = CARTESIAN_POINT('',(4.,-0.8,1.5));
#3379 = LINE('',#3380,#3381);
#3380 = CARTESIAN_POINT('',(4.,-2.2,1.5));
#3381 = VECTOR('',#3382,1.);
#3382 = DIRECTION('',(0.,1.,0.));
#3383 = ORIENTED_EDGE('',*,*,#3384,.F.);
#3384 = EDGE_CURVE('',#3385,#3377,#3387,.T.);
#3385 = VERTEX_POINT('',#3386);
#3386 = CARTESIAN_POINT('',(4.,-1.2,1.1));
#3387 = LINE('',#3388,#3389);
#3388 = CARTESIAN_POINT('',(4.,-1.2,1.1));
#3389 = VECTOR('',#3390,1.);
#3390 = DIRECTION('',(0.,0.707106781187,0.707106781187));
#3391 = ORIENTED_EDGE('',*,*,#3392,.F.);
#3392 = EDGE_CURVE('',#2846,#3385,#3393,.T.);
#3393 = LINE('',#3394,#3395);
#3394 = CARTESIAN_POINT('',(4.,-2.2,1.1));
#3395 = VECTOR('',#3396,1.);
#3396 = DIRECTION('',(0.,1.,0.));
#3397 = PLANE('',#3398);
#3398 = AXIS2_PLACEMENT_3D('',#3399,#3400,#3401);
#3399 = CARTESIAN_POINT('',(4.,-0.814780671729,3.627769701184));
#3400 = DIRECTION('',(-1.,-0.,-0.));
#3401 = DIRECTION('',(0.,0.,-1.));
#3402 = ADVANCED_FACE('',(#3403),#3421,.T.);
#3403 = FACE_BOUND('',#3404,.T.);
#3404 = EDGE_LOOP('',(#3405,#3406,#3407,#3415));
#3405 = ORIENTED_EDGE('',*,*,#2845,.T.);
#3406 = ORIENTED_EDGE('',*,*,#3392,.T.);
#3407 = ORIENTED_EDGE('',*,*,#3408,.F.);
#3408 = EDGE_CURVE('',#3409,#3385,#3411,.T.);
#3409 = VERTEX_POINT('',#3410);
#3410 = CARTESIAN_POINT('',(-1.5,-1.2,1.1));
#3411 = LINE('',#3412,#3413);
#3412 = CARTESIAN_POINT('',(-1.5,-1.2,1.1));
#3413 = VECTOR('',#3414,1.);
#3414 = DIRECTION('',(1.,0.,0.));
#3415 = ORIENTED_EDGE('',*,*,#3416,.F.);
#3416 = EDGE_CURVE('',#2838,#3409,#3417,.T.);
#3417 = LINE('',#3418,#3419);
#3418 = CARTESIAN_POINT('',(-1.5,-2.2,1.1));
#3419 = VECTOR('',#3420,1.);
#3420 = DIRECTION('',(0.,1.,0.));
#3421 = PLANE('',#3422);
#3422 = AXIS2_PLACEMENT_3D('',#3423,#3424,#3425);
#3423 = CARTESIAN_POINT('',(-1.5,-2.2,1.1));
#3424 = DIRECTION('',(0.,0.,1.));
#3425 = DIRECTION('',(0.,1.,0.));
#3426 = ADVANCED_FACE('',(#3427),#3485,.T.);
#3427 = FACE_BOUND('',#3428,.T.);
#3428 = EDGE_LOOP('',(#3429,#3430,#3431,#3439,#3447,#3455,#3463,#3471,
    #3479));
#3429 = ORIENTED_EDGE('',*,*,#2837,.T.);
#3430 = ORIENTED_EDGE('',*,*,#3416,.T.);
#3431 = ORIENTED_EDGE('',*,*,#3432,.T.);
#3432 = EDGE_CURVE('',#3409,#3433,#3435,.T.);
#3433 = VERTEX_POINT('',#3434);
#3434 = CARTESIAN_POINT('',(-1.5,-0.8,1.5));
#3435 = LINE('',#3436,#3437);
#3436 = CARTESIAN_POINT('',(-1.5,-1.2,1.1));
#3437 = VECTOR('',#3438,1.);
#3438 = DIRECTION('',(0.,0.707106781187,0.707106781187));
#3439 = ORIENTED_EDGE('',*,*,#3440,.F.);
#3440 = EDGE_CURVE('',#3441,#3433,#3443,.T.);
#3441 = VERTEX_POINT('',#3442);
#3442 = CARTESIAN_POINT('',(-1.5,-0.6,1.5));
#3443 = LINE('',#3444,#3445);
#3444 = CARTESIAN_POINT('',(-1.5,0.65,1.5));
#3445 = VECTOR('',#3446,1.);
#3446 = DIRECTION('',(0.,-1.,0.));
#3447 = ORIENTED_EDGE('',*,*,#3448,.F.);
#3448 = EDGE_CURVE('',#3449,#3441,#3451,.T.);
#3449 = VERTEX_POINT('',#3450);
#3450 = CARTESIAN_POINT('',(-1.5,-0.9,4.1));
#3451 = LINE('',#3452,#3453);
#3452 = CARTESIAN_POINT('',(-1.5,-0.722554060393,2.562135190069));
#3453 = VECTOR('',#3454,1.);
#3454 = DIRECTION('',(-1.157981503625E-17,0.114624107985,-0.993408935871
    ));
#3455 = ORIENTED_EDGE('',*,*,#3456,.F.);
#3456 = EDGE_CURVE('',#3457,#3449,#3459,.T.);
#3457 = VERTEX_POINT('',#3458);
#3458 = CARTESIAN_POINT('',(-1.5,-0.6,4.3));
#3459 = LINE('',#3460,#3461);
#3460 = CARTESIAN_POINT('',(-1.5,-0.979477224556,4.047015183629));
#3461 = VECTOR('',#3462,1.);
#3462 = DIRECTION('',(-1.687230139086E-17,-0.832050294338,
    -0.554700196225));
#3463 = ORIENTED_EDGE('',*,*,#3464,.F.);
#3464 = EDGE_CURVE('',#3465,#3457,#3467,.T.);
#3465 = VERTEX_POINT('',#3466);
#3466 = CARTESIAN_POINT('',(-1.5,-0.6,4.5));
#3467 = LINE('',#3468,#3469);
#3468 = CARTESIAN_POINT('',(-1.5,-0.6,3.963884850592));
#3469 = VECTOR('',#3470,1.);
#3470 = DIRECTION('',(-1.299666824138E-17,-0.,-1.));
#3471 = ORIENTED_EDGE('',*,*,#3472,.F.);
#3472 = EDGE_CURVE('',#3473,#3465,#3475,.T.);
#3473 = VERTEX_POINT('',#3474);
#3474 = CARTESIAN_POINT('',(-1.5,-1.2,5.2));
#3475 = LINE('',#3476,#3477);
#3476 = CARTESIAN_POINT('',(-1.5,-0.429990774306,4.301655903357));
#3477 = VECTOR('',#3478,1.);
#3478 = DIRECTION('',(-2.309816407335E-18,0.650791373456,-0.759256602365
    ));
#3479 = ORIENTED_EDGE('',*,*,#3480,.F.);
#3480 = EDGE_CURVE('',#2830,#3473,#3481,.T.);
#3481 = LINE('',#3482,#3483);
#3482 = CARTESIAN_POINT('',(-1.5,-1.007390335865,5.2));
#3483 = VECTOR('',#3484,1.);
#3484 = DIRECTION('',(1.161353710568E-17,1.,0.));
#3485 = PLANE('',#3486);
#3486 = AXIS2_PLACEMENT_3D('',#3487,#3488,#3489);
#3487 = CARTESIAN_POINT('',(-1.5,-0.814780671729,3.627769701184));
#3488 = DIRECTION('',(1.,-1.161353710568E-17,-1.299666824138E-17));
#3489 = DIRECTION('',(1.299666824138E-17,0.,1.));
#3490 = ADVANCED_FACE('',(#3491),#3509,.F.);
#3491 = FACE_BOUND('',#3492,.F.);
#3492 = EDGE_LOOP('',(#3493,#3501,#3507,#3508));
#3493 = ORIENTED_EDGE('',*,*,#3494,.F.);
#3494 = EDGE_CURVE('',#3495,#2822,#3497,.T.);
#3495 = VERTEX_POINT('',#3496);
#3496 = CARTESIAN_POINT('',(-2.5,-1.2,5.2));
#3497 = LINE('',#3498,#3499);
#3498 = CARTESIAN_POINT('',(-2.5,-1.2,5.2));
#3499 = VECTOR('',#3500,1.);
#3500 = DIRECTION('',(0.,-1.,0.));
#3501 = ORIENTED_EDGE('',*,*,#3502,.T.);
#3502 = EDGE_CURVE('',#3495,#3473,#3503,.T.);
#3503 = LINE('',#3504,#3505);
#3504 = CARTESIAN_POINT('',(-2.5,-1.2,5.2));
#3505 = VECTOR('',#3506,1.);
#3506 = DIRECTION('',(1.,0.,0.));
#3507 = ORIENTED_EDGE('',*,*,#3480,.F.);
#3508 = ORIENTED_EDGE('',*,*,#2829,.F.);
#3509 = PLANE('',#3510);
#3510 = AXIS2_PLACEMENT_3D('',#3511,#3512,#3513);
#3511 = CARTESIAN_POINT('',(-2.5,-1.2,5.2));
#3512 = DIRECTION('',(0.,0.,-1.));
#3513 = DIRECTION('',(0.,-1.,0.));
#3514 = ADVANCED_FACE('',(#3515),#3582,.F.);
#3515 = FACE_BOUND('',#3516,.F.);
#3516 = EDGE_LOOP('',(#3517,#3518,#3526,#3534,#3542,#3550,#3558,#3566,
    #3574,#3580,#3581));
#3517 = ORIENTED_EDGE('',*,*,#2947,.F.);
#3518 = ORIENTED_EDGE('',*,*,#3519,.T.);
#3519 = EDGE_CURVE('',#2948,#3520,#3522,.T.);
#3520 = VERTEX_POINT('',#3521);
#3521 = CARTESIAN_POINT('',(-2.5,1.6,6.));
#3522 = LINE('',#3523,#3524);
#3523 = CARTESIAN_POINT('',(-2.5,1.6,0.));
#3524 = VECTOR('',#3525,1.);
#3525 = DIRECTION('',(0.,0.,1.));
#3526 = ORIENTED_EDGE('',*,*,#3527,.T.);
#3527 = EDGE_CURVE('',#3520,#3528,#3530,.T.);
#3528 = VERTEX_POINT('',#3529);
#3529 = CARTESIAN_POINT('',(-2.5,-0.2,6.));
#3530 = LINE('',#3531,#3532);
#3531 = CARTESIAN_POINT('',(-2.5,1.6,6.));
#3532 = VECTOR('',#3533,1.);
#3533 = DIRECTION('',(0.,-1.,0.));
#3534 = ORIENTED_EDGE('',*,*,#3535,.T.);
#3535 = EDGE_CURVE('',#3528,#3536,#3538,.T.);
#3536 = VERTEX_POINT('',#3537);
#3537 = CARTESIAN_POINT('',(-2.5,-0.2,1.5));
#3538 = LINE('',#3539,#3540);
#3539 = CARTESIAN_POINT('',(-2.5,-0.2,6.));
#3540 = VECTOR('',#3541,1.);
#3541 = DIRECTION('',(0.,0.,-1.));
#3542 = ORIENTED_EDGE('',*,*,#3543,.T.);
#3543 = EDGE_CURVE('',#3536,#3544,#3546,.T.);
#3544 = VERTEX_POINT('',#3545);
#3545 = CARTESIAN_POINT('',(-2.5,-0.6,1.5));
#3546 = LINE('',#3547,#3548);
#3547 = CARTESIAN_POINT('',(-2.5,-0.2,1.5));
#3548 = VECTOR('',#3549,1.);
#3549 = DIRECTION('',(0.,-1.,0.));
#3550 = ORIENTED_EDGE('',*,*,#3551,.T.);
#3551 = EDGE_CURVE('',#3544,#3552,#3554,.T.);
#3552 = VERTEX_POINT('',#3553);
#3553 = CARTESIAN_POINT('',(-2.5,-0.9,4.1));
#3554 = LINE('',#3555,#3556);
#3555 = CARTESIAN_POINT('',(-2.5,-0.6,1.5));
#3556 = VECTOR('',#3557,1.);
#3557 = DIRECTION('',(0.,-0.114624107985,0.993408935871));
#3558 = ORIENTED_EDGE('',*,*,#3559,.T.);
#3559 = EDGE_CURVE('',#3552,#3560,#3562,.T.);
#3560 = VERTEX_POINT('',#3561);
#3561 = CARTESIAN_POINT('',(-2.5,-0.6,4.3));
#3562 = LINE('',#3563,#3564);
#3563 = CARTESIAN_POINT('',(-2.5,-0.9,4.1));
#3564 = VECTOR('',#3565,1.);
#3565 = DIRECTION('',(0.,0.832050294338,0.554700196225));
#3566 = ORIENTED_EDGE('',*,*,#3567,.T.);
#3567 = EDGE_CURVE('',#3560,#3568,#3570,.T.);
#3568 = VERTEX_POINT('',#3569);
#3569 = CARTESIAN_POINT('',(-2.5,-0.6,4.5));
#3570 = LINE('',#3571,#3572);
#3571 = CARTESIAN_POINT('',(-2.5,-0.6,4.3));
#3572 = VECTOR('',#3573,1.);
#3573 = DIRECTION('',(0.,0.,1.));
#3574 = ORIENTED_EDGE('',*,*,#3575,.T.);
#3575 = EDGE_CURVE('',#3568,#3495,#3576,.T.);
#3576 = LINE('',#3577,#3578);
#3577 = CARTESIAN_POINT('',(-2.5,-0.6,4.5));
#3578 = VECTOR('',#3579,1.);
#3579 = DIRECTION('',(0.,-0.650791373456,0.759256602365));
#3580 = ORIENTED_EDGE('',*,*,#3494,.T.);
#3581 = ORIENTED_EDGE('',*,*,#2821,.F.);
#3582 = PLANE('',#3583);
#3583 = AXIS2_PLACEMENT_3D('',#3584,#3585,#3586);
#3584 = CARTESIAN_POINT('',(-2.5,1.6,0.));
#3585 = DIRECTION('',(1.,0.,0.));
#3586 = DIRECTION('',(0.,-1.,0.));
#3587 = ADVANCED_FACE('',(#3588),#3607,.F.);
#3588 = FACE_BOUND('',#3589,.F.);
#3589 = EDGE_LOOP('',(#3590,#3591,#3592,#3598,#3599,#3600,#3601,#3602,
    #3603,#3604,#3605,#3606));
#3590 = ORIENTED_EDGE('',*,*,#3214,.F.);
#3591 = ORIENTED_EDGE('',*,*,#3304,.T.);
#3592 = ORIENTED_EDGE('',*,*,#3593,.T.);
#3593 = EDGE_CURVE('',#3297,#3520,#3594,.T.);
#3594 = LINE('',#3595,#3596);
#3595 = CARTESIAN_POINT('',(5.,1.6,6.));
#3596 = VECTOR('',#3597,1.);
#3597 = DIRECTION('',(-1.,0.,0.));
#3598 = ORIENTED_EDGE('',*,*,#3519,.F.);
#3599 = ORIENTED_EDGE('',*,*,#2964,.F.);
#3600 = ORIENTED_EDGE('',*,*,#2987,.F.);
#3601 = ORIENTED_EDGE('',*,*,#3011,.T.);
#3602 = ORIENTED_EDGE('',*,*,#3062,.T.);
#3603 = ORIENTED_EDGE('',*,*,#3084,.F.);
#3604 = ORIENTED_EDGE('',*,*,#3117,.F.);
#3605 = ORIENTED_EDGE('',*,*,#3141,.T.);
#3606 = ORIENTED_EDGE('',*,*,#3192,.T.);
#3607 = PLANE('',#3608);
#3608 = AXIS2_PLACEMENT_3D('',#3609,#3610,#3611);
#3609 = CARTESIAN_POINT('',(5.,1.6,0.));
#3610 = DIRECTION('',(0.,-1.,0.));
#3611 = DIRECTION('',(-1.,0.,0.));
#3612 = ADVANCED_FACE('',(#3613),#3670,.T.);
#3613 = FACE_BOUND('',#3614,.T.);
#3614 = EDGE_LOOP('',(#3615,#3625,#3633,#3641,#3647,#3648,#3656,#3664));
#3615 = ORIENTED_EDGE('',*,*,#3616,.T.);
#3616 = EDGE_CURVE('',#3617,#3619,#3621,.T.);
#3617 = VERTEX_POINT('',#3618);
#3618 = CARTESIAN_POINT('',(0.32,-0.351578947368,-3.));
#3619 = VERTEX_POINT('',#3620);
#3620 = CARTESIAN_POINT('',(0.32,0.288421052632,-3.));
#3621 = LINE('',#3622,#3623);
#3622 = CARTESIAN_POINT('',(0.32,-0.32,-3.));
#3623 = VECTOR('',#3624,1.);
#3624 = DIRECTION('',(0.,1.,0.));
#3625 = ORIENTED_EDGE('',*,*,#3626,.T.);
#3626 = EDGE_CURVE('',#3619,#3627,#3629,.T.);
#3627 = VERTEX_POINT('',#3628);
#3628 = CARTESIAN_POINT('',(0.32,2.E-02,-1.3));
#3629 = LINE('',#3630,#3631);
#3630 = CARTESIAN_POINT('',(0.32,0.32,-3.2));
#3631 = VECTOR('',#3632,1.);
#3632 = DIRECTION('',(0.,-0.155962573473,0.987762965329));
#3633 = ORIENTED_EDGE('',*,*,#3634,.T.);
#3634 = EDGE_CURVE('',#3627,#3635,#3637,.T.);
#3635 = VERTEX_POINT('',#3636);
#3636 = CARTESIAN_POINT('',(0.32,0.32,-0.7));
#3637 = LINE('',#3638,#3639);
#3638 = CARTESIAN_POINT('',(0.32,2.E-02,-1.3));
#3639 = VECTOR('',#3640,1.);
#3640 = DIRECTION('',(0.,0.4472135955,0.894427191));
#3641 = ORIENTED_EDGE('',*,*,#3642,.T.);
#3642 = EDGE_CURVE('',#3635,#3023,#3643,.T.);
#3643 = LINE('',#3644,#3645);
#3644 = CARTESIAN_POINT('',(0.32,0.32,-0.7));
#3645 = VECTOR('',#3646,1.);
#3646 = DIRECTION('',(0.,0.,1.));
#3647 = ORIENTED_EDGE('',*,*,#3020,.F.);
#3648 = ORIENTED_EDGE('',*,*,#3649,.T.);
#3649 = EDGE_CURVE('',#3021,#3650,#3652,.T.);
#3650 = VERTEX_POINT('',#3651);
#3651 = CARTESIAN_POINT('',(0.32,-0.32,-0.7));
#3652 = LINE('',#3653,#3654);
#3653 = CARTESIAN_POINT('',(0.32,-0.32,5.1));
#3654 = VECTOR('',#3655,1.);
#3655 = DIRECTION('',(0.,0.,-1.));
#3656 = ORIENTED_EDGE('',*,*,#3657,.T.);
#3657 = EDGE_CURVE('',#3650,#3658,#3660,.T.);
#3658 = VERTEX_POINT('',#3659);
#3659 = CARTESIAN_POINT('',(0.32,-0.62,-1.3));
#3660 = LINE('',#3661,#3662);
#3661 = CARTESIAN_POINT('',(0.32,-0.32,-0.7));
#3662 = VECTOR('',#3663,1.);
#3663 = DIRECTION('',(0.,-0.4472135955,-0.894427191));
#3664 = ORIENTED_EDGE('',*,*,#3665,.T.);
#3665 = EDGE_CURVE('',#3658,#3617,#3666,.T.);
#3666 = LINE('',#3667,#3668);
#3667 = CARTESIAN_POINT('',(0.32,-0.62,-1.3));
#3668 = VECTOR('',#3669,1.);
#3669 = DIRECTION('',(0.,0.155962573473,-0.987762965329));
#3670 = PLANE('',#3671);
#3671 = AXIS2_PLACEMENT_3D('',#3672,#3673,#3674);
#3672 = CARTESIAN_POINT('',(0.32,-4.307486879287E-02,0.926376556288));
#3673 = DIRECTION('',(1.,0.,0.));
#3674 = DIRECTION('',(0.,0.,1.));
#3675 = ADVANCED_FACE('',(#3676),#3694,.F.);
#3676 = FACE_BOUND('',#3677,.F.);
#3677 = EDGE_LOOP('',(#3678,#3686,#3692,#3693));
#3678 = ORIENTED_EDGE('',*,*,#3679,.F.);
#3679 = EDGE_CURVE('',#3680,#3039,#3682,.T.);
#3680 = VERTEX_POINT('',#3681);
#3681 = CARTESIAN_POINT('',(-0.32,0.32,-0.7));
#3682 = LINE('',#3683,#3684);
#3683 = CARTESIAN_POINT('',(-0.32,0.32,-0.7));
#3684 = VECTOR('',#3685,1.);
#3685 = DIRECTION('',(0.,0.,1.));
#3686 = ORIENTED_EDGE('',*,*,#3687,.T.);
#3687 = EDGE_CURVE('',#3680,#3635,#3688,.T.);
#3688 = LINE('',#3689,#3690);
#3689 = CARTESIAN_POINT('',(-0.32,0.32,-0.7));
#3690 = VECTOR('',#3691,1.);
#3691 = DIRECTION('',(1.,0.,0.));
#3692 = ORIENTED_EDGE('',*,*,#3642,.T.);
#3693 = ORIENTED_EDGE('',*,*,#3046,.F.);
#3694 = PLANE('',#3695);
#3695 = AXIS2_PLACEMENT_3D('',#3696,#3697,#3698);
#3696 = CARTESIAN_POINT('',(-0.32,0.32,-0.7));
#3697 = DIRECTION('',(0.,-1.,0.));
#3698 = DIRECTION('',(0.,0.,1.));
#3699 = ADVANCED_FACE('',(#3700),#3750,.F.);
#3700 = FACE_BOUND('',#3701,.F.);
#3701 = EDGE_LOOP('',(#3702,#3712,#3720,#3726,#3727,#3728,#3736,#3744));
#3702 = ORIENTED_EDGE('',*,*,#3703,.T.);
#3703 = EDGE_CURVE('',#3704,#3706,#3708,.T.);
#3704 = VERTEX_POINT('',#3705);
#3705 = CARTESIAN_POINT('',(-0.32,-0.351578947368,-3.));
#3706 = VERTEX_POINT('',#3707);
#3707 = CARTESIAN_POINT('',(-0.32,0.288421052632,-3.));
#3708 = LINE('',#3709,#3710);
#3709 = CARTESIAN_POINT('',(-0.32,-0.32,-3.));
#3710 = VECTOR('',#3711,1.);
#3711 = DIRECTION('',(0.,1.,0.));
#3712 = ORIENTED_EDGE('',*,*,#3713,.T.);
#3713 = EDGE_CURVE('',#3706,#3714,#3716,.T.);
#3714 = VERTEX_POINT('',#3715);
#3715 = CARTESIAN_POINT('',(-0.32,2.E-02,-1.3));
#3716 = LINE('',#3717,#3718);
#3717 = CARTESIAN_POINT('',(-0.32,0.32,-3.2));
#3718 = VECTOR('',#3719,1.);
#3719 = DIRECTION('',(0.,-0.155962573473,0.987762965329));
#3720 = ORIENTED_EDGE('',*,*,#3721,.T.);
#3721 = EDGE_CURVE('',#3714,#3680,#3722,.T.);
#3722 = LINE('',#3723,#3724);
#3723 = CARTESIAN_POINT('',(-0.32,2.E-02,-1.3));
#3724 = VECTOR('',#3725,1.);
#3725 = DIRECTION('',(0.,0.4472135955,0.894427191));
#3726 = ORIENTED_EDGE('',*,*,#3679,.T.);
#3727 = ORIENTED_EDGE('',*,*,#3038,.F.);
#3728 = ORIENTED_EDGE('',*,*,#3729,.T.);
#3729 = EDGE_CURVE('',#3031,#3730,#3732,.T.);
#3730 = VERTEX_POINT('',#3731);
#3731 = CARTESIAN_POINT('',(-0.32,-0.32,-0.7));
#3732 = LINE('',#3733,#3734);
#3733 = CARTESIAN_POINT('',(-0.32,-0.32,5.1));
#3734 = VECTOR('',#3735,1.);
#3735 = DIRECTION('',(0.,0.,-1.));
#3736 = ORIENTED_EDGE('',*,*,#3737,.T.);
#3737 = EDGE_CURVE('',#3730,#3738,#3740,.T.);
#3738 = VERTEX_POINT('',#3739);
#3739 = CARTESIAN_POINT('',(-0.32,-0.62,-1.3));
#3740 = LINE('',#3741,#3742);
#3741 = CARTESIAN_POINT('',(-0.32,-0.32,-0.7));
#3742 = VECTOR('',#3743,1.);
#3743 = DIRECTION('',(0.,-0.4472135955,-0.894427191));
#3744 = ORIENTED_EDGE('',*,*,#3745,.T.);
#3745 = EDGE_CURVE('',#3738,#3704,#3746,.T.);
#3746 = LINE('',#3747,#3748);
#3747 = CARTESIAN_POINT('',(-0.32,-0.62,-1.3));
#3748 = VECTOR('',#3749,1.);
#3749 = DIRECTION('',(0.,0.155962573473,-0.987762965329));
#3750 = PLANE('',#3751);
#3751 = AXIS2_PLACEMENT_3D('',#3752,#3753,#3754);
#3752 = CARTESIAN_POINT('',(-0.32,-4.307486879287E-02,0.926376556288));
#3753 = DIRECTION('',(1.,0.,0.));
#3754 = DIRECTION('',(0.,0.,1.));
#3755 = ADVANCED_FACE('',(#3756),#3767,.F.);
#3756 = FACE_BOUND('',#3757,.F.);
#3757 = EDGE_LOOP('',(#3758,#3759,#3760,#3761));
#3758 = ORIENTED_EDGE('',*,*,#3729,.F.);
#3759 = ORIENTED_EDGE('',*,*,#3030,.F.);
#3760 = ORIENTED_EDGE('',*,*,#3649,.T.);
#3761 = ORIENTED_EDGE('',*,*,#3762,.F.);
#3762 = EDGE_CURVE('',#3730,#3650,#3763,.T.);
#3763 = LINE('',#3764,#3765);
#3764 = CARTESIAN_POINT('',(-0.32,-0.32,-0.7));
#3765 = VECTOR('',#3766,1.);
#3766 = DIRECTION('',(1.,0.,0.));
#3767 = PLANE('',#3768);
#3768 = AXIS2_PLACEMENT_3D('',#3769,#3770,#3771);
#3769 = CARTESIAN_POINT('',(-0.32,-0.32,5.1));
#3770 = DIRECTION('',(0.,1.,0.));
#3771 = DIRECTION('',(0.,0.,-1.));
#3772 = ADVANCED_FACE('',(#3773),#3830,.F.);
#3773 = FACE_BOUND('',#3774,.F.);
#3774 = EDGE_LOOP('',(#3775,#3785,#3793,#3801,#3807,#3808,#3816,#3824));
#3775 = ORIENTED_EDGE('',*,*,#3776,.T.);
#3776 = EDGE_CURVE('',#3777,#3779,#3781,.T.);
#3777 = VERTEX_POINT('',#3778);
#3778 = CARTESIAN_POINT('',(2.18,-0.351578947368,-3.));
#3779 = VERTEX_POINT('',#3780);
#3780 = CARTESIAN_POINT('',(2.18,0.288421052632,-3.));
#3781 = LINE('',#3782,#3783);
#3782 = CARTESIAN_POINT('',(2.18,-0.32,-3.));
#3783 = VECTOR('',#3784,1.);
#3784 = DIRECTION('',(0.,1.,0.));
#3785 = ORIENTED_EDGE('',*,*,#3786,.T.);
#3786 = EDGE_CURVE('',#3779,#3787,#3789,.T.);
#3787 = VERTEX_POINT('',#3788);
#3788 = CARTESIAN_POINT('',(2.18,2.E-02,-1.3));
#3789 = LINE('',#3790,#3791);
#3790 = CARTESIAN_POINT('',(2.18,0.32,-3.2));
#3791 = VECTOR('',#3792,1.);
#3792 = DIRECTION('',(0.,-0.155962573473,0.987762965329));
#3793 = ORIENTED_EDGE('',*,*,#3794,.T.);
#3794 = EDGE_CURVE('',#3787,#3795,#3797,.T.);
#3795 = VERTEX_POINT('',#3796);
#3796 = CARTESIAN_POINT('',(2.18,0.32,-0.7));
#3797 = LINE('',#3798,#3799);
#3798 = CARTESIAN_POINT('',(2.18,2.E-02,-1.3));
#3799 = VECTOR('',#3800,1.);
#3800 = DIRECTION('',(0.,0.4472135955,0.894427191));
#3801 = ORIENTED_EDGE('',*,*,#3802,.T.);
#3802 = EDGE_CURVE('',#3795,#3153,#3803,.T.);
#3803 = LINE('',#3804,#3805);
#3804 = CARTESIAN_POINT('',(2.18,0.32,-0.7));
#3805 = VECTOR('',#3806,1.);
#3806 = DIRECTION('',(0.,0.,1.));
#3807 = ORIENTED_EDGE('',*,*,#3150,.F.);
#3808 = ORIENTED_EDGE('',*,*,#3809,.T.);
#3809 = EDGE_CURVE('',#3151,#3810,#3812,.T.);
#3810 = VERTEX_POINT('',#3811);
#3811 = CARTESIAN_POINT('',(2.18,-0.32,-0.7));
#3812 = LINE('',#3813,#3814);
#3813 = CARTESIAN_POINT('',(2.18,-0.32,5.1));
#3814 = VECTOR('',#3815,1.);
#3815 = DIRECTION('',(0.,0.,-1.));
#3816 = ORIENTED_EDGE('',*,*,#3817,.T.);
#3817 = EDGE_CURVE('',#3810,#3818,#3820,.T.);
#3818 = VERTEX_POINT('',#3819);
#3819 = CARTESIAN_POINT('',(2.18,-0.62,-1.3));
#3820 = LINE('',#3821,#3822);
#3821 = CARTESIAN_POINT('',(2.18,-0.32,-0.7));
#3822 = VECTOR('',#3823,1.);
#3823 = DIRECTION('',(0.,-0.4472135955,-0.894427191));
#3824 = ORIENTED_EDGE('',*,*,#3825,.T.);
#3825 = EDGE_CURVE('',#3818,#3777,#3826,.T.);
#3826 = LINE('',#3827,#3828);
#3827 = CARTESIAN_POINT('',(2.18,-0.62,-1.3));
#3828 = VECTOR('',#3829,1.);
#3829 = DIRECTION('',(0.,0.155962573473,-0.987762965329));
#3830 = PLANE('',#3831);
#3831 = AXIS2_PLACEMENT_3D('',#3832,#3833,#3834);
#3832 = CARTESIAN_POINT('',(2.18,-4.307486879287E-02,0.926376556288));
#3833 = DIRECTION('',(1.,0.,0.));
#3834 = DIRECTION('',(0.,0.,1.));
#3835 = ADVANCED_FACE('',(#3836),#3854,.F.);
#3836 = FACE_BOUND('',#3837,.F.);
#3837 = EDGE_LOOP('',(#3838,#3839,#3840,#3848));
#3838 = ORIENTED_EDGE('',*,*,#3809,.F.);
#3839 = ORIENTED_EDGE('',*,*,#3176,.F.);
#3840 = ORIENTED_EDGE('',*,*,#3841,.T.);
#3841 = EDGE_CURVE('',#3169,#3842,#3844,.T.);
#3842 = VERTEX_POINT('',#3843);
#3843 = CARTESIAN_POINT('',(2.82,-0.32,-0.7));
#3844 = LINE('',#3845,#3846);
#3845 = CARTESIAN_POINT('',(2.82,-0.32,5.1));
#3846 = VECTOR('',#3847,1.);
#3847 = DIRECTION('',(0.,0.,-1.));
#3848 = ORIENTED_EDGE('',*,*,#3849,.F.);
#3849 = EDGE_CURVE('',#3810,#3842,#3850,.T.);
#3850 = LINE('',#3851,#3852);
#3851 = CARTESIAN_POINT('',(2.18,-0.32,-0.7));
#3852 = VECTOR('',#3853,1.);
#3853 = DIRECTION('',(1.,0.,0.));
#3854 = PLANE('',#3855);
#3855 = AXIS2_PLACEMENT_3D('',#3856,#3857,#3858);
#3856 = CARTESIAN_POINT('',(2.18,-0.32,5.1));
#3857 = DIRECTION('',(0.,1.,0.));
#3858 = DIRECTION('',(0.,0.,-1.));
#3859 = ADVANCED_FACE('',(#3860),#3910,.T.);
#3860 = FACE_BOUND('',#3861,.T.);
#3861 = EDGE_LOOP('',(#3862,#3872,#3880,#3888,#3894,#3895,#3896,#3904));
#3862 = ORIENTED_EDGE('',*,*,#3863,.T.);
#3863 = EDGE_CURVE('',#3864,#3866,#3868,.T.);
#3864 = VERTEX_POINT('',#3865);
#3865 = CARTESIAN_POINT('',(2.82,-0.351578947368,-3.));
#3866 = VERTEX_POINT('',#3867);
#3867 = CARTESIAN_POINT('',(2.82,0.288421052632,-3.));
#3868 = LINE('',#3869,#3870);
#3869 = CARTESIAN_POINT('',(2.82,-0.32,-3.));
#3870 = VECTOR('',#3871,1.);
#3871 = DIRECTION('',(0.,1.,0.));
#3872 = ORIENTED_EDGE('',*,*,#3873,.T.);
#3873 = EDGE_CURVE('',#3866,#3874,#3876,.T.);
#3874 = VERTEX_POINT('',#3875);
#3875 = CARTESIAN_POINT('',(2.82,2.E-02,-1.3));
#3876 = LINE('',#3877,#3878);
#3877 = CARTESIAN_POINT('',(2.82,0.32,-3.2));
#3878 = VECTOR('',#3879,1.);
#3879 = DIRECTION('',(0.,-0.155962573473,0.987762965329));
#3880 = ORIENTED_EDGE('',*,*,#3881,.T.);
#3881 = EDGE_CURVE('',#3874,#3882,#3884,.T.);
#3882 = VERTEX_POINT('',#3883);
#3883 = CARTESIAN_POINT('',(2.82,0.32,-0.7));
#3884 = LINE('',#3885,#3886);
#3885 = CARTESIAN_POINT('',(2.82,2.E-02,-1.3));
#3886 = VECTOR('',#3887,1.);
#3887 = DIRECTION('',(0.,0.4472135955,0.894427191));
#3888 = ORIENTED_EDGE('',*,*,#3889,.T.);
#3889 = EDGE_CURVE('',#3882,#3161,#3890,.T.);
#3890 = LINE('',#3891,#3892);
#3891 = CARTESIAN_POINT('',(2.82,0.32,-0.7));
#3892 = VECTOR('',#3893,1.);
#3893 = DIRECTION('',(0.,0.,1.));
#3894 = ORIENTED_EDGE('',*,*,#3168,.F.);
#3895 = ORIENTED_EDGE('',*,*,#3841,.T.);
#3896 = ORIENTED_EDGE('',*,*,#3897,.T.);
#3897 = EDGE_CURVE('',#3842,#3898,#3900,.T.);
#3898 = VERTEX_POINT('',#3899);
#3899 = CARTESIAN_POINT('',(2.82,-0.62,-1.3));
#3900 = LINE('',#3901,#3902);
#3901 = CARTESIAN_POINT('',(2.82,-0.32,-0.7));
#3902 = VECTOR('',#3903,1.);
#3903 = DIRECTION('',(0.,-0.4472135955,-0.894427191));
#3904 = ORIENTED_EDGE('',*,*,#3905,.T.);
#3905 = EDGE_CURVE('',#3898,#3864,#3906,.T.);
#3906 = LINE('',#3907,#3908);
#3907 = CARTESIAN_POINT('',(2.82,-0.62,-1.3));
#3908 = VECTOR('',#3909,1.);
#3909 = DIRECTION('',(0.,0.155962573473,-0.987762965329));
#3910 = PLANE('',#3911);
#3911 = AXIS2_PLACEMENT_3D('',#3912,#3913,#3914);
#3912 = CARTESIAN_POINT('',(2.82,-4.307486879287E-02,0.926376556288));
#3913 = DIRECTION('',(1.,0.,0.));
#3914 = DIRECTION('',(0.,0.,1.));
#3915 = ADVANCED_FACE('',(#3916),#3927,.F.);
#3916 = FACE_BOUND('',#3917,.F.);
#3917 = EDGE_LOOP('',(#3918,#3919,#3925,#3926));
#3918 = ORIENTED_EDGE('',*,*,#3802,.F.);
#3919 = ORIENTED_EDGE('',*,*,#3920,.T.);
#3920 = EDGE_CURVE('',#3795,#3882,#3921,.T.);
#3921 = LINE('',#3922,#3923);
#3922 = CARTESIAN_POINT('',(2.18,0.32,-0.7));
#3923 = VECTOR('',#3924,1.);
#3924 = DIRECTION('',(1.,0.,0.));
#3925 = ORIENTED_EDGE('',*,*,#3889,.T.);
#3926 = ORIENTED_EDGE('',*,*,#3160,.F.);
#3927 = PLANE('',#3928);
#3928 = AXIS2_PLACEMENT_3D('',#3929,#3930,#3931);
#3929 = CARTESIAN_POINT('',(2.18,0.32,-0.7));
#3930 = DIRECTION('',(0.,-1.,0.));
#3931 = DIRECTION('',(0.,0.,1.));
#3932 = ADVANCED_FACE('',(#3933),#4008,.T.);
#3933 = FACE_BOUND('',#3934,.T.);
#3934 = EDGE_LOOP('',(#3935,#3936,#3937,#3945,#3953,#3961,#3969,#3977,
    #3985,#3993,#4001,#4007));
#3935 = ORIENTED_EDGE('',*,*,#3593,.T.);
#3936 = ORIENTED_EDGE('',*,*,#3527,.T.);
#3937 = ORIENTED_EDGE('',*,*,#3938,.T.);
#3938 = EDGE_CURVE('',#3528,#3939,#3941,.T.);
#3939 = VERTEX_POINT('',#3940);
#3940 = CARTESIAN_POINT('',(-1.5,-0.2,6.));
#3941 = LINE('',#3942,#3943);
#3942 = CARTESIAN_POINT('',(-2.5,-0.2,6.));
#3943 = VECTOR('',#3944,1.);
#3944 = DIRECTION('',(1.,0.,0.));
#3945 = ORIENTED_EDGE('',*,*,#3946,.F.);
#3946 = EDGE_CURVE('',#3947,#3939,#3949,.T.);
#3947 = VERTEX_POINT('',#3948);
#3948 = CARTESIAN_POINT('',(-1.5,0.65,6.));
#3949 = LINE('',#3950,#3951);
#3950 = CARTESIAN_POINT('',(-1.5,0.65,6.));
#3951 = VECTOR('',#3952,1.);
#3952 = DIRECTION('',(0.,-1.,0.));
#3953 = ORIENTED_EDGE('',*,*,#3954,.F.);
#3954 = EDGE_CURVE('',#3955,#3947,#3957,.T.);
#3955 = VERTEX_POINT('',#3956);
#3956 = CARTESIAN_POINT('',(-2.05,0.65,6.));
#3957 = LINE('',#3958,#3959);
#3958 = CARTESIAN_POINT('',(-2.05,0.65,6.));
#3959 = VECTOR('',#3960,1.);
#3960 = DIRECTION('',(1.,0.,0.));
#3961 = ORIENTED_EDGE('',*,*,#3962,.F.);
#3962 = EDGE_CURVE('',#3963,#3955,#3965,.T.);
#3963 = VERTEX_POINT('',#3964);
#3964 = CARTESIAN_POINT('',(-2.05,1.15,6.));
#3965 = LINE('',#3966,#3967);
#3966 = CARTESIAN_POINT('',(-2.05,1.15,6.));
#3967 = VECTOR('',#3968,1.);
#3968 = DIRECTION('',(0.,-1.,0.));
#3969 = ORIENTED_EDGE('',*,*,#3970,.F.);
#3970 = EDGE_CURVE('',#3971,#3963,#3973,.T.);
#3971 = VERTEX_POINT('',#3972);
#3972 = CARTESIAN_POINT('',(4.55,1.15,6.));
#3973 = LINE('',#3974,#3975);
#3974 = CARTESIAN_POINT('',(4.55,1.15,6.));
#3975 = VECTOR('',#3976,1.);
#3976 = DIRECTION('',(-1.,0.,0.));
#3977 = ORIENTED_EDGE('',*,*,#3978,.F.);
#3978 = EDGE_CURVE('',#3979,#3971,#3981,.T.);
#3979 = VERTEX_POINT('',#3980);
#3980 = CARTESIAN_POINT('',(4.55,0.65,6.));
#3981 = LINE('',#3982,#3983);
#3982 = CARTESIAN_POINT('',(4.55,0.65,6.));
#3983 = VECTOR('',#3984,1.);
#3984 = DIRECTION('',(0.,1.,0.));
#3985 = ORIENTED_EDGE('',*,*,#3986,.F.);
#3986 = EDGE_CURVE('',#3987,#3979,#3989,.T.);
#3987 = VERTEX_POINT('',#3988);
#3988 = CARTESIAN_POINT('',(4.,0.65,6.));
#3989 = LINE('',#3990,#3991);
#3990 = CARTESIAN_POINT('',(4.,0.65,6.));
#3991 = VECTOR('',#3992,1.);
#3992 = DIRECTION('',(1.,0.,0.));
#3993 = ORIENTED_EDGE('',*,*,#3994,.F.);
#3994 = EDGE_CURVE('',#3995,#3987,#3997,.T.);
#3995 = VERTEX_POINT('',#3996);
#3996 = CARTESIAN_POINT('',(4.,-0.2,6.));
#3997 = LINE('',#3998,#3999);
#3998 = CARTESIAN_POINT('',(4.,-2.2,6.));
#3999 = VECTOR('',#4000,1.);
#4000 = DIRECTION('',(0.,1.,0.));
#4001 = ORIENTED_EDGE('',*,*,#4002,.T.);
#4002 = EDGE_CURVE('',#3995,#3289,#4003,.T.);
#4003 = LINE('',#4004,#4005);
#4004 = CARTESIAN_POINT('',(-2.5,-0.2,6.));
#4005 = VECTOR('',#4006,1.);
#4006 = DIRECTION('',(1.,0.,0.));
#4007 = ORIENTED_EDGE('',*,*,#3296,.T.);
#4008 = PLANE('',#4009);
#4009 = AXIS2_PLACEMENT_3D('',#4010,#4011,#4012);
#4010 = CARTESIAN_POINT('',(1.25,-0.3,6.));
#4011 = DIRECTION('',(0.,0.,1.));
#4012 = DIRECTION('',(1.,0.,-0.));
#4013 = ADVANCED_FACE('',(#4014),#4032,.F.);
#4014 = FACE_BOUND('',#4015,.F.);
#4015 = EDGE_LOOP('',(#4016,#4024,#4025,#4026));
#4016 = ORIENTED_EDGE('',*,*,#4017,.F.);
#4017 = EDGE_CURVE('',#3995,#4018,#4020,.T.);
#4018 = VERTEX_POINT('',#4019);
#4019 = CARTESIAN_POINT('',(4.,-0.2,1.5));
#4020 = LINE('',#4021,#4022);
#4021 = CARTESIAN_POINT('',(4.,-0.2,4.813884850592));
#4022 = VECTOR('',#4023,1.);
#4023 = DIRECTION('',(0.,0.,-1.));
#4024 = ORIENTED_EDGE('',*,*,#4002,.T.);
#4025 = ORIENTED_EDGE('',*,*,#3288,.T.);
#4026 = ORIENTED_EDGE('',*,*,#4027,.F.);
#4027 = EDGE_CURVE('',#4018,#3281,#4028,.T.);
#4028 = LINE('',#4029,#4030);
#4029 = CARTESIAN_POINT('',(-2.5,-0.2,1.5));
#4030 = VECTOR('',#4031,1.);
#4031 = DIRECTION('',(1.,0.,0.));
#4032 = PLANE('',#4033);
#4033 = AXIS2_PLACEMENT_3D('',#4034,#4035,#4036);
#4034 = CARTESIAN_POINT('',(-2.5,-0.2,6.));
#4035 = DIRECTION('',(0.,1.,0.));
#4036 = DIRECTION('',(0.,0.,-1.));
#4037 = ADVANCED_FACE('',(#4038,#4125,#4159),#4193,.T.);
#4038 = FACE_BOUND('',#4039,.T.);
#4039 = EDGE_LOOP('',(#4040,#4046,#4047,#4048,#4056,#4064,#4072,#4080,
    #4088,#4096,#4104,#4110,#4111,#4117,#4118,#4124));
#4040 = ORIENTED_EDGE('',*,*,#4041,.T.);
#4041 = EDGE_CURVE('',#3369,#3273,#4042,.T.);
#4042 = LINE('',#4043,#4044);
#4043 = CARTESIAN_POINT('',(-2.5,-0.6,1.5));
#4044 = VECTOR('',#4045,1.);
#4045 = DIRECTION('',(1.,0.,0.));
#4046 = ORIENTED_EDGE('',*,*,#3280,.F.);
#4047 = ORIENTED_EDGE('',*,*,#4027,.F.);
#4048 = ORIENTED_EDGE('',*,*,#4049,.T.);
#4049 = EDGE_CURVE('',#4018,#4050,#4052,.T.);
#4050 = VERTEX_POINT('',#4051);
#4051 = CARTESIAN_POINT('',(4.,0.65,1.5));
#4052 = LINE('',#4053,#4054);
#4053 = CARTESIAN_POINT('',(4.,-2.2,1.5));
#4054 = VECTOR('',#4055,1.);
#4055 = DIRECTION('',(0.,1.,0.));
#4056 = ORIENTED_EDGE('',*,*,#4057,.T.);
#4057 = EDGE_CURVE('',#4050,#4058,#4060,.T.);
#4058 = VERTEX_POINT('',#4059);
#4059 = CARTESIAN_POINT('',(4.55,0.65,1.5));
#4060 = LINE('',#4061,#4062);
#4061 = CARTESIAN_POINT('',(4.,0.65,1.5));
#4062 = VECTOR('',#4063,1.);
#4063 = DIRECTION('',(1.,0.,0.));
#4064 = ORIENTED_EDGE('',*,*,#4065,.T.);
#4065 = EDGE_CURVE('',#4058,#4066,#4068,.T.);
#4066 = VERTEX_POINT('',#4067);
#4067 = CARTESIAN_POINT('',(4.55,1.15,1.5));
#4068 = LINE('',#4069,#4070);
#4069 = CARTESIAN_POINT('',(4.55,0.65,1.5));
#4070 = VECTOR('',#4071,1.);
#4071 = DIRECTION('',(0.,1.,0.));
#4072 = ORIENTED_EDGE('',*,*,#4073,.T.);
#4073 = EDGE_CURVE('',#4066,#4074,#4076,.T.);
#4074 = VERTEX_POINT('',#4075);
#4075 = CARTESIAN_POINT('',(-2.05,1.15,1.5));
#4076 = LINE('',#4077,#4078);
#4077 = CARTESIAN_POINT('',(4.55,1.15,1.5));
#4078 = VECTOR('',#4079,1.);
#4079 = DIRECTION('',(-1.,0.,0.));
#4080 = ORIENTED_EDGE('',*,*,#4081,.T.);
#4081 = EDGE_CURVE('',#4074,#4082,#4084,.T.);
#4082 = VERTEX_POINT('',#4083);
#4083 = CARTESIAN_POINT('',(-2.05,0.65,1.5));
#4084 = LINE('',#4085,#4086);
#4085 = CARTESIAN_POINT('',(-2.05,1.15,1.5));
#4086 = VECTOR('',#4087,1.);
#4087 = DIRECTION('',(0.,-1.,0.));
#4088 = ORIENTED_EDGE('',*,*,#4089,.T.);
#4089 = EDGE_CURVE('',#4082,#4090,#4092,.T.);
#4090 = VERTEX_POINT('',#4091);
#4091 = CARTESIAN_POINT('',(-1.5,0.65,1.5));
#4092 = LINE('',#4093,#4094);
#4093 = CARTESIAN_POINT('',(-2.05,0.65,1.5));
#4094 = VECTOR('',#4095,1.);
#4095 = DIRECTION('',(1.,0.,0.));
#4096 = ORIENTED_EDGE('',*,*,#4097,.T.);
#4097 = EDGE_CURVE('',#4090,#4098,#4100,.T.);
#4098 = VERTEX_POINT('',#4099);
#4099 = CARTESIAN_POINT('',(-1.5,-0.2,1.5));
#4100 = LINE('',#4101,#4102);
#4101 = CARTESIAN_POINT('',(-1.5,0.65,1.5));
#4102 = VECTOR('',#4103,1.);
#4103 = DIRECTION('',(0.,-1.,0.));
#4104 = ORIENTED_EDGE('',*,*,#4105,.F.);
#4105 = EDGE_CURVE('',#3536,#4098,#4106,.T.);
#4106 = LINE('',#4107,#4108);
#4107 = CARTESIAN_POINT('',(-2.5,-0.2,1.5));
#4108 = VECTOR('',#4109,1.);
#4109 = DIRECTION('',(1.,0.,0.));
#4110 = ORIENTED_EDGE('',*,*,#3543,.T.);
#4111 = ORIENTED_EDGE('',*,*,#4112,.T.);
#4112 = EDGE_CURVE('',#3544,#3441,#4113,.T.);
#4113 = LINE('',#4114,#4115);
#4114 = CARTESIAN_POINT('',(-2.5,-0.6,1.5));
#4115 = VECTOR('',#4116,1.);
#4116 = DIRECTION('',(1.,0.,0.));
#4117 = ORIENTED_EDGE('',*,*,#3440,.T.);
#4118 = ORIENTED_EDGE('',*,*,#4119,.T.);
#4119 = EDGE_CURVE('',#3433,#3377,#4120,.T.);
#4120 = LINE('',#4121,#4122);
#4121 = CARTESIAN_POINT('',(-1.5,-0.8,1.5));
#4122 = VECTOR('',#4123,1.);
#4123 = DIRECTION('',(1.,0.,0.));
#4124 = ORIENTED_EDGE('',*,*,#3376,.T.);
#4125 = FACE_BOUND('',#4126,.T.);
#4126 = EDGE_LOOP('',(#4127,#4137,#4145,#4153));
#4127 = ORIENTED_EDGE('',*,*,#4128,.F.);
#4128 = EDGE_CURVE('',#4129,#4131,#4133,.T.);
#4129 = VERTEX_POINT('',#4130);
#4130 = CARTESIAN_POINT('',(0.32,-0.32,1.5));
#4131 = VERTEX_POINT('',#4132);
#4132 = CARTESIAN_POINT('',(0.32,0.32,1.5));
#4133 = LINE('',#4134,#4135);
#4134 = CARTESIAN_POINT('',(0.32,4.925640446613E-02,1.5));
#4135 = VECTOR('',#4136,1.);
#4136 = DIRECTION('',(0.,1.,-4.284299334657E-32));
#4137 = ORIENTED_EDGE('',*,*,#4138,.T.);
#4138 = EDGE_CURVE('',#4129,#4139,#4141,.T.);
#4139 = VERTEX_POINT('',#4140);
#4140 = CARTESIAN_POINT('',(-0.32,-0.32,1.5));
#4141 = LINE('',#4142,#4143);
#4142 = CARTESIAN_POINT('',(0.465,-0.32,1.5));
#4143 = VECTOR('',#4144,1.);
#4144 = DIRECTION('',(-1.,0.,3.970526847961E-34));
#4145 = ORIENTED_EDGE('',*,*,#4146,.T.);
#4146 = EDGE_CURVE('',#4139,#4147,#4149,.T.);
#4147 = VERTEX_POINT('',#4148);
#4148 = CARTESIAN_POINT('',(-0.32,0.32,1.5));
#4149 = LINE('',#4150,#4151);
#4150 = CARTESIAN_POINT('',(-0.32,4.925640446613E-02,1.5));
#4151 = VECTOR('',#4152,1.);
#4152 = DIRECTION('',(0.,1.,-4.284299334657E-32));
#4153 = ORIENTED_EDGE('',*,*,#4154,.T.);
#4154 = EDGE_CURVE('',#4147,#4131,#4155,.T.);
#4155 = LINE('',#4156,#4157);
#4156 = CARTESIAN_POINT('',(0.465,0.32,1.5));
#4157 = VECTOR('',#4158,1.);
#4158 = DIRECTION('',(1.,0.,-3.970526847961E-34));
#4159 = FACE_BOUND('',#4160,.T.);
#4160 = EDGE_LOOP('',(#4161,#4171,#4179,#4187));
#4161 = ORIENTED_EDGE('',*,*,#4162,.T.);
#4162 = EDGE_CURVE('',#4163,#4165,#4167,.T.);
#4163 = VERTEX_POINT('',#4164);
#4164 = CARTESIAN_POINT('',(2.18,-0.32,1.5));
#4165 = VERTEX_POINT('',#4166);
#4166 = CARTESIAN_POINT('',(2.18,0.32,1.5));
#4167 = LINE('',#4168,#4169);
#4168 = CARTESIAN_POINT('',(2.18,4.925640446613E-02,1.5));
#4169 = VECTOR('',#4170,1.);
#4170 = DIRECTION('',(0.,1.,-4.284299334657E-32));
#4171 = ORIENTED_EDGE('',*,*,#4172,.T.);
#4172 = EDGE_CURVE('',#4165,#4173,#4175,.T.);
#4173 = VERTEX_POINT('',#4174);
#4174 = CARTESIAN_POINT('',(2.82,0.32,1.5));
#4175 = LINE('',#4176,#4177);
#4176 = CARTESIAN_POINT('',(1.715,0.32,1.5));
#4177 = VECTOR('',#4178,1.);
#4178 = DIRECTION('',(1.,0.,-3.970526847961E-34));
#4179 = ORIENTED_EDGE('',*,*,#4180,.F.);
#4180 = EDGE_CURVE('',#4181,#4173,#4183,.T.);
#4181 = VERTEX_POINT('',#4182);
#4182 = CARTESIAN_POINT('',(2.82,-0.32,1.5));
#4183 = LINE('',#4184,#4185);
#4184 = CARTESIAN_POINT('',(2.82,4.925640446613E-02,1.5));
#4185 = VECTOR('',#4186,1.);
#4186 = DIRECTION('',(0.,1.,-4.284299334657E-32));
#4187 = ORIENTED_EDGE('',*,*,#4188,.T.);
#4188 = EDGE_CURVE('',#4181,#4163,#4189,.T.);
#4189 = LINE('',#4190,#4191);
#4190 = CARTESIAN_POINT('',(1.715,-0.32,1.5));
#4191 = VECTOR('',#4192,1.);
#4192 = DIRECTION('',(-1.,0.,3.970526847961E-34));
#4193 = PLANE('',#4194);
#4194 = AXIS2_PLACEMENT_3D('',#4195,#4196,#4197);
#4195 = CARTESIAN_POINT('',(1.25,0.141587677725,1.5));
#4196 = DIRECTION('',(3.970526847961E-34,4.284299334657E-32,1.));
#4197 = DIRECTION('',(0.,1.,-4.284299334657E-32));
#4198 = ADVANCED_FACE('',(#4199),#4210,.F.);
#4199 = FACE_BOUND('',#4200,.F.);
#4200 = EDGE_LOOP('',(#4201,#4202,#4203,#4204));
#4201 = ORIENTED_EDGE('',*,*,#3368,.F.);
#4202 = ORIENTED_EDGE('',*,*,#4041,.T.);
#4203 = ORIENTED_EDGE('',*,*,#3272,.T.);
#4204 = ORIENTED_EDGE('',*,*,#4205,.F.);
#4205 = EDGE_CURVE('',#3361,#3265,#4206,.T.);
#4206 = LINE('',#4207,#4208);
#4207 = CARTESIAN_POINT('',(-2.5,-0.9,4.1));
#4208 = VECTOR('',#4209,1.);
#4209 = DIRECTION('',(1.,0.,0.));
#4210 = PLANE('',#4211);
#4211 = AXIS2_PLACEMENT_3D('',#4212,#4213,#4214);
#4212 = CARTESIAN_POINT('',(-2.5,-0.6,1.5));
#4213 = DIRECTION('',(0.,-0.993408935871,-0.114624107985));
#4214 = DIRECTION('',(0.,-0.114624107985,0.993408935871));
#4215 = ADVANCED_FACE('',(#4216),#4227,.F.);
#4216 = FACE_BOUND('',#4217,.F.);
#4217 = EDGE_LOOP('',(#4218,#4219,#4220,#4221));
#4218 = ORIENTED_EDGE('',*,*,#3360,.F.);
#4219 = ORIENTED_EDGE('',*,*,#4205,.T.);
#4220 = ORIENTED_EDGE('',*,*,#3264,.T.);
#4221 = ORIENTED_EDGE('',*,*,#4222,.F.);
#4222 = EDGE_CURVE('',#3353,#3257,#4223,.T.);
#4223 = LINE('',#4224,#4225);
#4224 = CARTESIAN_POINT('',(-2.5,-0.6,4.3));
#4225 = VECTOR('',#4226,1.);
#4226 = DIRECTION('',(1.,0.,0.));
#4227 = PLANE('',#4228);
#4228 = AXIS2_PLACEMENT_3D('',#4229,#4230,#4231);
#4229 = CARTESIAN_POINT('',(-2.5,-0.9,4.1));
#4230 = DIRECTION('',(0.,-0.554700196225,0.832050294338));
#4231 = DIRECTION('',(0.,0.832050294338,0.554700196225));
#4232 = ADVANCED_FACE('',(#4233),#4244,.F.);
#4233 = FACE_BOUND('',#4234,.F.);
#4234 = EDGE_LOOP('',(#4235,#4236,#4237,#4238));
#4235 = ORIENTED_EDGE('',*,*,#3352,.F.);
#4236 = ORIENTED_EDGE('',*,*,#4222,.T.);
#4237 = ORIENTED_EDGE('',*,*,#3256,.T.);
#4238 = ORIENTED_EDGE('',*,*,#4239,.F.);
#4239 = EDGE_CURVE('',#3345,#3249,#4240,.T.);
#4240 = LINE('',#4241,#4242);
#4241 = CARTESIAN_POINT('',(-2.5,-0.6,4.5));
#4242 = VECTOR('',#4243,1.);
#4243 = DIRECTION('',(1.,0.,0.));
#4244 = PLANE('',#4245);
#4245 = AXIS2_PLACEMENT_3D('',#4246,#4247,#4248);
#4246 = CARTESIAN_POINT('',(-2.5,-0.6,4.3));
#4247 = DIRECTION('',(0.,-1.,0.));
#4248 = DIRECTION('',(0.,0.,1.));
#4249 = ADVANCED_FACE('',(#4250),#4256,.F.);
#4250 = FACE_BOUND('',#4251,.F.);
#4251 = EDGE_LOOP('',(#4252,#4253,#4254,#4255));
#4252 = ORIENTED_EDGE('',*,*,#3344,.F.);
#4253 = ORIENTED_EDGE('',*,*,#4239,.T.);
#4254 = ORIENTED_EDGE('',*,*,#3248,.T.);
#4255 = ORIENTED_EDGE('',*,*,#3326,.F.);
#4256 = PLANE('',#4257);
#4257 = AXIS2_PLACEMENT_3D('',#4258,#4259,#4260);
#4258 = CARTESIAN_POINT('',(-2.5,-0.6,4.5));
#4259 = DIRECTION('',(0.,-0.759256602365,-0.650791373456));
#4260 = DIRECTION('',(0.,-0.650791373456,0.759256602365));
#4261 = ADVANCED_FACE('',(#4262),#4268,.T.);
#4262 = FACE_BOUND('',#4263,.T.);
#4263 = EDGE_LOOP('',(#4264,#4265,#4266,#4267));
#4264 = ORIENTED_EDGE('',*,*,#3408,.T.);
#4265 = ORIENTED_EDGE('',*,*,#3384,.T.);
#4266 = ORIENTED_EDGE('',*,*,#4119,.F.);
#4267 = ORIENTED_EDGE('',*,*,#3432,.F.);
#4268 = PLANE('',#4269);
#4269 = AXIS2_PLACEMENT_3D('',#4270,#4271,#4272);
#4270 = CARTESIAN_POINT('',(-1.5,-1.2,1.1));
#4271 = DIRECTION('',(0.,-0.707106781187,0.707106781187));
#4272 = DIRECTION('',(0.,0.707106781187,0.707106781187));
#4273 = ADVANCED_FACE('',(#4274),#4285,.F.);
#4274 = FACE_BOUND('',#4275,.F.);
#4275 = EDGE_LOOP('',(#4276,#4277,#4283,#4284));
#4276 = ORIENTED_EDGE('',*,*,#3575,.F.);
#4277 = ORIENTED_EDGE('',*,*,#4278,.T.);
#4278 = EDGE_CURVE('',#3568,#3465,#4279,.T.);
#4279 = LINE('',#4280,#4281);
#4280 = CARTESIAN_POINT('',(-2.5,-0.6,4.5));
#4281 = VECTOR('',#4282,1.);
#4282 = DIRECTION('',(1.,0.,0.));
#4283 = ORIENTED_EDGE('',*,*,#3472,.F.);
#4284 = ORIENTED_EDGE('',*,*,#3502,.F.);
#4285 = PLANE('',#4286);
#4286 = AXIS2_PLACEMENT_3D('',#4287,#4288,#4289);
#4287 = CARTESIAN_POINT('',(-2.5,-0.6,4.5));
#4288 = DIRECTION('',(0.,-0.759256602365,-0.650791373456));
#4289 = DIRECTION('',(0.,-0.650791373456,0.759256602365));
#4290 = ADVANCED_FACE('',(#4291),#4302,.F.);
#4291 = FACE_BOUND('',#4292,.F.);
#4292 = EDGE_LOOP('',(#4293,#4294,#4300,#4301));
#4293 = ORIENTED_EDGE('',*,*,#3567,.F.);
#4294 = ORIENTED_EDGE('',*,*,#4295,.T.);
#4295 = EDGE_CURVE('',#3560,#3457,#4296,.T.);
#4296 = LINE('',#4297,#4298);
#4297 = CARTESIAN_POINT('',(-2.5,-0.6,4.3));
#4298 = VECTOR('',#4299,1.);
#4299 = DIRECTION('',(1.,0.,0.));
#4300 = ORIENTED_EDGE('',*,*,#3464,.F.);
#4301 = ORIENTED_EDGE('',*,*,#4278,.F.);
#4302 = PLANE('',#4303);
#4303 = AXIS2_PLACEMENT_3D('',#4304,#4305,#4306);
#4304 = CARTESIAN_POINT('',(-2.5,-0.6,4.3));
#4305 = DIRECTION('',(0.,-1.,0.));
#4306 = DIRECTION('',(0.,0.,1.));
#4307 = ADVANCED_FACE('',(#4308),#4319,.F.);
#4308 = FACE_BOUND('',#4309,.F.);
#4309 = EDGE_LOOP('',(#4310,#4311,#4317,#4318));
#4310 = ORIENTED_EDGE('',*,*,#3559,.F.);
#4311 = ORIENTED_EDGE('',*,*,#4312,.T.);
#4312 = EDGE_CURVE('',#3552,#3449,#4313,.T.);
#4313 = LINE('',#4314,#4315);
#4314 = CARTESIAN_POINT('',(-2.5,-0.9,4.1));
#4315 = VECTOR('',#4316,1.);
#4316 = DIRECTION('',(1.,0.,0.));
#4317 = ORIENTED_EDGE('',*,*,#3456,.F.);
#4318 = ORIENTED_EDGE('',*,*,#4295,.F.);
#4319 = PLANE('',#4320);
#4320 = AXIS2_PLACEMENT_3D('',#4321,#4322,#4323);
#4321 = CARTESIAN_POINT('',(-2.5,-0.9,4.1));
#4322 = DIRECTION('',(0.,-0.554700196225,0.832050294338));
#4323 = DIRECTION('',(0.,0.832050294338,0.554700196225));
#4324 = ADVANCED_FACE('',(#4325),#4331,.F.);
#4325 = FACE_BOUND('',#4326,.F.);
#4326 = EDGE_LOOP('',(#4327,#4328,#4329,#4330));
#4327 = ORIENTED_EDGE('',*,*,#3551,.F.);
#4328 = ORIENTED_EDGE('',*,*,#4112,.T.);
#4329 = ORIENTED_EDGE('',*,*,#3448,.F.);
#4330 = ORIENTED_EDGE('',*,*,#4312,.F.);
#4331 = PLANE('',#4332);
#4332 = AXIS2_PLACEMENT_3D('',#4333,#4334,#4335);
#4333 = CARTESIAN_POINT('',(-2.5,-0.6,1.5));
#4334 = DIRECTION('',(0.,-0.993408935871,-0.114624107985));
#4335 = DIRECTION('',(0.,-0.114624107985,0.993408935871));
#4336 = ADVANCED_FACE('',(#4337),#4348,.F.);
#4337 = FACE_BOUND('',#4338,.F.);
#4338 = EDGE_LOOP('',(#4339,#4340,#4341,#4347));
#4339 = ORIENTED_EDGE('',*,*,#3535,.F.);
#4340 = ORIENTED_EDGE('',*,*,#3938,.T.);
#4341 = ORIENTED_EDGE('',*,*,#4342,.F.);
#4342 = EDGE_CURVE('',#4098,#3939,#4343,.T.);
#4343 = LINE('',#4344,#4345);
#4344 = CARTESIAN_POINT('',(-1.5,-0.2,4.813884850592));
#4345 = VECTOR('',#4346,1.);
#4346 = DIRECTION('',(1.299666824138E-17,0.,1.));
#4347 = ORIENTED_EDGE('',*,*,#4105,.F.);
#4348 = PLANE('',#4349);
#4349 = AXIS2_PLACEMENT_3D('',#4350,#4351,#4352);
#4350 = CARTESIAN_POINT('',(-2.5,-0.2,6.));
#4351 = DIRECTION('',(0.,1.,0.));
#4352 = DIRECTION('',(0.,0.,-1.));
#4353 = ADVANCED_FACE('',(#4354),#4395,.F.);
#4354 = FACE_BOUND('',#4355,.T.);
#4355 = EDGE_LOOP('',(#4356,#4366,#4374,#4382,#4388,#4389));
#4356 = ORIENTED_EDGE('',*,*,#4357,.F.);
#4357 = EDGE_CURVE('',#4358,#4360,#4362,.T.);
#4358 = VERTEX_POINT('',#4359);
#4359 = CARTESIAN_POINT('',(0.12,-0.12,-3.2));
#4360 = VERTEX_POINT('',#4361);
#4361 = CARTESIAN_POINT('',(0.317552593066,-0.351192514695,
    -3.002447406934));
#4362 = LINE('',#4363,#4364);
#4363 = CARTESIAN_POINT('',(0.153849098111,-0.159613036666,
    -3.166150901889));
#4364 = VECTOR('',#4365,1.);
#4365 = DIRECTION('',(0.544770019249,-0.63753529491,0.544770019249));
#4366 = ORIENTED_EDGE('',*,*,#4367,.T.);
#4367 = EDGE_CURVE('',#4358,#4368,#4370,.T.);
#4368 = VERTEX_POINT('',#4369);
#4369 = CARTESIAN_POINT('',(0.12,0.12,-3.2));
#4370 = LINE('',#4371,#4372);
#4371 = CARTESIAN_POINT('',(0.12,-0.32,-3.2));
#4372 = VECTOR('',#4373,1.);
#4373 = DIRECTION('',(0.,1.,0.));
#4374 = ORIENTED_EDGE('',*,*,#4375,.T.);
#4375 = EDGE_CURVE('',#4368,#4376,#4378,.T.);
#4376 = VERTEX_POINT('',#4377);
#4377 = CARTESIAN_POINT('',(0.317552593066,0.288807485305,
    -3.002447406934));
#4378 = LINE('',#4379,#4380);
#4379 = CARTESIAN_POINT('',(3.848855660758E-02,5.034896900541E-02,
    -3.281511443392));
#4380 = VECTOR('',#4381,1.);
#4381 = DIRECTION('',(0.605209817607,0.517148096144,0.605209817607));
#4382 = ORIENTED_EDGE('',*,*,#4383,.T.);
#4383 = EDGE_CURVE('',#4376,#3619,#4384,.T.);
#4384 = LINE('',#4385,#4386);
#4385 = CARTESIAN_POINT('',(8.569083447332E-02,0.325417236662,
    -3.234309165527));
#4386 = VECTOR('',#4387,1.);
#4387 = DIRECTION('',(0.702740385383,-0.110959008218,0.702740385383));
#4388 = ORIENTED_EDGE('',*,*,#3616,.F.);
#4389 = ORIENTED_EDGE('',*,*,#4390,.F.);
#4390 = EDGE_CURVE('',#4360,#3617,#4391,.T.);
#4391 = LINE('',#4392,#4393);
#4392 = CARTESIAN_POINT('',(0.541586867305,-0.386566347469,
    -2.778413132695));
#4393 = VECTOR('',#4394,1.);
#4394 = DIRECTION('',(0.702740385383,-0.110959008218,0.702740385383));
#4395 = PLANE('',#4396);
#4396 = AXIS2_PLACEMENT_3D('',#4397,#4398,#4399);
#4397 = CARTESIAN_POINT('',(0.22,-0.32,-3.1));
#4398 = DIRECTION('',(-0.707106781187,1.735417226644E-18,0.707106781187)
  );
#4399 = DIRECTION('',(-1.227125289148E-18,-1.,1.227125289148E-18));
#4400 = ADVANCED_FACE('',(#4401),#4426,.F.);
#4401 = FACE_BOUND('',#4402,.F.);
#4402 = EDGE_LOOP('',(#4403,#4404,#4410,#4411,#4412,#4420));
#4403 = ORIENTED_EDGE('',*,*,#3745,.F.);
#4404 = ORIENTED_EDGE('',*,*,#4405,.T.);
#4405 = EDGE_CURVE('',#3738,#3658,#4406,.T.);
#4406 = LINE('',#4407,#4408);
#4407 = CARTESIAN_POINT('',(-0.32,-0.62,-1.3));
#4408 = VECTOR('',#4409,1.);
#4409 = DIRECTION('',(1.,0.,0.));
#4410 = ORIENTED_EDGE('',*,*,#3665,.T.);
#4411 = ORIENTED_EDGE('',*,*,#4390,.F.);
#4412 = ORIENTED_EDGE('',*,*,#4413,.F.);
#4413 = EDGE_CURVE('',#4414,#4360,#4416,.T.);
#4414 = VERTEX_POINT('',#4415);
#4415 = CARTESIAN_POINT('',(-0.317552593066,-0.351192514695,
    -3.002447406934));
#4416 = LINE('',#4417,#4418);
#4417 = CARTESIAN_POINT('',(-0.32,-0.351192514695,-3.002447406934));
#4418 = VECTOR('',#4419,1.);
#4419 = DIRECTION('',(1.,0.,0.));
#4420 = ORIENTED_EDGE('',*,*,#4421,.T.);
#4421 = EDGE_CURVE('',#4414,#3704,#4422,.T.);
#4422 = LINE('',#4423,#4424);
#4423 = CARTESIAN_POINT('',(-0.699616963064,-0.411518467852,
    -2.620383036936));
#4424 = VECTOR('',#4425,1.);
#4425 = DIRECTION('',(-0.702740385383,-0.110959008218,0.702740385383));
#4426 = PLANE('',#4427);
#4427 = AXIS2_PLACEMENT_3D('',#4428,#4429,#4430);
#4428 = CARTESIAN_POINT('',(-0.32,-0.62,-1.3));
#4429 = DIRECTION('',(0.,0.987762965329,0.155962573473));
#4430 = DIRECTION('',(0.,0.155962573473,-0.987762965329));
#4431 = ADVANCED_FACE('',(#4432),#4438,.F.);
#4432 = FACE_BOUND('',#4433,.F.);
#4433 = EDGE_LOOP('',(#4434,#4435,#4436,#4437));
#4434 = ORIENTED_EDGE('',*,*,#3762,.T.);
#4435 = ORIENTED_EDGE('',*,*,#3657,.T.);
#4436 = ORIENTED_EDGE('',*,*,#4405,.F.);
#4437 = ORIENTED_EDGE('',*,*,#3737,.F.);
#4438 = PLANE('',#4439);
#4439 = AXIS2_PLACEMENT_3D('',#4440,#4441,#4442);
#4440 = CARTESIAN_POINT('',(-0.32,-0.32,-0.7));
#4441 = DIRECTION('',(0.,0.894427191,-0.4472135955));
#4442 = DIRECTION('',(0.,-0.4472135955,-0.894427191));
#4443 = ADVANCED_FACE('',(#4444),#4455,.F.);
#4444 = FACE_BOUND('',#4445,.F.);
#4445 = EDGE_LOOP('',(#4446,#4452,#4453,#4454));
#4446 = ORIENTED_EDGE('',*,*,#4447,.T.);
#4447 = EDGE_CURVE('',#3714,#3627,#4448,.T.);
#4448 = LINE('',#4449,#4450);
#4449 = CARTESIAN_POINT('',(-0.32,2.E-02,-1.3));
#4450 = VECTOR('',#4451,1.);
#4451 = DIRECTION('',(1.,0.,0.));
#4452 = ORIENTED_EDGE('',*,*,#3634,.T.);
#4453 = ORIENTED_EDGE('',*,*,#3687,.F.);
#4454 = ORIENTED_EDGE('',*,*,#3721,.F.);
#4455 = PLANE('',#4456);
#4456 = AXIS2_PLACEMENT_3D('',#4457,#4458,#4459);
#4457 = CARTESIAN_POINT('',(-0.32,2.E-02,-1.3));
#4458 = DIRECTION('',(0.,-0.894427191,0.4472135955));
#4459 = DIRECTION('',(0.,0.4472135955,0.894427191));
#4460 = ADVANCED_FACE('',(#4461),#4481,.F.);
#4461 = FACE_BOUND('',#4462,.F.);
#4462 = EDGE_LOOP('',(#4463,#4464,#4472,#4478,#4479,#4480));
#4463 = ORIENTED_EDGE('',*,*,#3713,.F.);
#4464 = ORIENTED_EDGE('',*,*,#4465,.F.);
#4465 = EDGE_CURVE('',#4466,#3706,#4468,.T.);
#4466 = VERTEX_POINT('',#4467);
#4467 = CARTESIAN_POINT('',(-0.317552593066,0.288807485305,
    -3.002447406934));
#4468 = LINE('',#4469,#4470);
#4469 = CARTESIAN_POINT('',(-0.243720930233,0.300465116279,
    -3.076279069767));
#4470 = VECTOR('',#4471,1.);
#4471 = DIRECTION('',(-0.702740385383,-0.110959008218,0.702740385383));
#4472 = ORIENTED_EDGE('',*,*,#4473,.T.);
#4473 = EDGE_CURVE('',#4466,#4376,#4474,.T.);
#4474 = LINE('',#4475,#4476);
#4475 = CARTESIAN_POINT('',(-0.32,0.288807485305,-3.002447406934));
#4476 = VECTOR('',#4477,1.);
#4477 = DIRECTION('',(1.,0.,0.));
#4478 = ORIENTED_EDGE('',*,*,#4383,.T.);
#4479 = ORIENTED_EDGE('',*,*,#3626,.T.);
#4480 = ORIENTED_EDGE('',*,*,#4447,.F.);
#4481 = PLANE('',#4482);
#4482 = AXIS2_PLACEMENT_3D('',#4483,#4484,#4485);
#4483 = CARTESIAN_POINT('',(-0.32,0.32,-3.2));
#4484 = DIRECTION('',(0.,-0.987762965329,-0.155962573473));
#4485 = DIRECTION('',(0.,-0.155962573473,0.987762965329));
#4486 = ADVANCED_FACE('',(#4487),#4514,.T.);
#4487 = FACE_BOUND('',#4488,.F.);
#4488 = EDGE_LOOP('',(#4489,#4497,#4505,#4511,#4512,#4513));
#4489 = ORIENTED_EDGE('',*,*,#4490,.F.);
#4490 = EDGE_CURVE('',#4491,#4414,#4493,.T.);
#4491 = VERTEX_POINT('',#4492);
#4492 = CARTESIAN_POINT('',(-0.12,-0.12,-3.2));
#4493 = LINE('',#4494,#4495);
#4494 = CARTESIAN_POINT('',(-0.24881689775,-0.270752273427,
    -3.07118310225));
#4495 = VECTOR('',#4496,1.);
#4496 = DIRECTION('',(-0.544770019249,-0.63753529491,0.544770019249));
#4497 = ORIENTED_EDGE('',*,*,#4498,.T.);
#4498 = EDGE_CURVE('',#4491,#4499,#4501,.T.);
#4499 = VERTEX_POINT('',#4500);
#4500 = CARTESIAN_POINT('',(-0.12,0.12,-3.2));
#4501 = LINE('',#4502,#4503);
#4502 = CARTESIAN_POINT('',(-0.12,-0.32,-3.2));
#4503 = VECTOR('',#4504,1.);
#4504 = DIRECTION('',(0.,1.,0.));
#4505 = ORIENTED_EDGE('',*,*,#4506,.T.);
#4506 = EDGE_CURVE('',#4499,#4466,#4507,.T.);
#4507 = LINE('',#4508,#4509);
#4508 = CARTESIAN_POINT('',(-0.155697812072,0.150503562587,
    -3.164302187928));
#4509 = VECTOR('',#4510,1.);
#4510 = DIRECTION('',(-0.605209817607,0.517148096144,0.605209817607));
#4511 = ORIENTED_EDGE('',*,*,#4465,.T.);
#4512 = ORIENTED_EDGE('',*,*,#3703,.F.);
#4513 = ORIENTED_EDGE('',*,*,#4421,.F.);
#4514 = PLANE('',#4515);
#4515 = AXIS2_PLACEMENT_3D('',#4516,#4517,#4518);
#4516 = CARTESIAN_POINT('',(-0.22,-0.32,-3.1));
#4517 = DIRECTION('',(-0.707106781187,-1.735417226644E-18,
    -0.707106781187));
#4518 = DIRECTION('',(1.227125289148E-18,-1.,1.227125289148E-18));
#4519 = ADVANCED_FACE('',(#4520),#4561,.T.);
#4520 = FACE_BOUND('',#4521,.F.);
#4521 = EDGE_LOOP('',(#4522,#4532,#4540,#4548,#4554,#4555));
#4522 = ORIENTED_EDGE('',*,*,#4523,.F.);
#4523 = EDGE_CURVE('',#4524,#4526,#4528,.T.);
#4524 = VERTEX_POINT('',#4525);
#4525 = CARTESIAN_POINT('',(2.38,-0.12,-3.2));
#4526 = VERTEX_POINT('',#4527);
#4527 = CARTESIAN_POINT('',(2.182447406934,-0.351192514695,
    -3.002447406934));
#4528 = LINE('',#4529,#4530);
#4529 = CARTESIAN_POINT('',(2.25118310225,-0.270752273427,-3.07118310225
    ));
#4530 = VECTOR('',#4531,1.);
#4531 = DIRECTION('',(-0.544770019249,-0.63753529491,0.544770019249));
#4532 = ORIENTED_EDGE('',*,*,#4533,.T.);
#4533 = EDGE_CURVE('',#4524,#4534,#4536,.T.);
#4534 = VERTEX_POINT('',#4535);
#4535 = CARTESIAN_POINT('',(2.38,0.12,-3.2));
#4536 = LINE('',#4537,#4538);
#4537 = CARTESIAN_POINT('',(2.38,-0.32,-3.2));
#4538 = VECTOR('',#4539,1.);
#4539 = DIRECTION('',(0.,1.,0.));
#4540 = ORIENTED_EDGE('',*,*,#4541,.T.);
#4541 = EDGE_CURVE('',#4534,#4542,#4544,.T.);
#4542 = VERTEX_POINT('',#4543);
#4543 = CARTESIAN_POINT('',(2.182447406934,0.288807485305,
    -3.002447406934));
#4544 = LINE('',#4545,#4546);
#4545 = CARTESIAN_POINT('',(2.344302187928,0.150503562587,
    -3.164302187928));
#4546 = VECTOR('',#4547,1.);
#4547 = DIRECTION('',(-0.605209817607,0.517148096144,0.605209817607));
#4548 = ORIENTED_EDGE('',*,*,#4549,.T.);
#4549 = EDGE_CURVE('',#4542,#3779,#4550,.T.);
#4550 = LINE('',#4551,#4552);
#4551 = CARTESIAN_POINT('',(2.256279069767,0.300465116279,
    -3.076279069767));
#4552 = VECTOR('',#4553,1.);
#4553 = DIRECTION('',(-0.702740385383,-0.110959008218,0.702740385383));
#4554 = ORIENTED_EDGE('',*,*,#3776,.F.);
#4555 = ORIENTED_EDGE('',*,*,#4556,.F.);
#4556 = EDGE_CURVE('',#4526,#3777,#4557,.T.);
#4557 = LINE('',#4558,#4559);
#4558 = CARTESIAN_POINT('',(1.800383036936,-0.411518467852,
    -2.620383036936));
#4559 = VECTOR('',#4560,1.);
#4560 = DIRECTION('',(-0.702740385383,-0.110959008218,0.702740385383));
#4561 = PLANE('',#4562);
#4562 = AXIS2_PLACEMENT_3D('',#4563,#4564,#4565);
#4563 = CARTESIAN_POINT('',(2.28,-0.32,-3.1));
#4564 = DIRECTION('',(-0.707106781187,-1.735417226644E-18,
    -0.707106781187));
#4565 = DIRECTION('',(1.227125289148E-18,-1.,1.227125289148E-18));
#4566 = ADVANCED_FACE('',(#4567),#4592,.F.);
#4567 = FACE_BOUND('',#4568,.F.);
#4568 = EDGE_LOOP('',(#4569,#4570,#4576,#4577,#4585,#4591));
#4569 = ORIENTED_EDGE('',*,*,#3825,.F.);
#4570 = ORIENTED_EDGE('',*,*,#4571,.T.);
#4571 = EDGE_CURVE('',#3818,#3898,#4572,.T.);
#4572 = LINE('',#4573,#4574);
#4573 = CARTESIAN_POINT('',(2.18,-0.62,-1.3));
#4574 = VECTOR('',#4575,1.);
#4575 = DIRECTION('',(1.,0.,0.));
#4576 = ORIENTED_EDGE('',*,*,#3905,.T.);
#4577 = ORIENTED_EDGE('',*,*,#4578,.F.);
#4578 = EDGE_CURVE('',#4579,#3864,#4581,.T.);
#4579 = VERTEX_POINT('',#4580);
#4580 = CARTESIAN_POINT('',(2.817552593066,-0.351192514695,
    -3.002447406934));
#4581 = LINE('',#4582,#4583);
#4582 = CARTESIAN_POINT('',(3.041586867305,-0.386566347469,
    -2.778413132695));
#4583 = VECTOR('',#4584,1.);
#4584 = DIRECTION('',(0.702740385383,-0.110959008218,0.702740385383));
#4585 = ORIENTED_EDGE('',*,*,#4586,.F.);
#4586 = EDGE_CURVE('',#4526,#4579,#4587,.T.);
#4587 = LINE('',#4588,#4589);
#4588 = CARTESIAN_POINT('',(2.18,-0.351192514695,-3.002447406934));
#4589 = VECTOR('',#4590,1.);
#4590 = DIRECTION('',(1.,0.,0.));
#4591 = ORIENTED_EDGE('',*,*,#4556,.T.);
#4592 = PLANE('',#4593);
#4593 = AXIS2_PLACEMENT_3D('',#4594,#4595,#4596);
#4594 = CARTESIAN_POINT('',(2.18,-0.62,-1.3));
#4595 = DIRECTION('',(0.,0.987762965329,0.155962573473));
#4596 = DIRECTION('',(0.,0.155962573473,-0.987762965329));
#4597 = ADVANCED_FACE('',(#4598),#4604,.F.);
#4598 = FACE_BOUND('',#4599,.F.);
#4599 = EDGE_LOOP('',(#4600,#4601,#4602,#4603));
#4600 = ORIENTED_EDGE('',*,*,#3849,.T.);
#4601 = ORIENTED_EDGE('',*,*,#3897,.T.);
#4602 = ORIENTED_EDGE('',*,*,#4571,.F.);
#4603 = ORIENTED_EDGE('',*,*,#3817,.F.);
#4604 = PLANE('',#4605);
#4605 = AXIS2_PLACEMENT_3D('',#4606,#4607,#4608);
#4606 = CARTESIAN_POINT('',(2.18,-0.32,-0.7));
#4607 = DIRECTION('',(0.,0.894427191,-0.4472135955));
#4608 = DIRECTION('',(0.,-0.4472135955,-0.894427191));
#4609 = ADVANCED_FACE('',(#4610),#4621,.F.);
#4610 = FACE_BOUND('',#4611,.F.);
#4611 = EDGE_LOOP('',(#4612,#4618,#4619,#4620));
#4612 = ORIENTED_EDGE('',*,*,#4613,.T.);
#4613 = EDGE_CURVE('',#3787,#3874,#4614,.T.);
#4614 = LINE('',#4615,#4616);
#4615 = CARTESIAN_POINT('',(2.18,2.E-02,-1.3));
#4616 = VECTOR('',#4617,1.);
#4617 = DIRECTION('',(1.,0.,0.));
#4618 = ORIENTED_EDGE('',*,*,#3881,.T.);
#4619 = ORIENTED_EDGE('',*,*,#3920,.F.);
#4620 = ORIENTED_EDGE('',*,*,#3794,.F.);
#4621 = PLANE('',#4622);
#4622 = AXIS2_PLACEMENT_3D('',#4623,#4624,#4625);
#4623 = CARTESIAN_POINT('',(2.18,2.E-02,-1.3));
#4624 = DIRECTION('',(0.,-0.894427191,0.4472135955));
#4625 = DIRECTION('',(0.,0.4472135955,0.894427191));
#4626 = ADVANCED_FACE('',(#4627),#4647,.F.);
#4627 = FACE_BOUND('',#4628,.F.);
#4628 = EDGE_LOOP('',(#4629,#4630,#4631,#4639,#4645,#4646));
#4629 = ORIENTED_EDGE('',*,*,#3786,.F.);
#4630 = ORIENTED_EDGE('',*,*,#4549,.F.);
#4631 = ORIENTED_EDGE('',*,*,#4632,.T.);
#4632 = EDGE_CURVE('',#4542,#4633,#4635,.T.);
#4633 = VERTEX_POINT('',#4634);
#4634 = CARTESIAN_POINT('',(2.817552593066,0.288807485305,
    -3.002447406934));
#4635 = LINE('',#4636,#4637);
#4636 = CARTESIAN_POINT('',(2.18,0.288807485305,-3.002447406934));
#4637 = VECTOR('',#4638,1.);
#4638 = DIRECTION('',(1.,0.,0.));
#4639 = ORIENTED_EDGE('',*,*,#4640,.T.);
#4640 = EDGE_CURVE('',#4633,#3866,#4641,.T.);
#4641 = LINE('',#4642,#4643);
#4642 = CARTESIAN_POINT('',(2.585690834473,0.325417236662,
    -3.234309165527));
#4643 = VECTOR('',#4644,1.);
#4644 = DIRECTION('',(0.702740385383,-0.110959008218,0.702740385383));
#4645 = ORIENTED_EDGE('',*,*,#3873,.T.);
#4646 = ORIENTED_EDGE('',*,*,#4613,.F.);
#4647 = PLANE('',#4648);
#4648 = AXIS2_PLACEMENT_3D('',#4649,#4650,#4651);
#4649 = CARTESIAN_POINT('',(2.18,0.32,-3.2));
#4650 = DIRECTION('',(0.,-0.987762965329,-0.155962573473));
#4651 = DIRECTION('',(0.,-0.155962573473,0.987762965329));
#4652 = ADVANCED_FACE('',(#4653),#4680,.F.);
#4653 = FACE_BOUND('',#4654,.T.);
#4654 = EDGE_LOOP('',(#4655,#4663,#4671,#4677,#4678,#4679));
#4655 = ORIENTED_EDGE('',*,*,#4656,.F.);
#4656 = EDGE_CURVE('',#4657,#4579,#4659,.T.);
#4657 = VERTEX_POINT('',#4658);
#4658 = CARTESIAN_POINT('',(2.62,-0.12,-3.2));
#4659 = LINE('',#4660,#4661);
#4660 = CARTESIAN_POINT('',(2.653849098111,-0.159613036666,
    -3.166150901889));
#4661 = VECTOR('',#4662,1.);
#4662 = DIRECTION('',(0.544770019249,-0.63753529491,0.544770019249));
#4663 = ORIENTED_EDGE('',*,*,#4664,.T.);
#4664 = EDGE_CURVE('',#4657,#4665,#4667,.T.);
#4665 = VERTEX_POINT('',#4666);
#4666 = CARTESIAN_POINT('',(2.62,0.12,-3.2));
#4667 = LINE('',#4668,#4669);
#4668 = CARTESIAN_POINT('',(2.62,-0.32,-3.2));
#4669 = VECTOR('',#4670,1.);
#4670 = DIRECTION('',(0.,1.,0.));
#4671 = ORIENTED_EDGE('',*,*,#4672,.T.);
#4672 = EDGE_CURVE('',#4665,#4633,#4673,.T.);
#4673 = LINE('',#4674,#4675);
#4674 = CARTESIAN_POINT('',(2.538488556608,5.034896900541E-02,
    -3.281511443392));
#4675 = VECTOR('',#4676,1.);
#4676 = DIRECTION('',(0.605209817607,0.517148096144,0.605209817607));
#4677 = ORIENTED_EDGE('',*,*,#4640,.T.);
#4678 = ORIENTED_EDGE('',*,*,#3863,.F.);
#4679 = ORIENTED_EDGE('',*,*,#4578,.F.);
#4680 = PLANE('',#4681);
#4681 = AXIS2_PLACEMENT_3D('',#4682,#4683,#4684);
#4682 = CARTESIAN_POINT('',(2.72,-0.32,-3.1));
#4683 = DIRECTION('',(-0.707106781187,1.735417226644E-18,0.707106781187)
  );
#4684 = DIRECTION('',(-1.227125289148E-18,-1.,1.227125289148E-18));
#4685 = ADVANCED_FACE('',(#4686),#4697,.T.);
#4686 = FACE_BOUND('',#4687,.T.);
#4687 = EDGE_LOOP('',(#4688,#4689,#4690,#4696));
#4688 = ORIENTED_EDGE('',*,*,#4017,.F.);
#4689 = ORIENTED_EDGE('',*,*,#3994,.T.);
#4690 = ORIENTED_EDGE('',*,*,#4691,.T.);
#4691 = EDGE_CURVE('',#3987,#4050,#4692,.T.);
#4692 = LINE('',#4693,#4694);
#4693 = CARTESIAN_POINT('',(4.,0.65,6.));
#4694 = VECTOR('',#4695,1.);
#4695 = DIRECTION('',(-0.,-0.,-1.));
#4696 = ORIENTED_EDGE('',*,*,#4049,.F.);
#4697 = PLANE('',#4698);
#4698 = AXIS2_PLACEMENT_3D('',#4699,#4700,#4701);
#4699 = CARTESIAN_POINT('',(4.,-0.814780671729,3.627769701184));
#4700 = DIRECTION('',(-1.,-0.,-0.));
#4701 = DIRECTION('',(0.,0.,-1.));
#4702 = ADVANCED_FACE('',(#4703),#4714,.F.);
#4703 = FACE_BOUND('',#4704,.F.);
#4704 = EDGE_LOOP('',(#4705,#4706,#4707,#4713));
#4705 = ORIENTED_EDGE('',*,*,#4691,.T.);
#4706 = ORIENTED_EDGE('',*,*,#4057,.T.);
#4707 = ORIENTED_EDGE('',*,*,#4708,.F.);
#4708 = EDGE_CURVE('',#3979,#4058,#4709,.T.);
#4709 = LINE('',#4710,#4711);
#4710 = CARTESIAN_POINT('',(4.55,0.65,6.));
#4711 = VECTOR('',#4712,1.);
#4712 = DIRECTION('',(-0.,-0.,-1.));
#4713 = ORIENTED_EDGE('',*,*,#3986,.F.);
#4714 = PLANE('',#4715);
#4715 = AXIS2_PLACEMENT_3D('',#4716,#4717,#4718);
#4716 = CARTESIAN_POINT('',(4.,0.65,6.));
#4717 = DIRECTION('',(0.,-1.,0.));
#4718 = DIRECTION('',(1.,0.,0.));
#4719 = ADVANCED_FACE('',(#4720),#4731,.F.);
#4720 = FACE_BOUND('',#4721,.F.);
#4721 = EDGE_LOOP('',(#4722,#4723,#4724,#4730));
#4722 = ORIENTED_EDGE('',*,*,#4708,.T.);
#4723 = ORIENTED_EDGE('',*,*,#4065,.T.);
#4724 = ORIENTED_EDGE('',*,*,#4725,.F.);
#4725 = EDGE_CURVE('',#3971,#4066,#4726,.T.);
#4726 = LINE('',#4727,#4728);
#4727 = CARTESIAN_POINT('',(4.55,1.15,6.));
#4728 = VECTOR('',#4729,1.);
#4729 = DIRECTION('',(-0.,-0.,-1.));
#4730 = ORIENTED_EDGE('',*,*,#3978,.F.);
#4731 = PLANE('',#4732);
#4732 = AXIS2_PLACEMENT_3D('',#4733,#4734,#4735);
#4733 = CARTESIAN_POINT('',(4.55,0.65,6.));
#4734 = DIRECTION('',(1.,0.,0.));
#4735 = DIRECTION('',(-0.,1.,0.));
#4736 = ADVANCED_FACE('',(#4737),#4748,.F.);
#4737 = FACE_BOUND('',#4738,.F.);
#4738 = EDGE_LOOP('',(#4739,#4740,#4741,#4747));
#4739 = ORIENTED_EDGE('',*,*,#4725,.T.);
#4740 = ORIENTED_EDGE('',*,*,#4073,.T.);
#4741 = ORIENTED_EDGE('',*,*,#4742,.F.);
#4742 = EDGE_CURVE('',#3963,#4074,#4743,.T.);
#4743 = LINE('',#4744,#4745);
#4744 = CARTESIAN_POINT('',(-2.05,1.15,6.));
#4745 = VECTOR('',#4746,1.);
#4746 = DIRECTION('',(-0.,-0.,-1.));
#4747 = ORIENTED_EDGE('',*,*,#3970,.F.);
#4748 = PLANE('',#4749);
#4749 = AXIS2_PLACEMENT_3D('',#4750,#4751,#4752);
#4750 = CARTESIAN_POINT('',(4.55,1.15,6.));
#4751 = DIRECTION('',(0.,1.,0.));
#4752 = DIRECTION('',(-1.,0.,0.));
#4753 = ADVANCED_FACE('',(#4754),#4765,.F.);
#4754 = FACE_BOUND('',#4755,.F.);
#4755 = EDGE_LOOP('',(#4756,#4757,#4758,#4764));
#4756 = ORIENTED_EDGE('',*,*,#4742,.T.);
#4757 = ORIENTED_EDGE('',*,*,#4081,.T.);
#4758 = ORIENTED_EDGE('',*,*,#4759,.F.);
#4759 = EDGE_CURVE('',#3955,#4082,#4760,.T.);
#4760 = LINE('',#4761,#4762);
#4761 = CARTESIAN_POINT('',(-2.05,0.65,6.));
#4762 = VECTOR('',#4763,1.);
#4763 = DIRECTION('',(-0.,-0.,-1.));
#4764 = ORIENTED_EDGE('',*,*,#3962,.F.);
#4765 = PLANE('',#4766);
#4766 = AXIS2_PLACEMENT_3D('',#4767,#4768,#4769);
#4767 = CARTESIAN_POINT('',(-2.05,1.15,6.));
#4768 = DIRECTION('',(-1.,0.,0.));
#4769 = DIRECTION('',(0.,-1.,0.));
#4770 = ADVANCED_FACE('',(#4771),#4782,.F.);
#4771 = FACE_BOUND('',#4772,.F.);
#4772 = EDGE_LOOP('',(#4773,#4774,#4775,#4781));
#4773 = ORIENTED_EDGE('',*,*,#4759,.T.);
#4774 = ORIENTED_EDGE('',*,*,#4089,.T.);
#4775 = ORIENTED_EDGE('',*,*,#4776,.F.);
#4776 = EDGE_CURVE('',#3947,#4090,#4777,.T.);
#4777 = LINE('',#4778,#4779);
#4778 = CARTESIAN_POINT('',(-1.5,0.65,6.));
#4779 = VECTOR('',#4780,1.);
#4780 = DIRECTION('',(-0.,-0.,-1.));
#4781 = ORIENTED_EDGE('',*,*,#3954,.F.);
#4782 = PLANE('',#4783);
#4783 = AXIS2_PLACEMENT_3D('',#4784,#4785,#4786);
#4784 = CARTESIAN_POINT('',(-2.05,0.65,6.));
#4785 = DIRECTION('',(0.,-1.,0.));
#4786 = DIRECTION('',(1.,0.,0.));
#4787 = ADVANCED_FACE('',(#4788),#4794,.T.);
#4788 = FACE_BOUND('',#4789,.T.);
#4789 = EDGE_LOOP('',(#4790,#4791,#4792,#4793));
#4790 = ORIENTED_EDGE('',*,*,#3946,.T.);
#4791 = ORIENTED_EDGE('',*,*,#4342,.F.);
#4792 = ORIENTED_EDGE('',*,*,#4097,.F.);
#4793 = ORIENTED_EDGE('',*,*,#4776,.F.);
#4794 = PLANE('',#4795);
#4795 = AXIS2_PLACEMENT_3D('',#4796,#4797,#4798);
#4796 = CARTESIAN_POINT('',(-1.5,-0.814780671729,3.627769701184));
#4797 = DIRECTION('',(1.,-1.161353710568E-17,-1.299666824138E-17));
#4798 = DIRECTION('',(1.299666824138E-17,0.,1.));
#4799 = ADVANCED_FACE('',(#4800),#4825,.T.);
#4800 = FACE_BOUND('',#4801,.T.);
#4801 = EDGE_LOOP('',(#4802,#4803,#4811,#4819));
#4802 = ORIENTED_EDGE('',*,*,#4128,.T.);
#4803 = ORIENTED_EDGE('',*,*,#4804,.T.);
#4804 = EDGE_CURVE('',#4131,#4805,#4807,.T.);
#4805 = VERTEX_POINT('',#4806);
#4806 = CARTESIAN_POINT('',(0.32,0.32,4.9));
#4807 = LINE('',#4808,#4809);
#4808 = CARTESIAN_POINT('',(0.32,0.32,-0.7));
#4809 = VECTOR('',#4810,1.);
#4810 = DIRECTION('',(0.,0.,1.));
#4811 = ORIENTED_EDGE('',*,*,#4812,.T.);
#4812 = EDGE_CURVE('',#4805,#4813,#4815,.T.);
#4813 = VERTEX_POINT('',#4814);
#4814 = CARTESIAN_POINT('',(0.32,-0.32,4.9));
#4815 = LINE('',#4816,#4817);
#4816 = CARTESIAN_POINT('',(0.32,0.32,4.9));
#4817 = VECTOR('',#4818,1.);
#4818 = DIRECTION('',(0.,-1.,0.));
#4819 = ORIENTED_EDGE('',*,*,#4820,.T.);
#4820 = EDGE_CURVE('',#4813,#4129,#4821,.T.);
#4821 = LINE('',#4822,#4823);
#4822 = CARTESIAN_POINT('',(0.32,-0.32,5.1));
#4823 = VECTOR('',#4824,1.);
#4824 = DIRECTION('',(0.,0.,-1.));
#4825 = PLANE('',#4826);
#4826 = AXIS2_PLACEMENT_3D('',#4827,#4828,#4829);
#4827 = CARTESIAN_POINT('',(0.32,-4.307486879287E-02,0.926376556288));
#4828 = DIRECTION('',(1.,0.,0.));
#4829 = DIRECTION('',(0.,0.,1.));
#4830 = ADVANCED_FACE('',(#4831),#4849,.F.);
#4831 = FACE_BOUND('',#4832,.F.);
#4832 = EDGE_LOOP('',(#4833,#4841,#4842,#4843));
#4833 = ORIENTED_EDGE('',*,*,#4834,.F.);
#4834 = EDGE_CURVE('',#4147,#4835,#4837,.T.);
#4835 = VERTEX_POINT('',#4836);
#4836 = CARTESIAN_POINT('',(-0.32,0.32,4.9));
#4837 = LINE('',#4838,#4839);
#4838 = CARTESIAN_POINT('',(-0.32,0.32,-0.7));
#4839 = VECTOR('',#4840,1.);
#4840 = DIRECTION('',(0.,0.,1.));
#4841 = ORIENTED_EDGE('',*,*,#4154,.T.);
#4842 = ORIENTED_EDGE('',*,*,#4804,.T.);
#4843 = ORIENTED_EDGE('',*,*,#4844,.F.);
#4844 = EDGE_CURVE('',#4835,#4805,#4845,.T.);
#4845 = LINE('',#4846,#4847);
#4846 = CARTESIAN_POINT('',(-0.32,0.32,4.9));
#4847 = VECTOR('',#4848,1.);
#4848 = DIRECTION('',(1.,0.,0.));
#4849 = PLANE('',#4850);
#4850 = AXIS2_PLACEMENT_3D('',#4851,#4852,#4853);
#4851 = CARTESIAN_POINT('',(-0.32,0.32,-0.7));
#4852 = DIRECTION('',(0.,-1.,0.));
#4853 = DIRECTION('',(0.,0.,1.));
#4854 = ADVANCED_FACE('',(#4855),#4873,.F.);
#4855 = FACE_BOUND('',#4856,.F.);
#4856 = EDGE_LOOP('',(#4857,#4858,#4859,#4867));
#4857 = ORIENTED_EDGE('',*,*,#4146,.T.);
#4858 = ORIENTED_EDGE('',*,*,#4834,.T.);
#4859 = ORIENTED_EDGE('',*,*,#4860,.T.);
#4860 = EDGE_CURVE('',#4835,#4861,#4863,.T.);
#4861 = VERTEX_POINT('',#4862);
#4862 = CARTESIAN_POINT('',(-0.32,-0.32,4.9));
#4863 = LINE('',#4864,#4865);
#4864 = CARTESIAN_POINT('',(-0.32,0.32,4.9));
#4865 = VECTOR('',#4866,1.);
#4866 = DIRECTION('',(0.,-1.,0.));
#4867 = ORIENTED_EDGE('',*,*,#4868,.T.);
#4868 = EDGE_CURVE('',#4861,#4139,#4869,.T.);
#4869 = LINE('',#4870,#4871);
#4870 = CARTESIAN_POINT('',(-0.32,-0.32,5.1));
#4871 = VECTOR('',#4872,1.);
#4872 = DIRECTION('',(0.,0.,-1.));
#4873 = PLANE('',#4874);
#4874 = AXIS2_PLACEMENT_3D('',#4875,#4876,#4877);
#4875 = CARTESIAN_POINT('',(-0.32,-4.307486879287E-02,0.926376556288));
#4876 = DIRECTION('',(1.,0.,0.));
#4877 = DIRECTION('',(0.,0.,1.));
#4878 = ADVANCED_FACE('',(#4879),#4890,.F.);
#4879 = FACE_BOUND('',#4880,.F.);
#4880 = EDGE_LOOP('',(#4881,#4882,#4888,#4889));
#4881 = ORIENTED_EDGE('',*,*,#4868,.F.);
#4882 = ORIENTED_EDGE('',*,*,#4883,.T.);
#4883 = EDGE_CURVE('',#4861,#4813,#4884,.T.);
#4884 = LINE('',#4885,#4886);
#4885 = CARTESIAN_POINT('',(-0.32,-0.32,4.9));
#4886 = VECTOR('',#4887,1.);
#4887 = DIRECTION('',(1.,0.,0.));
#4888 = ORIENTED_EDGE('',*,*,#4820,.T.);
#4889 = ORIENTED_EDGE('',*,*,#4138,.T.);
#4890 = PLANE('',#4891);
#4891 = AXIS2_PLACEMENT_3D('',#4892,#4893,#4894);
#4892 = CARTESIAN_POINT('',(-0.32,-0.32,5.1));
#4893 = DIRECTION('',(0.,1.,0.));
#4894 = DIRECTION('',(0.,0.,-1.));
#4895 = ADVANCED_FACE('',(#4896),#4921,.F.);
#4896 = FACE_BOUND('',#4897,.F.);
#4897 = EDGE_LOOP('',(#4898,#4899,#4907,#4915));
#4898 = ORIENTED_EDGE('',*,*,#4162,.T.);
#4899 = ORIENTED_EDGE('',*,*,#4900,.T.);
#4900 = EDGE_CURVE('',#4165,#4901,#4903,.T.);
#4901 = VERTEX_POINT('',#4902);
#4902 = CARTESIAN_POINT('',(2.18,0.32,4.9));
#4903 = LINE('',#4904,#4905);
#4904 = CARTESIAN_POINT('',(2.18,0.32,-0.7));
#4905 = VECTOR('',#4906,1.);
#4906 = DIRECTION('',(0.,0.,1.));
#4907 = ORIENTED_EDGE('',*,*,#4908,.T.);
#4908 = EDGE_CURVE('',#4901,#4909,#4911,.T.);
#4909 = VERTEX_POINT('',#4910);
#4910 = CARTESIAN_POINT('',(2.18,-0.32,4.9));
#4911 = LINE('',#4912,#4913);
#4912 = CARTESIAN_POINT('',(2.18,0.32,4.9));
#4913 = VECTOR('',#4914,1.);
#4914 = DIRECTION('',(0.,-1.,0.));
#4915 = ORIENTED_EDGE('',*,*,#4916,.T.);
#4916 = EDGE_CURVE('',#4909,#4163,#4917,.T.);
#4917 = LINE('',#4918,#4919);
#4918 = CARTESIAN_POINT('',(2.18,-0.32,5.1));
#4919 = VECTOR('',#4920,1.);
#4920 = DIRECTION('',(0.,0.,-1.));
#4921 = PLANE('',#4922);
#4922 = AXIS2_PLACEMENT_3D('',#4923,#4924,#4925);
#4923 = CARTESIAN_POINT('',(2.18,-4.307486879287E-02,0.926376556288));
#4924 = DIRECTION('',(1.,0.,0.));
#4925 = DIRECTION('',(0.,0.,1.));
#4926 = ADVANCED_FACE('',(#4927),#4945,.F.);
#4927 = FACE_BOUND('',#4928,.F.);
#4928 = EDGE_LOOP('',(#4929,#4930,#4938,#4944));
#4929 = ORIENTED_EDGE('',*,*,#4916,.F.);
#4930 = ORIENTED_EDGE('',*,*,#4931,.T.);
#4931 = EDGE_CURVE('',#4909,#4932,#4934,.T.);
#4932 = VERTEX_POINT('',#4933);
#4933 = CARTESIAN_POINT('',(2.82,-0.32,4.9));
#4934 = LINE('',#4935,#4936);
#4935 = CARTESIAN_POINT('',(2.18,-0.32,4.9));
#4936 = VECTOR('',#4937,1.);
#4937 = DIRECTION('',(1.,0.,0.));
#4938 = ORIENTED_EDGE('',*,*,#4939,.T.);
#4939 = EDGE_CURVE('',#4932,#4181,#4940,.T.);
#4940 = LINE('',#4941,#4942);
#4941 = CARTESIAN_POINT('',(2.82,-0.32,5.1));
#4942 = VECTOR('',#4943,1.);
#4943 = DIRECTION('',(0.,0.,-1.));
#4944 = ORIENTED_EDGE('',*,*,#4188,.T.);
#4945 = PLANE('',#4946);
#4946 = AXIS2_PLACEMENT_3D('',#4947,#4948,#4949);
#4947 = CARTESIAN_POINT('',(2.18,-0.32,5.1));
#4948 = DIRECTION('',(0.,1.,0.));
#4949 = DIRECTION('',(0.,0.,-1.));
#4950 = ADVANCED_FACE('',(#4951),#4969,.T.);
#4951 = FACE_BOUND('',#4952,.T.);
#4952 = EDGE_LOOP('',(#4953,#4954,#4962,#4968));
#4953 = ORIENTED_EDGE('',*,*,#4180,.T.);
#4954 = ORIENTED_EDGE('',*,*,#4955,.T.);
#4955 = EDGE_CURVE('',#4173,#4956,#4958,.T.);
#4956 = VERTEX_POINT('',#4957);
#4957 = CARTESIAN_POINT('',(2.82,0.32,4.9));
#4958 = LINE('',#4959,#4960);
#4959 = CARTESIAN_POINT('',(2.82,0.32,-0.7));
#4960 = VECTOR('',#4961,1.);
#4961 = DIRECTION('',(0.,0.,1.));
#4962 = ORIENTED_EDGE('',*,*,#4963,.T.);
#4963 = EDGE_CURVE('',#4956,#4932,#4964,.T.);
#4964 = LINE('',#4965,#4966);
#4965 = CARTESIAN_POINT('',(2.82,0.32,4.9));
#4966 = VECTOR('',#4967,1.);
#4967 = DIRECTION('',(0.,-1.,0.));
#4968 = ORIENTED_EDGE('',*,*,#4939,.T.);
#4969 = PLANE('',#4970);
#4970 = AXIS2_PLACEMENT_3D('',#4971,#4972,#4973);
#4971 = CARTESIAN_POINT('',(2.82,-4.307486879287E-02,0.926376556288));
#4972 = DIRECTION('',(1.,0.,0.));
#4973 = DIRECTION('',(0.,0.,1.));
#4974 = ADVANCED_FACE('',(#4975),#4986,.F.);
#4975 = FACE_BOUND('',#4976,.F.);
#4976 = EDGE_LOOP('',(#4977,#4978,#4979,#4980));
#4977 = ORIENTED_EDGE('',*,*,#4900,.F.);
#4978 = ORIENTED_EDGE('',*,*,#4172,.T.);
#4979 = ORIENTED_EDGE('',*,*,#4955,.T.);
#4980 = ORIENTED_EDGE('',*,*,#4981,.F.);
#4981 = EDGE_CURVE('',#4901,#4956,#4982,.T.);
#4982 = LINE('',#4983,#4984);
#4983 = CARTESIAN_POINT('',(2.18,0.32,4.9));
#4984 = VECTOR('',#4985,1.);
#4985 = DIRECTION('',(1.,0.,0.));
#4986 = PLANE('',#4987);
#4987 = AXIS2_PLACEMENT_3D('',#4988,#4989,#4990);
#4988 = CARTESIAN_POINT('',(2.18,0.32,-0.7));
#4989 = DIRECTION('',(0.,-1.,0.));
#4990 = DIRECTION('',(0.,0.,1.));
#4991 = ADVANCED_FACE('',(#4992),#5003,.T.);
#4992 = FACE_BOUND('',#4993,.T.);
#4993 = EDGE_LOOP('',(#4994,#4995,#5001,#5002));
#4994 = ORIENTED_EDGE('',*,*,#4490,.F.);
#4995 = ORIENTED_EDGE('',*,*,#4996,.T.);
#4996 = EDGE_CURVE('',#4491,#4358,#4997,.T.);
#4997 = LINE('',#4998,#4999);
#4998 = CARTESIAN_POINT('',(-0.32,-0.12,-3.2));
#4999 = VECTOR('',#5000,1.);
#5000 = DIRECTION('',(1.,0.,0.));
#5001 = ORIENTED_EDGE('',*,*,#4357,.T.);
#5002 = ORIENTED_EDGE('',*,*,#4413,.F.);
#5003 = PLANE('',#5004);
#5004 = AXIS2_PLACEMENT_3D('',#5005,#5006,#5007);
#5005 = CARTESIAN_POINT('',(-0.32,-0.235596257347,-3.101223703467));
#5006 = DIRECTION('',(-3.471050801573E-18,-0.64962967394,-0.760250805153
    ));
#5007 = DIRECTION('',(1.,-2.254897600456E-18,-2.638869166625E-18));
#5008 = ADVANCED_FACE('',(#5009),#5020,.F.);
#5009 = FACE_BOUND('',#5010,.F.);
#5010 = EDGE_LOOP('',(#5011,#5012,#5013,#5014));
#5011 = ORIENTED_EDGE('',*,*,#4498,.F.);
#5012 = ORIENTED_EDGE('',*,*,#4996,.T.);
#5013 = ORIENTED_EDGE('',*,*,#4367,.T.);
#5014 = ORIENTED_EDGE('',*,*,#5015,.F.);
#5015 = EDGE_CURVE('',#4499,#4368,#5016,.T.);
#5016 = LINE('',#5017,#5018);
#5017 = CARTESIAN_POINT('',(-0.32,0.12,-3.2));
#5018 = VECTOR('',#5019,1.);
#5019 = DIRECTION('',(1.,0.,0.));
#5020 = PLANE('',#5021);
#5021 = AXIS2_PLACEMENT_3D('',#5022,#5023,#5024);
#5022 = CARTESIAN_POINT('',(-0.32,-0.32,-3.2));
#5023 = DIRECTION('',(0.,0.,1.));
#5024 = DIRECTION('',(0.,1.,0.));
#5025 = ADVANCED_FACE('',(#5026),#5032,.T.);
#5026 = FACE_BOUND('',#5027,.F.);
#5027 = EDGE_LOOP('',(#5028,#5029,#5030,#5031));
#5028 = ORIENTED_EDGE('',*,*,#4506,.F.);
#5029 = ORIENTED_EDGE('',*,*,#5015,.T.);
#5030 = ORIENTED_EDGE('',*,*,#4375,.T.);
#5031 = ORIENTED_EDGE('',*,*,#4473,.F.);
#5032 = PLANE('',#5033);
#5033 = AXIS2_PLACEMENT_3D('',#5034,#5035,#5036);
#5034 = CARTESIAN_POINT('',(-0.32,0.204403742653,-3.101223703467));
#5035 = DIRECTION('',(0.,0.760250805153,-0.64962967394));
#5036 = DIRECTION('',(-1.,0.,-0.));
#5037 = ADVANCED_FACE('',(#5038),#5049,.T.);
#5038 = FACE_BOUND('',#5039,.T.);
#5039 = EDGE_LOOP('',(#5040,#5041,#5047,#5048));
#5040 = ORIENTED_EDGE('',*,*,#4523,.F.);
#5041 = ORIENTED_EDGE('',*,*,#5042,.T.);
#5042 = EDGE_CURVE('',#4524,#4657,#5043,.T.);
#5043 = LINE('',#5044,#5045);
#5044 = CARTESIAN_POINT('',(2.18,-0.12,-3.2));
#5045 = VECTOR('',#5046,1.);
#5046 = DIRECTION('',(1.,0.,0.));
#5047 = ORIENTED_EDGE('',*,*,#4656,.T.);
#5048 = ORIENTED_EDGE('',*,*,#4586,.F.);
#5049 = PLANE('',#5050);
#5050 = AXIS2_PLACEMENT_3D('',#5051,#5052,#5053);
#5051 = CARTESIAN_POINT('',(2.18,-0.235596257347,-3.101223703467));
#5052 = DIRECTION('',(-3.471050801573E-18,-0.64962967394,-0.760250805153
    ));
#5053 = DIRECTION('',(1.,-2.254897600456E-18,-2.638869166625E-18));
#5054 = ADVANCED_FACE('',(#5055),#5066,.F.);
#5055 = FACE_BOUND('',#5056,.F.);
#5056 = EDGE_LOOP('',(#5057,#5058,#5059,#5060));
#5057 = ORIENTED_EDGE('',*,*,#4533,.F.);
#5058 = ORIENTED_EDGE('',*,*,#5042,.T.);
#5059 = ORIENTED_EDGE('',*,*,#4664,.T.);
#5060 = ORIENTED_EDGE('',*,*,#5061,.F.);
#5061 = EDGE_CURVE('',#4534,#4665,#5062,.T.);
#5062 = LINE('',#5063,#5064);
#5063 = CARTESIAN_POINT('',(2.18,0.12,-3.2));
#5064 = VECTOR('',#5065,1.);
#5065 = DIRECTION('',(1.,0.,0.));
#5066 = PLANE('',#5067);
#5067 = AXIS2_PLACEMENT_3D('',#5068,#5069,#5070);
#5068 = CARTESIAN_POINT('',(2.18,-0.32,-3.2));
#5069 = DIRECTION('',(0.,0.,1.));
#5070 = DIRECTION('',(0.,1.,0.));
#5071 = ADVANCED_FACE('',(#5072),#5078,.T.);
#5072 = FACE_BOUND('',#5073,.F.);
#5073 = EDGE_LOOP('',(#5074,#5075,#5076,#5077));
#5074 = ORIENTED_EDGE('',*,*,#4541,.F.);
#5075 = ORIENTED_EDGE('',*,*,#5061,.T.);
#5076 = ORIENTED_EDGE('',*,*,#4672,.T.);
#5077 = ORIENTED_EDGE('',*,*,#4632,.F.);
#5078 = PLANE('',#5079);
#5079 = AXIS2_PLACEMENT_3D('',#5080,#5081,#5082);
#5080 = CARTESIAN_POINT('',(2.18,0.204403742653,-3.101223703467));
#5081 = DIRECTION('',(0.,0.760250805153,-0.64962967394));
#5082 = DIRECTION('',(-1.,0.,-0.));
#5083 = ADVANCED_FACE('',(#5084),#5109,.F.);
#5084 = FACE_BOUND('',#5085,.T.);
#5085 = EDGE_LOOP('',(#5086,#5094,#5102,#5108));
#5086 = ORIENTED_EDGE('',*,*,#5087,.T.);
#5087 = EDGE_CURVE('',#4805,#5088,#5090,.T.);
#5088 = VERTEX_POINT('',#5089);
#5089 = CARTESIAN_POINT('',(0.12,0.12,5.1));
#5090 = LINE('',#5091,#5092);
#5091 = CARTESIAN_POINT('',(0.146666666667,0.146666666667,5.073333333333
    ));
#5092 = VECTOR('',#5093,1.);
#5093 = DIRECTION('',(-0.57735026919,-0.57735026919,0.57735026919));
#5094 = ORIENTED_EDGE('',*,*,#5095,.T.);
#5095 = EDGE_CURVE('',#5088,#5096,#5098,.T.);
#5096 = VERTEX_POINT('',#5097);
#5097 = CARTESIAN_POINT('',(0.12,-0.12,5.1));
#5098 = LINE('',#5099,#5100);
#5099 = CARTESIAN_POINT('',(0.12,0.32,5.1));
#5100 = VECTOR('',#5101,1.);
#5101 = DIRECTION('',(0.,-1.,0.));
#5102 = ORIENTED_EDGE('',*,*,#5103,.T.);
#5103 = EDGE_CURVE('',#5096,#4813,#5104,.T.);
#5104 = LINE('',#5105,#5106);
#5105 = CARTESIAN_POINT('',(4.E-02,-4.E-02,5.18));
#5106 = VECTOR('',#5107,1.);
#5107 = DIRECTION('',(0.57735026919,-0.57735026919,-0.57735026919));
#5108 = ORIENTED_EDGE('',*,*,#4812,.F.);
#5109 = PLANE('',#5110);
#5110 = AXIS2_PLACEMENT_3D('',#5111,#5112,#5113);
#5111 = CARTESIAN_POINT('',(0.22,0.32,5.));
#5112 = DIRECTION('',(-0.707106781187,-1.735417226644E-18,
    -0.707106781187));
#5113 = DIRECTION('',(-1.227125289148E-18,1.,-1.227125289148E-18));
#5114 = ADVANCED_FACE('',(#5115),#5133,.T.);
#5115 = FACE_BOUND('',#5116,.F.);
#5116 = EDGE_LOOP('',(#5117,#5125,#5126,#5127));
#5117 = ORIENTED_EDGE('',*,*,#5118,.F.);
#5118 = EDGE_CURVE('',#4835,#5119,#5121,.T.);
#5119 = VERTEX_POINT('',#5120);
#5120 = CARTESIAN_POINT('',(-0.12,0.12,5.1));
#5121 = LINE('',#5122,#5123);
#5122 = CARTESIAN_POINT('',(-0.253333333333,0.253333333333,
    4.966666666667));
#5123 = VECTOR('',#5124,1.);
#5124 = DIRECTION('',(0.57735026919,-0.57735026919,0.57735026919));
#5125 = ORIENTED_EDGE('',*,*,#4844,.T.);
#5126 = ORIENTED_EDGE('',*,*,#5087,.T.);
#5127 = ORIENTED_EDGE('',*,*,#5128,.F.);
#5128 = EDGE_CURVE('',#5119,#5088,#5129,.T.);
#5129 = LINE('',#5130,#5131);
#5130 = CARTESIAN_POINT('',(-0.32,0.12,5.1));
#5131 = VECTOR('',#5132,1.);
#5132 = DIRECTION('',(1.,0.,0.));
#5133 = PLANE('',#5134);
#5134 = AXIS2_PLACEMENT_3D('',#5135,#5136,#5137);
#5135 = CARTESIAN_POINT('',(-0.32,0.22,5.));
#5136 = DIRECTION('',(1.735417226644E-18,0.707106781187,0.707106781187)
  );
#5137 = DIRECTION('',(-1.,1.227125289148E-18,1.227125289148E-18));
#5138 = ADVANCED_FACE('',(#5139),#5157,.T.);
#5139 = FACE_BOUND('',#5140,.F.);
#5140 = EDGE_LOOP('',(#5141,#5142,#5150,#5156));
#5141 = ORIENTED_EDGE('',*,*,#5118,.T.);
#5142 = ORIENTED_EDGE('',*,*,#5143,.T.);
#5143 = EDGE_CURVE('',#5119,#5144,#5146,.T.);
#5144 = VERTEX_POINT('',#5145);
#5145 = CARTESIAN_POINT('',(-0.12,-0.12,5.1));
#5146 = LINE('',#5147,#5148);
#5147 = CARTESIAN_POINT('',(-0.12,0.32,5.1));
#5148 = VECTOR('',#5149,1.);
#5149 = DIRECTION('',(0.,-1.,0.));
#5150 = ORIENTED_EDGE('',*,*,#5151,.T.);
#5151 = EDGE_CURVE('',#5144,#4861,#5152,.T.);
#5152 = LINE('',#5153,#5154);
#5153 = CARTESIAN_POINT('',(-0.146666666667,-0.146666666667,
    5.073333333333));
#5154 = VECTOR('',#5155,1.);
#5155 = DIRECTION('',(-0.57735026919,-0.57735026919,-0.57735026919));
#5156 = ORIENTED_EDGE('',*,*,#4860,.F.);
#5157 = PLANE('',#5158);
#5158 = AXIS2_PLACEMENT_3D('',#5159,#5160,#5161);
#5159 = CARTESIAN_POINT('',(-0.22,0.32,5.));
#5160 = DIRECTION('',(-0.707106781187,1.735417226644E-18,0.707106781187)
  );
#5161 = DIRECTION('',(1.227125289148E-18,1.,-1.227125289148E-18));
#5162 = ADVANCED_FACE('',(#5163),#5174,.T.);
#5163 = FACE_BOUND('',#5164,.F.);
#5164 = EDGE_LOOP('',(#5165,#5166,#5172,#5173));
#5165 = ORIENTED_EDGE('',*,*,#5151,.F.);
#5166 = ORIENTED_EDGE('',*,*,#5167,.T.);
#5167 = EDGE_CURVE('',#5144,#5096,#5168,.T.);
#5168 = LINE('',#5169,#5170);
#5169 = CARTESIAN_POINT('',(-0.32,-0.12,5.1));
#5170 = VECTOR('',#5171,1.);
#5171 = DIRECTION('',(1.,0.,0.));
#5172 = ORIENTED_EDGE('',*,*,#5103,.T.);
#5173 = ORIENTED_EDGE('',*,*,#4883,.F.);
#5174 = PLANE('',#5175);
#5175 = AXIS2_PLACEMENT_3D('',#5176,#5177,#5178);
#5176 = CARTESIAN_POINT('',(-0.32,-0.22,5.));
#5177 = DIRECTION('',(-1.735417226644E-18,-0.707106781187,0.707106781187
    ));
#5178 = DIRECTION('',(-1.,1.227125289148E-18,-1.227125289148E-18));
#5179 = ADVANCED_FACE('',(#5180),#5205,.T.);
#5180 = FACE_BOUND('',#5181,.F.);
#5181 = EDGE_LOOP('',(#5182,#5190,#5198,#5204));
#5182 = ORIENTED_EDGE('',*,*,#5183,.T.);
#5183 = EDGE_CURVE('',#4901,#5184,#5186,.T.);
#5184 = VERTEX_POINT('',#5185);
#5185 = CARTESIAN_POINT('',(2.38,0.12,5.1));
#5186 = LINE('',#5187,#5188);
#5187 = CARTESIAN_POINT('',(2.246666666667,0.253333333333,4.966666666667
    ));
#5188 = VECTOR('',#5189,1.);
#5189 = DIRECTION('',(0.57735026919,-0.57735026919,0.57735026919));
#5190 = ORIENTED_EDGE('',*,*,#5191,.T.);
#5191 = EDGE_CURVE('',#5184,#5192,#5194,.T.);
#5192 = VERTEX_POINT('',#5193);
#5193 = CARTESIAN_POINT('',(2.38,-0.12,5.1));
#5194 = LINE('',#5195,#5196);
#5195 = CARTESIAN_POINT('',(2.38,0.32,5.1));
#5196 = VECTOR('',#5197,1.);
#5197 = DIRECTION('',(0.,-1.,0.));
#5198 = ORIENTED_EDGE('',*,*,#5199,.T.);
#5199 = EDGE_CURVE('',#5192,#4909,#5200,.T.);
#5200 = LINE('',#5201,#5202);
#5201 = CARTESIAN_POINT('',(2.353333333333,-0.146666666667,
    5.073333333333));
#5202 = VECTOR('',#5203,1.);
#5203 = DIRECTION('',(-0.57735026919,-0.57735026919,-0.57735026919));
#5204 = ORIENTED_EDGE('',*,*,#4908,.F.);
#5205 = PLANE('',#5206);
#5206 = AXIS2_PLACEMENT_3D('',#5207,#5208,#5209);
#5207 = CARTESIAN_POINT('',(2.28,0.32,5.));
#5208 = DIRECTION('',(-0.707106781187,1.735417226644E-18,0.707106781187)
  );
#5209 = DIRECTION('',(1.227125289148E-18,1.,-1.227125289148E-18));
#5210 = ADVANCED_FACE('',(#5211),#5229,.T.);
#5211 = FACE_BOUND('',#5212,.F.);
#5212 = EDGE_LOOP('',(#5213,#5214,#5222,#5228));
#5213 = ORIENTED_EDGE('',*,*,#5199,.F.);
#5214 = ORIENTED_EDGE('',*,*,#5215,.T.);
#5215 = EDGE_CURVE('',#5192,#5216,#5218,.T.);
#5216 = VERTEX_POINT('',#5217);
#5217 = CARTESIAN_POINT('',(2.62,-0.12,5.1));
#5218 = LINE('',#5219,#5220);
#5219 = CARTESIAN_POINT('',(2.18,-0.12,5.1));
#5220 = VECTOR('',#5221,1.);
#5221 = DIRECTION('',(1.,0.,0.));
#5222 = ORIENTED_EDGE('',*,*,#5223,.T.);
#5223 = EDGE_CURVE('',#5216,#4932,#5224,.T.);
#5224 = LINE('',#5225,#5226);
#5225 = CARTESIAN_POINT('',(2.54,-4.E-02,5.18));
#5226 = VECTOR('',#5227,1.);
#5227 = DIRECTION('',(0.57735026919,-0.57735026919,-0.57735026919));
#5228 = ORIENTED_EDGE('',*,*,#4931,.F.);
#5229 = PLANE('',#5230);
#5230 = AXIS2_PLACEMENT_3D('',#5231,#5232,#5233);
#5231 = CARTESIAN_POINT('',(2.18,-0.22,5.));
#5232 = DIRECTION('',(-1.735417226644E-18,-0.707106781187,0.707106781187
    ));
#5233 = DIRECTION('',(-1.,1.227125289148E-18,-1.227125289148E-18));
#5234 = ADVANCED_FACE('',(#5235),#5253,.F.);
#5235 = FACE_BOUND('',#5236,.T.);
#5236 = EDGE_LOOP('',(#5237,#5245,#5251,#5252));
#5237 = ORIENTED_EDGE('',*,*,#5238,.T.);
#5238 = EDGE_CURVE('',#4956,#5239,#5241,.T.);
#5239 = VERTEX_POINT('',#5240);
#5240 = CARTESIAN_POINT('',(2.62,0.12,5.1));
#5241 = LINE('',#5242,#5243);
#5242 = CARTESIAN_POINT('',(2.646666666667,0.146666666667,5.073333333333
    ));
#5243 = VECTOR('',#5244,1.);
#5244 = DIRECTION('',(-0.57735026919,-0.57735026919,0.57735026919));
#5245 = ORIENTED_EDGE('',*,*,#5246,.T.);
#5246 = EDGE_CURVE('',#5239,#5216,#5247,.T.);
#5247 = LINE('',#5248,#5249);
#5248 = CARTESIAN_POINT('',(2.62,0.32,5.1));
#5249 = VECTOR('',#5250,1.);
#5250 = DIRECTION('',(0.,-1.,0.));
#5251 = ORIENTED_EDGE('',*,*,#5223,.T.);
#5252 = ORIENTED_EDGE('',*,*,#4963,.F.);
#5253 = PLANE('',#5254);
#5254 = AXIS2_PLACEMENT_3D('',#5255,#5256,#5257);
#5255 = CARTESIAN_POINT('',(2.72,0.32,5.));
#5256 = DIRECTION('',(-0.707106781187,-1.735417226644E-18,
    -0.707106781187));
#5257 = DIRECTION('',(-1.227125289148E-18,1.,-1.227125289148E-18));
#5258 = ADVANCED_FACE('',(#5259),#5270,.T.);
#5259 = FACE_BOUND('',#5260,.F.);
#5260 = EDGE_LOOP('',(#5261,#5262,#5263,#5264));
#5261 = ORIENTED_EDGE('',*,*,#5183,.F.);
#5262 = ORIENTED_EDGE('',*,*,#4981,.T.);
#5263 = ORIENTED_EDGE('',*,*,#5238,.T.);
#5264 = ORIENTED_EDGE('',*,*,#5265,.F.);
#5265 = EDGE_CURVE('',#5184,#5239,#5266,.T.);
#5266 = LINE('',#5267,#5268);
#5267 = CARTESIAN_POINT('',(2.18,0.12,5.1));
#5268 = VECTOR('',#5269,1.);
#5269 = DIRECTION('',(1.,0.,0.));
#5270 = PLANE('',#5271);
#5271 = AXIS2_PLACEMENT_3D('',#5272,#5273,#5274);
#5272 = CARTESIAN_POINT('',(2.18,0.22,5.));
#5273 = DIRECTION('',(1.735417226644E-18,0.707106781187,0.707106781187)
  );
#5274 = DIRECTION('',(-1.,1.227125289148E-18,1.227125289148E-18));
#5275 = ADVANCED_FACE('',(#5276),#5282,.F.);
#5276 = FACE_BOUND('',#5277,.F.);
#5277 = EDGE_LOOP('',(#5278,#5279,#5280,#5281));
#5278 = ORIENTED_EDGE('',*,*,#5128,.T.);
#5279 = ORIENTED_EDGE('',*,*,#5095,.T.);
#5280 = ORIENTED_EDGE('',*,*,#5167,.F.);
#5281 = ORIENTED_EDGE('',*,*,#5143,.F.);
#5282 = PLANE('',#5283);
#5283 = AXIS2_PLACEMENT_3D('',#5284,#5285,#5286);
#5284 = CARTESIAN_POINT('',(-0.32,0.32,5.1));
#5285 = DIRECTION('',(0.,0.,-1.));
#5286 = DIRECTION('',(0.,-1.,0.));
#5287 = ADVANCED_FACE('',(#5288),#5294,.F.);
#5288 = FACE_BOUND('',#5289,.F.);
#5289 = EDGE_LOOP('',(#5290,#5291,#5292,#5293));
#5290 = ORIENTED_EDGE('',*,*,#5265,.T.);
#5291 = ORIENTED_EDGE('',*,*,#5246,.T.);
#5292 = ORIENTED_EDGE('',*,*,#5215,.F.);
#5293 = ORIENTED_EDGE('',*,*,#5191,.F.);
#5294 = PLANE('',#5295);
#5295 = AXIS2_PLACEMENT_3D('',#5296,#5297,#5298);
#5296 = CARTESIAN_POINT('',(2.18,0.32,5.1));
#5297 = DIRECTION('',(0.,0.,-1.));
#5298 = DIRECTION('',(0.,-1.,0.));
#5299 = ( GEOMETRIC_REPRESENTATION_CONTEXT(3) 
GLOBAL_UNCERTAINTY_ASSIGNED_CONTEXT((#5303)) 
GLOBAL_UNIT_ASSIGNED_CONTEXT((#5300,#5301,#5302)) REPRESENTATION_CONTEXT
('Context #1','3D Context with UNIT and UNCERTAINTY') );
#5300 = ( LENGTH_UNIT() NAMED_UNIT(*) SI_UNIT(.MILLI.,.METRE.) );
#5301 = ( NAMED_UNIT(*) PLANE_ANGLE_UNIT() SI_UNIT($,.RADIAN.) );
#5302 = ( NAMED_UNIT(*) SI_UNIT($,.STERADIAN.) SOLID_ANGLE_UNIT() );
#5303 = UNCERTAINTY_MEASURE_WITH_UNIT(LENGTH_MEASURE(1.E-07),#5300,
  'distance_accuracy_value','confusion accuracy');
#5304 = CONTEXT_DEPENDENT_SHAPE_REPRESENTATION(#5305,#5307);
#5305 = ( REPRESENTATION_RELATIONSHIP('','',#2804,#2781) 
REPRESENTATION_RELATIONSHIP_WITH_TRANSFORMATION(#5306) 
SHAPE_REPRESENTATION_RELATIONSHIP() );
#5306 = ITEM_DEFINED_TRANSFORMATION('','',#11,#2782);
#5307 = PRODUCT_DEFINITION_SHAPE('Placement','Placement of an item',
  #5308);
#5308 = NEXT_ASSEMBLY_USAGE_OCCURRENCE('5','=>[0:1:1:7]','',#2776,#2799,
  $);
#5309 = PRODUCT_RELATED_PRODUCT_CATEGORY('part',$,(#2801));
#5310 = SHAPE_DEFINITION_REPRESENTATION(#5311,#5317);
#5311 = PRODUCT_DEFINITION_SHAPE('','',#5312);
#5312 = PRODUCT_DEFINITION('design','',#5313,#5316);
#5313 = PRODUCT_DEFINITION_FORMATION('','',#5314);
#5314 = PRODUCT('SW_XKB_DM1-16UP-1','SW_XKB_DM1-16UP-1','',(#5315));
#5315 = PRODUCT_CONTEXT('',#2,'mechanical');
#5316 = PRODUCT_DEFINITION_CONTEXT('part definition',#2,'design');
#5317 = SHAPE_REPRESENTATION('',(#11,#5318),#5322);
#5318 = AXIS2_PLACEMENT_3D('',#5319,#5320,#5321);
#5319 = CARTESIAN_POINT('',(0.,0.,0.));
#5320 = DIRECTION('',(0.,0.,1.));
#5321 = DIRECTION('',(1.,0.,-0.));
#5322 = ( GEOMETRIC_REPRESENTATION_CONTEXT(3) 
GLOBAL_UNCERTAINTY_ASSIGNED_CONTEXT((#5326)) 
GLOBAL_UNIT_ASSIGNED_CONTEXT((#5323,#5324,#5325)) REPRESENTATION_CONTEXT
('Context #1','3D Context with UNIT and UNCERTAINTY') );
#5323 = ( LENGTH_UNIT() NAMED_UNIT(*) SI_UNIT(.MILLI.,.METRE.) );
#5324 = ( NAMED_UNIT(*) PLANE_ANGLE_UNIT() SI_UNIT($,.RADIAN.) );
#5325 = ( NAMED_UNIT(*) SI_UNIT($,.STERADIAN.) SOLID_ANGLE_UNIT() );
#5326 = UNCERTAINTY_MEASURE_WITH_UNIT(LENGTH_MEASURE(1.E-07),#5323,
  'distance_accuracy_value','confusion accuracy');
#5327 = CONTEXT_DEPENDENT_SHAPE_REPRESENTATION(#5328,#5330);
#5328 = ( REPRESENTATION_RELATIONSHIP('','',#5317,#10) 
REPRESENTATION_RELATIONSHIP_WITH_TRANSFORMATION(#5329) 
SHAPE_REPRESENTATION_RELATIONSHIP() );
#5329 = ITEM_DEFINED_TRANSFORMATION('','',#11,#27);
#5330 = PRODUCT_DEFINITION_SHAPE('Placement','Placement of an item',
  #5331);
#5331 = NEXT_ASSEMBLY_USAGE_OCCURRENCE('15','SW1','',#5,#5312,$);
#5332 = PRODUCT_RELATED_PRODUCT_CATEGORY('part',$,(#5314));
#5333 = SHAPE_DEFINITION_REPRESENTATION(#5334,#5340);
#5334 = PRODUCT_DEFINITION_SHAPE('','',#5335);
#5335 = PRODUCT_DEFINITION('design','',#5336,#5339);
#5336 = PRODUCT_DEFINITION_FORMATION('','',#5337);
#5337 = PRODUCT('XKB_DM1-WXYZ-P','XKB_DM1-WXYZ-P','',(#5338));
#5338 = PRODUCT_CONTEXT('',#2,'mechanical');
#5339 = PRODUCT_DEFINITION_CONTEXT('part definition',#2,'design');
#5340 = SHAPE_REPRESENTATION('',(#11,#5341,#5345,#5349,#5353,#5357,#5361
    ,#5365),#5369);
#5341 = AXIS2_PLACEMENT_3D('',#5342,#5343,#5344);
#5342 = CARTESIAN_POINT('',(5.08,0.,1.5));
#5343 = DIRECTION('',(0.,0.,1.));
#5344 = DIRECTION('',(1.,0.,0.));
#5345 = AXIS2_PLACEMENT_3D('',#5346,#5347,#5348);
#5346 = CARTESIAN_POINT('',(5.08,0.,1.5));
#5347 = DIRECTION('',(0.,0.,1.));
#5348 = DIRECTION('',(1.,0.,0.));
#5349 = AXIS2_PLACEMENT_3D('',#5350,#5351,#5352);
#5350 = CARTESIAN_POINT('',(5.08,0.,1.5));
#5351 = DIRECTION('',(0.,0.,1.));
#5352 = DIRECTION('',(1.,0.,0.));
#5353 = AXIS2_PLACEMENT_3D('',#5354,#5355,#5356);
#5354 = CARTESIAN_POINT('',(5.08,0.,1.5));
#5355 = DIRECTION('',(0.,0.,1.));
#5356 = DIRECTION('',(1.,0.,0.));
#5357 = AXIS2_PLACEMENT_3D('',#5358,#5359,#5360);
#5358 = CARTESIAN_POINT('',(5.08,0.,1.5));
#5359 = DIRECTION('',(0.,0.,1.));
#5360 = DIRECTION('',(1.,0.,0.));
#5361 = AXIS2_PLACEMENT_3D('',#5362,#5363,#5364);
#5362 = CARTESIAN_POINT('',(5.08,0.,1.5));
#5363 = DIRECTION('',(0.,0.,1.));
#5364 = DIRECTION('',(1.,0.,0.));
#5365 = AXIS2_PLACEMENT_3D('',#5366,#5367,#5368);
#5366 = CARTESIAN_POINT('',(5.08,0.,1.5));
#5367 = DIRECTION('',(0.,0.,1.));
#5368 = DIRECTION('',(1.,0.,0.));
#5369 = ( GEOMETRIC_REPRESENTATION_CONTEXT(3) 
GLOBAL_UNCERTAINTY_ASSIGNED_CONTEXT((#5373)) 
GLOBAL_UNIT_ASSIGNED_CONTEXT((#5370,#5371,#5372)) REPRESENTATION_CONTEXT
('Context #1','3D Context with UNIT and UNCERTAINTY') );
#5370 = ( LENGTH_UNIT() NAMED_UNIT(*) SI_UNIT(.MILLI.,.METRE.) );
#5371 = ( NAMED_UNIT(*) PLANE_ANGLE_UNIT() SI_UNIT($,.RADIAN.) );
#5372 = ( NAMED_UNIT(*) SI_UNIT($,.STERADIAN.) SOLID_ANGLE_UNIT() );
#5373 = UNCERTAINTY_MEASURE_WITH_UNIT(LENGTH_MEASURE(1.E-07),#5370,
  'distance_accuracy_value','confusion accuracy');
#5374 = CONTEXT_DEPENDENT_SHAPE_REPRESENTATION(#5375,#5377);
#5375 = ( REPRESENTATION_RELATIONSHIP('','',#5340,#5317) 
REPRESENTATION_RELATIONSHIP_WITH_TRANSFORMATION(#5376) 
SHAPE_REPRESENTATION_RELATIONSHIP() );
#5376 = ITEM_DEFINED_TRANSFORMATION('','',#11,#5318);
#5377 = PRODUCT_DEFINITION_SHAPE('Placement','Placement of an item',
  #5378);
#5378 = NEXT_ASSEMBLY_USAGE_OCCURRENCE('14','=>[0:1:1:9]','',#5312,#5335
  ,$);
#5379 = PRODUCT_RELATED_PRODUCT_CATEGORY('part',$,(#5337));
#5380 = SHAPE_DEFINITION_REPRESENTATION(#5381,#5387);
#5381 = PRODUCT_DEFINITION_SHAPE('','',#5382);
#5382 = PRODUCT_DEFINITION('design','',#5383,#5386);
#5383 = PRODUCT_DEFINITION_FORMATION('','',#5384);
#5384 = PRODUCT('Bottom001','Bottom001','',(#5385));
#5385 = PRODUCT_CONTEXT('',#2,'mechanical');
#5386 = PRODUCT_DEFINITION_CONTEXT('part definition',#2,'design');
#5387 = ADVANCED_BREP_SHAPE_REPRESENTATION('',(#11,#5388),#7130);
#5388 = MANIFOLD_SOLID_BREP('',#5389);
#5389 = CLOSED_SHELL('',(#5390,#5430,#5477,#5508,#5681,#5854,#5878,#5902
    ,#5919,#5936,#5953,#5970,#5987,#6004,#6021,#6038,#6071,#6095,#6119,
    #6143,#6167,#6191,#6208,#6233,#6250,#6275,#6292,#6316,#6340,#6364,
    #6388,#6412,#6429,#6454,#6479,#6510,#6527,#6637,#6646,#6655,#6765,
    #6774,#6783,#6800,#6817,#6834,#6851,#6868,#6885,#6902,#6914,#6945,
    #6969,#6993,#7010,#7041,#7065,#7089,#7106,#7118));
#5390 = ADVANCED_FACE('',(#5391),#5425,.F.);
#5391 = FACE_BOUND('',#5392,.F.);
#5392 = EDGE_LOOP('',(#5393,#5403,#5411,#5419));
#5393 = ORIENTED_EDGE('',*,*,#5394,.T.);
#5394 = EDGE_CURVE('',#5395,#5397,#5399,.T.);
#5395 = VERTEX_POINT('',#5396);
#5396 = CARTESIAN_POINT('',(-6.4,2.85,-1.15));
#5397 = VERTEX_POINT('',#5398);
#5398 = CARTESIAN_POINT('',(-6.4,-2.85,-1.15));
#5399 = LINE('',#5400,#5401);
#5400 = CARTESIAN_POINT('',(-6.4,2.85,-1.15));
#5401 = VECTOR('',#5402,1.);
#5402 = DIRECTION('',(0.,-1.,2.2E-16));
#5403 = ORIENTED_EDGE('',*,*,#5404,.T.);
#5404 = EDGE_CURVE('',#5397,#5405,#5407,.T.);
#5405 = VERTEX_POINT('',#5406);
#5406 = CARTESIAN_POINT('',(-4.3,-2.85,-1.15));
#5407 = LINE('',#5408,#5409);
#5408 = CARTESIAN_POINT('',(-6.4,-2.85,-1.15));
#5409 = VECTOR('',#5410,1.);
#5410 = DIRECTION('',(1.,0.,0.));
#5411 = ORIENTED_EDGE('',*,*,#5412,.F.);
#5412 = EDGE_CURVE('',#5413,#5405,#5415,.T.);
#5413 = VERTEX_POINT('',#5414);
#5414 = CARTESIAN_POINT('',(-4.3,2.85,-1.15));
#5415 = LINE('',#5416,#5417);
#5416 = CARTESIAN_POINT('',(-4.3,2.85,-1.15));
#5417 = VECTOR('',#5418,1.);
#5418 = DIRECTION('',(0.,-1.,2.2E-16));
#5419 = ORIENTED_EDGE('',*,*,#5420,.F.);
#5420 = EDGE_CURVE('',#5395,#5413,#5421,.T.);
#5421 = LINE('',#5422,#5423);
#5422 = CARTESIAN_POINT('',(-6.4,2.85,-1.15));
#5423 = VECTOR('',#5424,1.);
#5424 = DIRECTION('',(1.,0.,0.));
#5425 = PLANE('',#5426);
#5426 = AXIS2_PLACEMENT_3D('',#5427,#5428,#5429);
#5427 = CARTESIAN_POINT('',(-6.4,2.85,-1.15));
#5428 = DIRECTION('',(0.,2.2E-16,1.));
#5429 = DIRECTION('',(1.,0.,-0.));
#5430 = ADVANCED_FACE('',(#5431),#5472,.F.);
#5431 = FACE_BOUND('',#5432,.F.);
#5432 = EDGE_LOOP('',(#5433,#5443,#5451,#5459,#5465,#5466));
#5433 = ORIENTED_EDGE('',*,*,#5434,.T.);
#5434 = EDGE_CURVE('',#5435,#5437,#5439,.T.);
#5435 = VERTEX_POINT('',#5436);
#5436 = CARTESIAN_POINT('',(-6.4,2.85,1.35));
#5437 = VERTEX_POINT('',#5438);
#5438 = CARTESIAN_POINT('',(-6.4,2.25,1.35));
#5439 = LINE('',#5440,#5441);
#5440 = CARTESIAN_POINT('',(-6.4,2.85,1.35));
#5441 = VECTOR('',#5442,1.);
#5442 = DIRECTION('',(0.,-1.,2.2E-16));
#5443 = ORIENTED_EDGE('',*,*,#5444,.T.);
#5444 = EDGE_CURVE('',#5437,#5445,#5447,.T.);
#5445 = VERTEX_POINT('',#5446);
#5446 = CARTESIAN_POINT('',(-6.4,-2.25,1.35));
#5447 = LINE('',#5448,#5449);
#5448 = CARTESIAN_POINT('',(-6.4,2.85,1.35));
#5449 = VECTOR('',#5450,1.);
#5450 = DIRECTION('',(0.,-1.,2.2E-16));
#5451 = ORIENTED_EDGE('',*,*,#5452,.T.);
#5452 = EDGE_CURVE('',#5445,#5453,#5455,.T.);
#5453 = VERTEX_POINT('',#5454);
#5454 = CARTESIAN_POINT('',(-6.4,-2.85,1.35));
#5455 = LINE('',#5456,#5457);
#5456 = CARTESIAN_POINT('',(-6.4,2.85,1.35));
#5457 = VECTOR('',#5458,1.);
#5458 = DIRECTION('',(0.,-1.,2.2E-16));
#5459 = ORIENTED_EDGE('',*,*,#5460,.T.);
#5460 = EDGE_CURVE('',#5453,#5397,#5461,.T.);
#5461 = LINE('',#5462,#5463);
#5462 = CARTESIAN_POINT('',(-6.4,-2.85,1.35));
#5463 = VECTOR('',#5464,1.);
#5464 = DIRECTION('',(0.,2.2E-16,-1.));
#5465 = ORIENTED_EDGE('',*,*,#5394,.F.);
#5466 = ORIENTED_EDGE('',*,*,#5467,.F.);
#5467 = EDGE_CURVE('',#5435,#5395,#5468,.T.);
#5468 = LINE('',#5469,#5470);
#5469 = CARTESIAN_POINT('',(-6.4,2.85,1.35));
#5470 = VECTOR('',#5471,1.);
#5471 = DIRECTION('',(0.,2.2E-16,-1.));
#5472 = PLANE('',#5473);
#5473 = AXIS2_PLACEMENT_3D('',#5474,#5475,#5476);
#5474 = CARTESIAN_POINT('',(-6.4,2.85,1.35));
#5475 = DIRECTION('',(1.,0.,0.));
#5476 = DIRECTION('',(0.,-2.2E-16,-1.));
#5477 = ADVANCED_FACE('',(#5478),#5503,.F.);
#5478 = FACE_BOUND('',#5479,.F.);
#5479 = EDGE_LOOP('',(#5480,#5481,#5489,#5497));
#5480 = ORIENTED_EDGE('',*,*,#5412,.T.);
#5481 = ORIENTED_EDGE('',*,*,#5482,.T.);
#5482 = EDGE_CURVE('',#5405,#5483,#5485,.T.);
#5483 = VERTEX_POINT('',#5484);
#5484 = CARTESIAN_POINT('',(-3.95,-2.85,-1.5));
#5485 = LINE('',#5486,#5487);
#5486 = CARTESIAN_POINT('',(-4.3,-2.85,-1.15));
#5487 = VECTOR('',#5488,1.);
#5488 = DIRECTION('',(0.707106781187,1.599999999999E-16,-0.707106781187)
  );
#5489 = ORIENTED_EDGE('',*,*,#5490,.F.);
#5490 = EDGE_CURVE('',#5491,#5483,#5493,.T.);
#5491 = VERTEX_POINT('',#5492);
#5492 = CARTESIAN_POINT('',(-3.95,2.85,-1.5));
#5493 = LINE('',#5494,#5495);
#5494 = CARTESIAN_POINT('',(-3.95,2.85,-1.5));
#5495 = VECTOR('',#5496,1.);
#5496 = DIRECTION('',(0.,-1.,2.2E-16));
#5497 = ORIENTED_EDGE('',*,*,#5498,.F.);
#5498 = EDGE_CURVE('',#5413,#5491,#5499,.T.);
#5499 = LINE('',#5500,#5501);
#5500 = CARTESIAN_POINT('',(-4.3,2.85,-1.15));
#5501 = VECTOR('',#5502,1.);
#5502 = DIRECTION('',(0.707106781187,1.599999999999E-16,-0.707106781187)
  );
#5503 = PLANE('',#5504);
#5504 = AXIS2_PLACEMENT_3D('',#5505,#5506,#5507);
#5505 = CARTESIAN_POINT('',(-4.3,2.85,-1.15));
#5506 = DIRECTION('',(0.707106781187,1.599999999999E-16,0.707106781187)
  );
#5507 = DIRECTION('',(0.707106781187,-1.599999999999E-16,-0.707106781187
    ));
#5508 = ADVANCED_FACE('',(#5509,#5632,#5643,#5654,#5665),#5676,.T.);
#5509 = FACE_BOUND('',#5510,.T.);
#5510 = EDGE_LOOP('',(#5511,#5512,#5513,#5521,#5529,#5537,#5545,#5553,
    #5561,#5569,#5577,#5585,#5593,#5601,#5609,#5617,#5625,#5631));
#5511 = ORIENTED_EDGE('',*,*,#5420,.F.);
#5512 = ORIENTED_EDGE('',*,*,#5467,.F.);
#5513 = ORIENTED_EDGE('',*,*,#5514,.F.);
#5514 = EDGE_CURVE('',#5515,#5435,#5517,.T.);
#5515 = VERTEX_POINT('',#5516);
#5516 = CARTESIAN_POINT('',(-5.8,2.85,1.35));
#5517 = LINE('',#5518,#5519);
#5518 = CARTESIAN_POINT('',(-5.8,2.85,1.35));
#5519 = VECTOR('',#5520,1.);
#5520 = DIRECTION('',(-1.,0.,0.));
#5521 = ORIENTED_EDGE('',*,*,#5522,.F.);
#5522 = EDGE_CURVE('',#5523,#5515,#5525,.T.);
#5523 = VERTEX_POINT('',#5524);
#5524 = CARTESIAN_POINT('',(-1.75,2.85,1.35));
#5525 = LINE('',#5526,#5527);
#5526 = CARTESIAN_POINT('',(-1.75,2.85,1.35));
#5527 = VECTOR('',#5528,1.);
#5528 = DIRECTION('',(-1.,0.,-0.));
#5529 = ORIENTED_EDGE('',*,*,#5530,.F.);
#5530 = EDGE_CURVE('',#5531,#5523,#5533,.T.);
#5531 = VERTEX_POINT('',#5532);
#5532 = CARTESIAN_POINT('',(-1.75,2.85,-0.75));
#5533 = LINE('',#5534,#5535);
#5534 = CARTESIAN_POINT('',(-1.75,2.85,-0.75));
#5535 = VECTOR('',#5536,1.);
#5536 = DIRECTION('',(0.,-2.2E-16,1.));
#5537 = ORIENTED_EDGE('',*,*,#5538,.F.);
#5538 = EDGE_CURVE('',#5539,#5531,#5541,.T.);
#5539 = VERTEX_POINT('',#5540);
#5540 = CARTESIAN_POINT('',(1.75,2.85,-0.75));
#5541 = LINE('',#5542,#5543);
#5542 = CARTESIAN_POINT('',(1.75,2.85,-0.75));
#5543 = VECTOR('',#5544,1.);
#5544 = DIRECTION('',(-1.,0.,-0.));
#5545 = ORIENTED_EDGE('',*,*,#5546,.F.);
#5546 = EDGE_CURVE('',#5547,#5539,#5549,.T.);
#5547 = VERTEX_POINT('',#5548);
#5548 = CARTESIAN_POINT('',(1.75,2.85,1.35));
#5549 = LINE('',#5550,#5551);
#5550 = CARTESIAN_POINT('',(1.75,2.85,1.35));
#5551 = VECTOR('',#5552,1.);
#5552 = DIRECTION('',(0.,2.2E-16,-1.));
#5553 = ORIENTED_EDGE('',*,*,#5554,.F.);
#5554 = EDGE_CURVE('',#5555,#5547,#5557,.T.);
#5555 = VERTEX_POINT('',#5556);
#5556 = CARTESIAN_POINT('',(5.8,2.85,1.35));
#5557 = LINE('',#5558,#5559);
#5558 = CARTESIAN_POINT('',(6.4,2.85,1.35));
#5559 = VECTOR('',#5560,1.);
#5560 = DIRECTION('',(-1.,0.,-0.));
#5561 = ORIENTED_EDGE('',*,*,#5562,.F.);
#5562 = EDGE_CURVE('',#5563,#5555,#5565,.T.);
#5563 = VERTEX_POINT('',#5564);
#5564 = CARTESIAN_POINT('',(6.4,2.85,1.35));
#5565 = LINE('',#5566,#5567);
#5566 = CARTESIAN_POINT('',(6.4,2.85,1.35));
#5567 = VECTOR('',#5568,1.);
#5568 = DIRECTION('',(-1.,0.,0.));
#5569 = ORIENTED_EDGE('',*,*,#5570,.F.);
#5570 = EDGE_CURVE('',#5571,#5563,#5573,.T.);
#5571 = VERTEX_POINT('',#5572);
#5572 = CARTESIAN_POINT('',(6.4,2.85,-1.15));
#5573 = LINE('',#5574,#5575);
#5574 = CARTESIAN_POINT('',(6.4,2.85,-1.15));
#5575 = VECTOR('',#5576,1.);
#5576 = DIRECTION('',(0.,-2.2E-16,1.));
#5577 = ORIENTED_EDGE('',*,*,#5578,.F.);
#5578 = EDGE_CURVE('',#5579,#5571,#5581,.T.);
#5579 = VERTEX_POINT('',#5580);
#5580 = CARTESIAN_POINT('',(4.3,2.85,-1.15));
#5581 = LINE('',#5582,#5583);
#5582 = CARTESIAN_POINT('',(4.3,2.85,-1.15));
#5583 = VECTOR('',#5584,1.);
#5584 = DIRECTION('',(1.,0.,0.));
#5585 = ORIENTED_EDGE('',*,*,#5586,.F.);
#5586 = EDGE_CURVE('',#5587,#5579,#5589,.T.);
#5587 = VERTEX_POINT('',#5588);
#5588 = CARTESIAN_POINT('',(3.95,2.85,-1.5));
#5589 = LINE('',#5590,#5591);
#5590 = CARTESIAN_POINT('',(3.95,2.85,-1.5));
#5591 = VECTOR('',#5592,1.);
#5592 = DIRECTION('',(0.707106781187,-1.599999999999E-16,0.707106781187)
  );
#5593 = ORIENTED_EDGE('',*,*,#5594,.F.);
#5594 = EDGE_CURVE('',#5595,#5587,#5597,.T.);
#5595 = VERTEX_POINT('',#5596);
#5596 = CARTESIAN_POINT('',(1.95,2.85,-1.5));
#5597 = LINE('',#5598,#5599);
#5598 = CARTESIAN_POINT('',(1.95,2.85,-1.5));
#5599 = VECTOR('',#5600,1.);
#5600 = DIRECTION('',(1.,0.,0.));
#5601 = ORIENTED_EDGE('',*,*,#5602,.F.);
#5602 = EDGE_CURVE('',#5603,#5595,#5605,.T.);
#5603 = VERTEX_POINT('',#5604);
#5604 = CARTESIAN_POINT('',(1.6,2.85,-1.15));
#5605 = LINE('',#5606,#5607);
#5606 = CARTESIAN_POINT('',(1.6,2.85,-1.15));
#5607 = VECTOR('',#5608,1.);
#5608 = DIRECTION('',(0.707106781187,1.599999999999E-16,-0.707106781187)
  );
#5609 = ORIENTED_EDGE('',*,*,#5610,.F.);
#5610 = EDGE_CURVE('',#5611,#5603,#5613,.T.);
#5611 = VERTEX_POINT('',#5612);
#5612 = CARTESIAN_POINT('',(-1.6,2.85,-1.15));
#5613 = LINE('',#5614,#5615);
#5614 = CARTESIAN_POINT('',(-1.6,2.85,-1.15));
#5615 = VECTOR('',#5616,1.);
#5616 = DIRECTION('',(1.,0.,0.));
#5617 = ORIENTED_EDGE('',*,*,#5618,.F.);
#5618 = EDGE_CURVE('',#5619,#5611,#5621,.T.);
#5619 = VERTEX_POINT('',#5620);
#5620 = CARTESIAN_POINT('',(-1.95,2.85,-1.5));
#5621 = LINE('',#5622,#5623);
#5622 = CARTESIAN_POINT('',(-1.95,2.85,-1.5));
#5623 = VECTOR('',#5624,1.);
#5624 = DIRECTION('',(0.707106781187,-1.599999999999E-16,0.707106781187)
  );
#5625 = ORIENTED_EDGE('',*,*,#5626,.F.);
#5626 = EDGE_CURVE('',#5491,#5619,#5627,.T.);
#5627 = LINE('',#5628,#5629);
#5628 = CARTESIAN_POINT('',(-3.95,2.85,-1.5));
#5629 = VECTOR('',#5630,1.);
#5630 = DIRECTION('',(1.,0.,0.));
#5631 = ORIENTED_EDGE('',*,*,#5498,.F.);
#5632 = FACE_BOUND('',#5633,.T.);
#5633 = EDGE_LOOP('',(#5634));
#5634 = ORIENTED_EDGE('',*,*,#5635,.F.);
#5635 = EDGE_CURVE('',#5636,#5636,#5638,.T.);
#5636 = VERTEX_POINT('',#5637);
#5637 = CARTESIAN_POINT('',(-4.6,2.85,-0.));
#5638 = CIRCLE('',#5639,0.7);
#5639 = AXIS2_PLACEMENT_3D('',#5640,#5641,#5642);
#5640 = CARTESIAN_POINT('',(-5.3,2.85,-4.440892098501E-16));
#5641 = DIRECTION('',(-0.,1.,2.2E-16));
#5642 = DIRECTION('',(1.,0.,0.));
#5643 = FACE_BOUND('',#5644,.T.);
#5644 = EDGE_LOOP('',(#5645));
#5645 = ORIENTED_EDGE('',*,*,#5646,.T.);
#5646 = EDGE_CURVE('',#5647,#5647,#5649,.T.);
#5647 = VERTEX_POINT('',#5648);
#5648 = CARTESIAN_POINT('',(-2.25,2.85,-0.));
#5649 = CIRCLE('',#5650,1.);
#5650 = AXIS2_PLACEMENT_3D('',#5651,#5652,#5653);
#5651 = CARTESIAN_POINT('',(-3.25,2.85,4.440892098501E-16));
#5652 = DIRECTION('',(0.,-1.,-2.2E-16));
#5653 = DIRECTION('',(1.,0.,0.));
#5654 = FACE_BOUND('',#5655,.T.);
#5655 = EDGE_LOOP('',(#5656));
#5656 = ORIENTED_EDGE('',*,*,#5657,.F.);
#5657 = EDGE_CURVE('',#5658,#5658,#5660,.T.);
#5658 = VERTEX_POINT('',#5659);
#5659 = CARTESIAN_POINT('',(6.,2.85,0.));
#5660 = CIRCLE('',#5661,0.7);
#5661 = AXIS2_PLACEMENT_3D('',#5662,#5663,#5664);
#5662 = CARTESIAN_POINT('',(5.3,2.85,-4.440892098501E-16));
#5663 = DIRECTION('',(-0.,1.,2.2E-16));
#5664 = DIRECTION('',(1.,0.,0.));
#5665 = FACE_BOUND('',#5666,.T.);
#5666 = EDGE_LOOP('',(#5667));
#5667 = ORIENTED_EDGE('',*,*,#5668,.T.);
#5668 = EDGE_CURVE('',#5669,#5669,#5671,.T.);
#5669 = VERTEX_POINT('',#5670);
#5670 = CARTESIAN_POINT('',(4.25,2.85,0.));
#5671 = CIRCLE('',#5672,1.);
#5672 = AXIS2_PLACEMENT_3D('',#5673,#5674,#5675);
#5673 = CARTESIAN_POINT('',(3.25,2.85,4.440892098501E-16));
#5674 = DIRECTION('',(0.,-1.,-2.2E-16));
#5675 = DIRECTION('',(1.,0.,0.));
#5676 = PLANE('',#5677);
#5677 = AXIS2_PLACEMENT_3D('',#5678,#5679,#5680);
#5678 = CARTESIAN_POINT('',(0.119943565711,2.85,0.17776455543));
#5679 = DIRECTION('',(0.,1.,0.));
#5680 = DIRECTION('',(0.,-0.,1.));
#5681 = ADVANCED_FACE('',(#5682,#5805,#5816,#5827,#5838),#5849,.F.);
#5682 = FACE_BOUND('',#5683,.F.);
#5683 = EDGE_LOOP('',(#5684,#5685,#5686,#5694,#5702,#5710,#5718,#5726,
    #5734,#5742,#5750,#5758,#5766,#5774,#5782,#5790,#5798,#5804));
#5684 = ORIENTED_EDGE('',*,*,#5404,.F.);
#5685 = ORIENTED_EDGE('',*,*,#5460,.F.);
#5686 = ORIENTED_EDGE('',*,*,#5687,.F.);
#5687 = EDGE_CURVE('',#5688,#5453,#5690,.T.);
#5688 = VERTEX_POINT('',#5689);
#5689 = CARTESIAN_POINT('',(-5.8,-2.85,1.35));
#5690 = LINE('',#5691,#5692);
#5691 = CARTESIAN_POINT('',(-5.8,-2.85,1.35));
#5692 = VECTOR('',#5693,1.);
#5693 = DIRECTION('',(-1.,0.,0.));
#5694 = ORIENTED_EDGE('',*,*,#5695,.T.);
#5695 = EDGE_CURVE('',#5688,#5696,#5698,.T.);
#5696 = VERTEX_POINT('',#5697);
#5697 = CARTESIAN_POINT('',(-1.75,-2.85,1.35));
#5698 = LINE('',#5699,#5700);
#5699 = CARTESIAN_POINT('',(-6.4,-2.85,1.35));
#5700 = VECTOR('',#5701,1.);
#5701 = DIRECTION('',(1.,0.,0.));
#5702 = ORIENTED_EDGE('',*,*,#5703,.F.);
#5703 = EDGE_CURVE('',#5704,#5696,#5706,.T.);
#5704 = VERTEX_POINT('',#5705);
#5705 = CARTESIAN_POINT('',(-1.75,-2.85,-0.75));
#5706 = LINE('',#5707,#5708);
#5707 = CARTESIAN_POINT('',(-1.75,-2.85,-0.75));
#5708 = VECTOR('',#5709,1.);
#5709 = DIRECTION('',(0.,-2.2E-16,1.));
#5710 = ORIENTED_EDGE('',*,*,#5711,.F.);
#5711 = EDGE_CURVE('',#5712,#5704,#5714,.T.);
#5712 = VERTEX_POINT('',#5713);
#5713 = CARTESIAN_POINT('',(1.75,-2.85,-0.75));
#5714 = LINE('',#5715,#5716);
#5715 = CARTESIAN_POINT('',(1.75,-2.85,-0.75));
#5716 = VECTOR('',#5717,1.);
#5717 = DIRECTION('',(-1.,0.,0.));
#5718 = ORIENTED_EDGE('',*,*,#5719,.F.);
#5719 = EDGE_CURVE('',#5720,#5712,#5722,.T.);
#5720 = VERTEX_POINT('',#5721);
#5721 = CARTESIAN_POINT('',(1.75,-2.85,1.35));
#5722 = LINE('',#5723,#5724);
#5723 = CARTESIAN_POINT('',(1.75,-2.85,1.35));
#5724 = VECTOR('',#5725,1.);
#5725 = DIRECTION('',(0.,2.2E-16,-1.));
#5726 = ORIENTED_EDGE('',*,*,#5727,.T.);
#5727 = EDGE_CURVE('',#5720,#5728,#5730,.T.);
#5728 = VERTEX_POINT('',#5729);
#5729 = CARTESIAN_POINT('',(5.8,-2.85,1.35));
#5730 = LINE('',#5731,#5732);
#5731 = CARTESIAN_POINT('',(1.75,-2.85,1.35));
#5732 = VECTOR('',#5733,1.);
#5733 = DIRECTION('',(1.,0.,0.));
#5734 = ORIENTED_EDGE('',*,*,#5735,.F.);
#5735 = EDGE_CURVE('',#5736,#5728,#5738,.T.);
#5736 = VERTEX_POINT('',#5737);
#5737 = CARTESIAN_POINT('',(6.4,-2.85,1.35));
#5738 = LINE('',#5739,#5740);
#5739 = CARTESIAN_POINT('',(6.4,-2.85,1.35));
#5740 = VECTOR('',#5741,1.);
#5741 = DIRECTION('',(-1.,0.,0.));
#5742 = ORIENTED_EDGE('',*,*,#5743,.F.);
#5743 = EDGE_CURVE('',#5744,#5736,#5746,.T.);
#5744 = VERTEX_POINT('',#5745);
#5745 = CARTESIAN_POINT('',(6.4,-2.85,-1.15));
#5746 = LINE('',#5747,#5748);
#5747 = CARTESIAN_POINT('',(6.4,-2.85,-1.15));
#5748 = VECTOR('',#5749,1.);
#5749 = DIRECTION('',(0.,-2.2E-16,1.));
#5750 = ORIENTED_EDGE('',*,*,#5751,.F.);
#5751 = EDGE_CURVE('',#5752,#5744,#5754,.T.);
#5752 = VERTEX_POINT('',#5753);
#5753 = CARTESIAN_POINT('',(4.3,-2.85,-1.15));
#5754 = LINE('',#5755,#5756);
#5755 = CARTESIAN_POINT('',(4.3,-2.85,-1.15));
#5756 = VECTOR('',#5757,1.);
#5757 = DIRECTION('',(1.,0.,0.));
#5758 = ORIENTED_EDGE('',*,*,#5759,.F.);
#5759 = EDGE_CURVE('',#5760,#5752,#5762,.T.);
#5760 = VERTEX_POINT('',#5761);
#5761 = CARTESIAN_POINT('',(3.95,-2.85,-1.5));
#5762 = LINE('',#5763,#5764);
#5763 = CARTESIAN_POINT('',(3.95,-2.85,-1.5));
#5764 = VECTOR('',#5765,1.);
#5765 = DIRECTION('',(0.707106781187,-1.599999999999E-16,0.707106781187)
  );
#5766 = ORIENTED_EDGE('',*,*,#5767,.F.);
#5767 = EDGE_CURVE('',#5768,#5760,#5770,.T.);
#5768 = VERTEX_POINT('',#5769);
#5769 = CARTESIAN_POINT('',(1.95,-2.85,-1.5));
#5770 = LINE('',#5771,#5772);
#5771 = CARTESIAN_POINT('',(1.95,-2.85,-1.5));
#5772 = VECTOR('',#5773,1.);
#5773 = DIRECTION('',(1.,0.,0.));
#5774 = ORIENTED_EDGE('',*,*,#5775,.F.);
#5775 = EDGE_CURVE('',#5776,#5768,#5778,.T.);
#5776 = VERTEX_POINT('',#5777);
#5777 = CARTESIAN_POINT('',(1.6,-2.85,-1.15));
#5778 = LINE('',#5779,#5780);
#5779 = CARTESIAN_POINT('',(1.6,-2.85,-1.15));
#5780 = VECTOR('',#5781,1.);
#5781 = DIRECTION('',(0.707106781187,1.599999999999E-16,-0.707106781187)
  );
#5782 = ORIENTED_EDGE('',*,*,#5783,.F.);
#5783 = EDGE_CURVE('',#5784,#5776,#5786,.T.);
#5784 = VERTEX_POINT('',#5785);
#5785 = CARTESIAN_POINT('',(-1.6,-2.85,-1.15));
#5786 = LINE('',#5787,#5788);
#5787 = CARTESIAN_POINT('',(-1.6,-2.85,-1.15));
#5788 = VECTOR('',#5789,1.);
#5789 = DIRECTION('',(1.,0.,0.));
#5790 = ORIENTED_EDGE('',*,*,#5791,.F.);
#5791 = EDGE_CURVE('',#5792,#5784,#5794,.T.);
#5792 = VERTEX_POINT('',#5793);
#5793 = CARTESIAN_POINT('',(-1.95,-2.85,-1.5));
#5794 = LINE('',#5795,#5796);
#5795 = CARTESIAN_POINT('',(-1.95,-2.85,-1.5));
#5796 = VECTOR('',#5797,1.);
#5797 = DIRECTION('',(0.707106781187,-1.599999999999E-16,0.707106781187)
  );
#5798 = ORIENTED_EDGE('',*,*,#5799,.F.);
#5799 = EDGE_CURVE('',#5483,#5792,#5800,.T.);
#5800 = LINE('',#5801,#5802);
#5801 = CARTESIAN_POINT('',(-3.95,-2.85,-1.5));
#5802 = VECTOR('',#5803,1.);
#5803 = DIRECTION('',(1.,0.,0.));
#5804 = ORIENTED_EDGE('',*,*,#5482,.F.);
#5805 = FACE_BOUND('',#5806,.F.);
#5806 = EDGE_LOOP('',(#5807));
#5807 = ORIENTED_EDGE('',*,*,#5808,.T.);
#5808 = EDGE_CURVE('',#5809,#5809,#5811,.T.);
#5809 = VERTEX_POINT('',#5810);
#5810 = CARTESIAN_POINT('',(-4.6,-2.85,0.));
#5811 = CIRCLE('',#5812,0.7);
#5812 = AXIS2_PLACEMENT_3D('',#5813,#5814,#5815);
#5813 = CARTESIAN_POINT('',(-5.3,-2.85,-4.440892098501E-16));
#5814 = DIRECTION('',(0.,-1.,-2.2E-16));
#5815 = DIRECTION('',(1.,0.,0.));
#5816 = FACE_BOUND('',#5817,.F.);
#5817 = EDGE_LOOP('',(#5818));
#5818 = ORIENTED_EDGE('',*,*,#5819,.T.);
#5819 = EDGE_CURVE('',#5820,#5820,#5822,.T.);
#5820 = VERTEX_POINT('',#5821);
#5821 = CARTESIAN_POINT('',(-2.25,-2.85,0.));
#5822 = CIRCLE('',#5823,1.);
#5823 = AXIS2_PLACEMENT_3D('',#5824,#5825,#5826);
#5824 = CARTESIAN_POINT('',(-3.25,-2.85,-4.440892098501E-16));
#5825 = DIRECTION('',(0.,-1.,-2.2E-16));
#5826 = DIRECTION('',(1.,0.,0.));
#5827 = FACE_BOUND('',#5828,.F.);
#5828 = EDGE_LOOP('',(#5829));
#5829 = ORIENTED_EDGE('',*,*,#5830,.T.);
#5830 = EDGE_CURVE('',#5831,#5831,#5833,.T.);
#5831 = VERTEX_POINT('',#5832);
#5832 = CARTESIAN_POINT('',(5.6,-2.85,0.));
#5833 = CIRCLE('',#5834,0.5);
#5834 = AXIS2_PLACEMENT_3D('',#5835,#5836,#5837);
#5835 = CARTESIAN_POINT('',(5.1,-2.85,-4.440892098501E-16));
#5836 = DIRECTION('',(0.,-1.,-2.2E-16));
#5837 = DIRECTION('',(1.,0.,0.));
#5838 = FACE_BOUND('',#5839,.F.);
#5839 = EDGE_LOOP('',(#5840));
#5840 = ORIENTED_EDGE('',*,*,#5841,.T.);
#5841 = EDGE_CURVE('',#5842,#5842,#5844,.T.);
#5842 = VERTEX_POINT('',#5843);
#5843 = CARTESIAN_POINT('',(4.25,-2.85,0.));
#5844 = CIRCLE('',#5845,1.);
#5845 = AXIS2_PLACEMENT_3D('',#5846,#5847,#5848);
#5846 = CARTESIAN_POINT('',(3.25,-2.85,-4.440892098501E-16));
#5847 = DIRECTION('',(0.,-1.,-2.2E-16));
#5848 = DIRECTION('',(1.,0.,0.));
#5849 = PLANE('',#5850);
#5850 = AXIS2_PLACEMENT_3D('',#5851,#5852,#5853);
#5851 = CARTESIAN_POINT('',(0.119943565711,-2.85,0.17776455543));
#5852 = DIRECTION('',(0.,1.,0.));
#5853 = DIRECTION('',(0.,-0.,1.));
#5854 = ADVANCED_FACE('',(#5855),#5873,.F.);
#5855 = FACE_BOUND('',#5856,.F.);
#5856 = EDGE_LOOP('',(#5857,#5858,#5866,#5872));
#5857 = ORIENTED_EDGE('',*,*,#5514,.F.);
#5858 = ORIENTED_EDGE('',*,*,#5859,.T.);
#5859 = EDGE_CURVE('',#5515,#5860,#5862,.T.);
#5860 = VERTEX_POINT('',#5861);
#5861 = CARTESIAN_POINT('',(-5.8,2.25,1.35));
#5862 = LINE('',#5863,#5864);
#5863 = CARTESIAN_POINT('',(-5.8,2.85,1.35));
#5864 = VECTOR('',#5865,1.);
#5865 = DIRECTION('',(0.,-1.,2.2E-16));
#5866 = ORIENTED_EDGE('',*,*,#5867,.T.);
#5867 = EDGE_CURVE('',#5860,#5437,#5868,.T.);
#5868 = LINE('',#5869,#5870);
#5869 = CARTESIAN_POINT('',(-1.75,2.25,1.35));
#5870 = VECTOR('',#5871,1.);
#5871 = DIRECTION('',(-1.,0.,-0.));
#5872 = ORIENTED_EDGE('',*,*,#5434,.F.);
#5873 = PLANE('',#5874);
#5874 = AXIS2_PLACEMENT_3D('',#5875,#5876,#5877);
#5875 = CARTESIAN_POINT('',(-5.8,2.85,1.35));
#5876 = DIRECTION('',(0.,-2.2E-16,-1.));
#5877 = DIRECTION('',(-1.,-0.,0.));
#5878 = ADVANCED_FACE('',(#5879),#5897,.F.);
#5879 = FACE_BOUND('',#5880,.F.);
#5880 = EDGE_LOOP('',(#5881,#5882,#5890,#5896));
#5881 = ORIENTED_EDGE('',*,*,#5867,.F.);
#5882 = ORIENTED_EDGE('',*,*,#5883,.T.);
#5883 = EDGE_CURVE('',#5860,#5884,#5886,.T.);
#5884 = VERTEX_POINT('',#5885);
#5885 = CARTESIAN_POINT('',(-5.8,-2.25,1.35));
#5886 = LINE('',#5887,#5888);
#5887 = CARTESIAN_POINT('',(-5.8,2.85,1.35));
#5888 = VECTOR('',#5889,1.);
#5889 = DIRECTION('',(0.,-1.,2.2E-16));
#5890 = ORIENTED_EDGE('',*,*,#5891,.F.);
#5891 = EDGE_CURVE('',#5445,#5884,#5892,.T.);
#5892 = LINE('',#5893,#5894);
#5893 = CARTESIAN_POINT('',(-6.4,-2.25,1.35));
#5894 = VECTOR('',#5895,1.);
#5895 = DIRECTION('',(1.,0.,0.));
#5896 = ORIENTED_EDGE('',*,*,#5444,.F.);
#5897 = PLANE('',#5898);
#5898 = AXIS2_PLACEMENT_3D('',#5899,#5900,#5901);
#5899 = CARTESIAN_POINT('',(-5.8,2.85,1.35));
#5900 = DIRECTION('',(0.,-2.2E-16,-1.));
#5901 = DIRECTION('',(-1.,-0.,0.));
#5902 = ADVANCED_FACE('',(#5903),#5914,.F.);
#5903 = FACE_BOUND('',#5904,.F.);
#5904 = EDGE_LOOP('',(#5905,#5906,#5912,#5913));
#5905 = ORIENTED_EDGE('',*,*,#5891,.T.);
#5906 = ORIENTED_EDGE('',*,*,#5907,.T.);
#5907 = EDGE_CURVE('',#5884,#5688,#5908,.T.);
#5908 = LINE('',#5909,#5910);
#5909 = CARTESIAN_POINT('',(-5.8,2.85,1.35));
#5910 = VECTOR('',#5911,1.);
#5911 = DIRECTION('',(0.,-1.,2.2E-16));
#5912 = ORIENTED_EDGE('',*,*,#5687,.T.);
#5913 = ORIENTED_EDGE('',*,*,#5452,.F.);
#5914 = PLANE('',#5915);
#5915 = AXIS2_PLACEMENT_3D('',#5916,#5917,#5918);
#5916 = CARTESIAN_POINT('',(-5.8,2.85,1.35));
#5917 = DIRECTION('',(0.,-2.2E-16,-1.));
#5918 = DIRECTION('',(-1.,-0.,0.));
#5919 = ADVANCED_FACE('',(#5920),#5931,.F.);
#5920 = FACE_BOUND('',#5921,.F.);
#5921 = EDGE_LOOP('',(#5922,#5923,#5924,#5930));
#5922 = ORIENTED_EDGE('',*,*,#5490,.T.);
#5923 = ORIENTED_EDGE('',*,*,#5799,.T.);
#5924 = ORIENTED_EDGE('',*,*,#5925,.F.);
#5925 = EDGE_CURVE('',#5619,#5792,#5926,.T.);
#5926 = LINE('',#5927,#5928);
#5927 = CARTESIAN_POINT('',(-1.95,2.85,-1.5));
#5928 = VECTOR('',#5929,1.);
#5929 = DIRECTION('',(0.,-1.,2.2E-16));
#5930 = ORIENTED_EDGE('',*,*,#5626,.F.);
#5931 = PLANE('',#5932);
#5932 = AXIS2_PLACEMENT_3D('',#5933,#5934,#5935);
#5933 = CARTESIAN_POINT('',(-3.95,2.85,-1.5));
#5934 = DIRECTION('',(0.,2.2E-16,1.));
#5935 = DIRECTION('',(1.,0.,-0.));
#5936 = ADVANCED_FACE('',(#5937),#5948,.F.);
#5937 = FACE_BOUND('',#5938,.F.);
#5938 = EDGE_LOOP('',(#5939,#5940,#5941,#5947));
#5939 = ORIENTED_EDGE('',*,*,#5925,.T.);
#5940 = ORIENTED_EDGE('',*,*,#5791,.T.);
#5941 = ORIENTED_EDGE('',*,*,#5942,.F.);
#5942 = EDGE_CURVE('',#5611,#5784,#5943,.T.);
#5943 = LINE('',#5944,#5945);
#5944 = CARTESIAN_POINT('',(-1.6,2.85,-1.15));
#5945 = VECTOR('',#5946,1.);
#5946 = DIRECTION('',(0.,-1.,2.2E-16));
#5947 = ORIENTED_EDGE('',*,*,#5618,.F.);
#5948 = PLANE('',#5949);
#5949 = AXIS2_PLACEMENT_3D('',#5950,#5951,#5952);
#5950 = CARTESIAN_POINT('',(-1.95,2.85,-1.5));
#5951 = DIRECTION('',(-0.707106781187,1.599999999999E-16,0.707106781187)
  );
#5952 = DIRECTION('',(0.707106781187,1.599999999999E-16,0.707106781187)
  );
#5953 = ADVANCED_FACE('',(#5954),#5965,.F.);
#5954 = FACE_BOUND('',#5955,.F.);
#5955 = EDGE_LOOP('',(#5956,#5957,#5958,#5964));
#5956 = ORIENTED_EDGE('',*,*,#5942,.T.);
#5957 = ORIENTED_EDGE('',*,*,#5783,.T.);
#5958 = ORIENTED_EDGE('',*,*,#5959,.F.);
#5959 = EDGE_CURVE('',#5603,#5776,#5960,.T.);
#5960 = LINE('',#5961,#5962);
#5961 = CARTESIAN_POINT('',(1.6,2.85,-1.15));
#5962 = VECTOR('',#5963,1.);
#5963 = DIRECTION('',(0.,-1.,2.2E-16));
#5964 = ORIENTED_EDGE('',*,*,#5610,.F.);
#5965 = PLANE('',#5966);
#5966 = AXIS2_PLACEMENT_3D('',#5967,#5968,#5969);
#5967 = CARTESIAN_POINT('',(-1.6,2.85,-1.15));
#5968 = DIRECTION('',(0.,2.2E-16,1.));
#5969 = DIRECTION('',(1.,0.,-0.));
#5970 = ADVANCED_FACE('',(#5971),#5982,.F.);
#5971 = FACE_BOUND('',#5972,.F.);
#5972 = EDGE_LOOP('',(#5973,#5974,#5975,#5981));
#5973 = ORIENTED_EDGE('',*,*,#5959,.T.);
#5974 = ORIENTED_EDGE('',*,*,#5775,.T.);
#5975 = ORIENTED_EDGE('',*,*,#5976,.F.);
#5976 = EDGE_CURVE('',#5595,#5768,#5977,.T.);
#5977 = LINE('',#5978,#5979);
#5978 = CARTESIAN_POINT('',(1.95,2.85,-1.5));
#5979 = VECTOR('',#5980,1.);
#5980 = DIRECTION('',(0.,-1.,2.2E-16));
#5981 = ORIENTED_EDGE('',*,*,#5602,.F.);
#5982 = PLANE('',#5983);
#5983 = AXIS2_PLACEMENT_3D('',#5984,#5985,#5986);
#5984 = CARTESIAN_POINT('',(1.6,2.85,-1.15));
#5985 = DIRECTION('',(0.707106781187,1.599999999999E-16,0.707106781187)
  );
#5986 = DIRECTION('',(0.707106781187,-1.599999999999E-16,-0.707106781187
    ));
#5987 = ADVANCED_FACE('',(#5988),#5999,.F.);
#5988 = FACE_BOUND('',#5989,.F.);
#5989 = EDGE_LOOP('',(#5990,#5991,#5992,#5998));
#5990 = ORIENTED_EDGE('',*,*,#5976,.T.);
#5991 = ORIENTED_EDGE('',*,*,#5767,.T.);
#5992 = ORIENTED_EDGE('',*,*,#5993,.F.);
#5993 = EDGE_CURVE('',#5587,#5760,#5994,.T.);
#5994 = LINE('',#5995,#5996);
#5995 = CARTESIAN_POINT('',(3.95,2.85,-1.5));
#5996 = VECTOR('',#5997,1.);
#5997 = DIRECTION('',(0.,-1.,2.2E-16));
#5998 = ORIENTED_EDGE('',*,*,#5594,.F.);
#5999 = PLANE('',#6000);
#6000 = AXIS2_PLACEMENT_3D('',#6001,#6002,#6003);
#6001 = CARTESIAN_POINT('',(1.95,2.85,-1.5));
#6002 = DIRECTION('',(0.,2.2E-16,1.));
#6003 = DIRECTION('',(1.,0.,-0.));
#6004 = ADVANCED_FACE('',(#6005),#6016,.F.);
#6005 = FACE_BOUND('',#6006,.F.);
#6006 = EDGE_LOOP('',(#6007,#6008,#6009,#6015));
#6007 = ORIENTED_EDGE('',*,*,#5993,.T.);
#6008 = ORIENTED_EDGE('',*,*,#5759,.T.);
#6009 = ORIENTED_EDGE('',*,*,#6010,.F.);
#6010 = EDGE_CURVE('',#5579,#5752,#6011,.T.);
#6011 = LINE('',#6012,#6013);
#6012 = CARTESIAN_POINT('',(4.3,2.85,-1.15));
#6013 = VECTOR('',#6014,1.);
#6014 = DIRECTION('',(0.,-1.,2.2E-16));
#6015 = ORIENTED_EDGE('',*,*,#5586,.F.);
#6016 = PLANE('',#6017);
#6017 = AXIS2_PLACEMENT_3D('',#6018,#6019,#6020);
#6018 = CARTESIAN_POINT('',(3.95,2.85,-1.5));
#6019 = DIRECTION('',(-0.707106781187,1.599999999999E-16,0.707106781187)
  );
#6020 = DIRECTION('',(0.707106781187,1.599999999999E-16,0.707106781187)
  );
#6021 = ADVANCED_FACE('',(#6022),#6033,.F.);
#6022 = FACE_BOUND('',#6023,.F.);
#6023 = EDGE_LOOP('',(#6024,#6025,#6026,#6032));
#6024 = ORIENTED_EDGE('',*,*,#6010,.T.);
#6025 = ORIENTED_EDGE('',*,*,#5751,.T.);
#6026 = ORIENTED_EDGE('',*,*,#6027,.F.);
#6027 = EDGE_CURVE('',#5571,#5744,#6028,.T.);
#6028 = LINE('',#6029,#6030);
#6029 = CARTESIAN_POINT('',(6.4,2.85,-1.15));
#6030 = VECTOR('',#6031,1.);
#6031 = DIRECTION('',(0.,-1.,2.2E-16));
#6032 = ORIENTED_EDGE('',*,*,#5578,.F.);
#6033 = PLANE('',#6034);
#6034 = AXIS2_PLACEMENT_3D('',#6035,#6036,#6037);
#6035 = CARTESIAN_POINT('',(4.3,2.85,-1.15));
#6036 = DIRECTION('',(0.,2.2E-16,1.));
#6037 = DIRECTION('',(1.,0.,-0.));
#6038 = ADVANCED_FACE('',(#6039),#6066,.F.);
#6039 = FACE_BOUND('',#6040,.F.);
#6040 = EDGE_LOOP('',(#6041,#6042,#6043,#6051,#6059,#6065));
#6041 = ORIENTED_EDGE('',*,*,#6027,.T.);
#6042 = ORIENTED_EDGE('',*,*,#5743,.T.);
#6043 = ORIENTED_EDGE('',*,*,#6044,.F.);
#6044 = EDGE_CURVE('',#6045,#5736,#6047,.T.);
#6045 = VERTEX_POINT('',#6046);
#6046 = CARTESIAN_POINT('',(6.4,-2.25,1.35));
#6047 = LINE('',#6048,#6049);
#6048 = CARTESIAN_POINT('',(6.4,2.85,1.35));
#6049 = VECTOR('',#6050,1.);
#6050 = DIRECTION('',(0.,-1.,2.2E-16));
#6051 = ORIENTED_EDGE('',*,*,#6052,.F.);
#6052 = EDGE_CURVE('',#6053,#6045,#6055,.T.);
#6053 = VERTEX_POINT('',#6054);
#6054 = CARTESIAN_POINT('',(6.4,2.25,1.35));
#6055 = LINE('',#6056,#6057);
#6056 = CARTESIAN_POINT('',(6.4,2.85,1.35));
#6057 = VECTOR('',#6058,1.);
#6058 = DIRECTION('',(0.,-1.,2.2E-16));
#6059 = ORIENTED_EDGE('',*,*,#6060,.F.);
#6060 = EDGE_CURVE('',#5563,#6053,#6061,.T.);
#6061 = LINE('',#6062,#6063);
#6062 = CARTESIAN_POINT('',(6.4,2.85,1.35));
#6063 = VECTOR('',#6064,1.);
#6064 = DIRECTION('',(0.,-1.,2.2E-16));
#6065 = ORIENTED_EDGE('',*,*,#5570,.F.);
#6066 = PLANE('',#6067);
#6067 = AXIS2_PLACEMENT_3D('',#6068,#6069,#6070);
#6068 = CARTESIAN_POINT('',(6.4,2.85,-1.15));
#6069 = DIRECTION('',(-1.,0.,0.));
#6070 = DIRECTION('',(0.,2.2E-16,1.));
#6071 = ADVANCED_FACE('',(#6072),#6090,.F.);
#6072 = FACE_BOUND('',#6073,.F.);
#6073 = EDGE_LOOP('',(#6074,#6075,#6076,#6084));
#6074 = ORIENTED_EDGE('',*,*,#5562,.F.);
#6075 = ORIENTED_EDGE('',*,*,#6060,.T.);
#6076 = ORIENTED_EDGE('',*,*,#6077,.T.);
#6077 = EDGE_CURVE('',#6053,#6078,#6080,.T.);
#6078 = VERTEX_POINT('',#6079);
#6079 = CARTESIAN_POINT('',(5.8,2.25,1.35));
#6080 = LINE('',#6081,#6082);
#6081 = CARTESIAN_POINT('',(6.4,2.25,1.35));
#6082 = VECTOR('',#6083,1.);
#6083 = DIRECTION('',(-1.,0.,-0.));
#6084 = ORIENTED_EDGE('',*,*,#6085,.F.);
#6085 = EDGE_CURVE('',#5555,#6078,#6086,.T.);
#6086 = LINE('',#6087,#6088);
#6087 = CARTESIAN_POINT('',(5.8,2.85,1.35));
#6088 = VECTOR('',#6089,1.);
#6089 = DIRECTION('',(0.,-1.,2.2E-16));
#6090 = PLANE('',#6091);
#6091 = AXIS2_PLACEMENT_3D('',#6092,#6093,#6094);
#6092 = CARTESIAN_POINT('',(6.4,2.85,1.35));
#6093 = DIRECTION('',(0.,-2.2E-16,-1.));
#6094 = DIRECTION('',(-1.,-0.,0.));
#6095 = ADVANCED_FACE('',(#6096),#6114,.F.);
#6096 = FACE_BOUND('',#6097,.F.);
#6097 = EDGE_LOOP('',(#6098,#6099,#6100,#6108));
#6098 = ORIENTED_EDGE('',*,*,#5554,.F.);
#6099 = ORIENTED_EDGE('',*,*,#6085,.T.);
#6100 = ORIENTED_EDGE('',*,*,#6101,.T.);
#6101 = EDGE_CURVE('',#6078,#6102,#6104,.T.);
#6102 = VERTEX_POINT('',#6103);
#6103 = CARTESIAN_POINT('',(1.75,2.25,1.35));
#6104 = LINE('',#6105,#6106);
#6105 = CARTESIAN_POINT('',(6.4,2.25,1.35));
#6106 = VECTOR('',#6107,1.);
#6107 = DIRECTION('',(-1.,0.,-0.));
#6108 = ORIENTED_EDGE('',*,*,#6109,.F.);
#6109 = EDGE_CURVE('',#5547,#6102,#6110,.T.);
#6110 = LINE('',#6111,#6112);
#6111 = CARTESIAN_POINT('',(1.75,2.85,1.35));
#6112 = VECTOR('',#6113,1.);
#6113 = DIRECTION('',(0.,-1.,-2.2E-16));
#6114 = PLANE('',#6115);
#6115 = AXIS2_PLACEMENT_3D('',#6116,#6117,#6118);
#6116 = CARTESIAN_POINT('',(6.4,2.85,1.35));
#6117 = DIRECTION('',(0.,2.2E-16,-1.));
#6118 = DIRECTION('',(-1.,0.,-0.));
#6119 = ADVANCED_FACE('',(#6120),#6138,.F.);
#6120 = FACE_BOUND('',#6121,.F.);
#6121 = EDGE_LOOP('',(#6122,#6123,#6131,#6137));
#6122 = ORIENTED_EDGE('',*,*,#6109,.T.);
#6123 = ORIENTED_EDGE('',*,*,#6124,.T.);
#6124 = EDGE_CURVE('',#6102,#6125,#6127,.T.);
#6125 = VERTEX_POINT('',#6126);
#6126 = CARTESIAN_POINT('',(1.75,2.25,-0.75));
#6127 = LINE('',#6128,#6129);
#6128 = CARTESIAN_POINT('',(1.75,2.25,1.35));
#6129 = VECTOR('',#6130,1.);
#6130 = DIRECTION('',(0.,2.2E-16,-1.));
#6131 = ORIENTED_EDGE('',*,*,#6132,.F.);
#6132 = EDGE_CURVE('',#5539,#6125,#6133,.T.);
#6133 = LINE('',#6134,#6135);
#6134 = CARTESIAN_POINT('',(1.75,2.85,-0.75));
#6135 = VECTOR('',#6136,1.);
#6136 = DIRECTION('',(0.,-1.,-2.2E-16));
#6137 = ORIENTED_EDGE('',*,*,#5546,.F.);
#6138 = PLANE('',#6139);
#6139 = AXIS2_PLACEMENT_3D('',#6140,#6141,#6142);
#6140 = CARTESIAN_POINT('',(1.75,2.85,1.35));
#6141 = DIRECTION('',(1.,0.,0.));
#6142 = DIRECTION('',(0.,2.2E-16,-1.));
#6143 = ADVANCED_FACE('',(#6144),#6162,.F.);
#6144 = FACE_BOUND('',#6145,.F.);
#6145 = EDGE_LOOP('',(#6146,#6147,#6155,#6161));
#6146 = ORIENTED_EDGE('',*,*,#6132,.T.);
#6147 = ORIENTED_EDGE('',*,*,#6148,.T.);
#6148 = EDGE_CURVE('',#6125,#6149,#6151,.T.);
#6149 = VERTEX_POINT('',#6150);
#6150 = CARTESIAN_POINT('',(-1.75,2.25,-0.75));
#6151 = LINE('',#6152,#6153);
#6152 = CARTESIAN_POINT('',(1.75,2.25,-0.75));
#6153 = VECTOR('',#6154,1.);
#6154 = DIRECTION('',(-1.,0.,-0.));
#6155 = ORIENTED_EDGE('',*,*,#6156,.F.);
#6156 = EDGE_CURVE('',#5531,#6149,#6157,.T.);
#6157 = LINE('',#6158,#6159);
#6158 = CARTESIAN_POINT('',(-1.75,2.85,-0.75));
#6159 = VECTOR('',#6160,1.);
#6160 = DIRECTION('',(0.,-1.,-2.2E-16));
#6161 = ORIENTED_EDGE('',*,*,#5538,.F.);
#6162 = PLANE('',#6163);
#6163 = AXIS2_PLACEMENT_3D('',#6164,#6165,#6166);
#6164 = CARTESIAN_POINT('',(1.75,2.85,-0.75));
#6165 = DIRECTION('',(0.,2.2E-16,-1.));
#6166 = DIRECTION('',(-1.,0.,-0.));
#6167 = ADVANCED_FACE('',(#6168),#6186,.F.);
#6168 = FACE_BOUND('',#6169,.F.);
#6169 = EDGE_LOOP('',(#6170,#6171,#6179,#6185));
#6170 = ORIENTED_EDGE('',*,*,#6156,.T.);
#6171 = ORIENTED_EDGE('',*,*,#6172,.T.);
#6172 = EDGE_CURVE('',#6149,#6173,#6175,.T.);
#6173 = VERTEX_POINT('',#6174);
#6174 = CARTESIAN_POINT('',(-1.75,2.25,1.35));
#6175 = LINE('',#6176,#6177);
#6176 = CARTESIAN_POINT('',(-1.75,2.25,-0.75));
#6177 = VECTOR('',#6178,1.);
#6178 = DIRECTION('',(0.,-2.2E-16,1.));
#6179 = ORIENTED_EDGE('',*,*,#6180,.F.);
#6180 = EDGE_CURVE('',#5523,#6173,#6181,.T.);
#6181 = LINE('',#6182,#6183);
#6182 = CARTESIAN_POINT('',(-1.75,2.85,1.35));
#6183 = VECTOR('',#6184,1.);
#6184 = DIRECTION('',(0.,-1.,-2.2E-16));
#6185 = ORIENTED_EDGE('',*,*,#5530,.F.);
#6186 = PLANE('',#6187);
#6187 = AXIS2_PLACEMENT_3D('',#6188,#6189,#6190);
#6188 = CARTESIAN_POINT('',(-1.75,2.85,-0.75));
#6189 = DIRECTION('',(-1.,0.,0.));
#6190 = DIRECTION('',(0.,-2.2E-16,1.));
#6191 = ADVANCED_FACE('',(#6192),#6203,.F.);
#6192 = FACE_BOUND('',#6193,.F.);
#6193 = EDGE_LOOP('',(#6194,#6195,#6196,#6202));
#6194 = ORIENTED_EDGE('',*,*,#5522,.F.);
#6195 = ORIENTED_EDGE('',*,*,#6180,.T.);
#6196 = ORIENTED_EDGE('',*,*,#6197,.T.);
#6197 = EDGE_CURVE('',#6173,#5860,#6198,.T.);
#6198 = LINE('',#6199,#6200);
#6199 = CARTESIAN_POINT('',(-1.75,2.25,1.35));
#6200 = VECTOR('',#6201,1.);
#6201 = DIRECTION('',(-1.,0.,-0.));
#6202 = ORIENTED_EDGE('',*,*,#5859,.F.);
#6203 = PLANE('',#6204);
#6204 = AXIS2_PLACEMENT_3D('',#6205,#6206,#6207);
#6205 = CARTESIAN_POINT('',(-1.75,2.85,1.35));
#6206 = DIRECTION('',(0.,2.2E-16,-1.));
#6207 = DIRECTION('',(-1.,0.,-0.));
#6208 = ADVANCED_FACE('',(#6209),#6228,.F.);
#6209 = FACE_BOUND('',#6210,.F.);
#6210 = EDGE_LOOP('',(#6211,#6219,#6226,#6227));
#6211 = ORIENTED_EDGE('',*,*,#6212,.T.);
#6212 = EDGE_CURVE('',#5636,#6213,#6215,.T.);
#6213 = VERTEX_POINT('',#6214);
#6214 = CARTESIAN_POINT('',(-4.6,2.25,-0.));
#6215 = LINE('',#6216,#6217);
#6216 = CARTESIAN_POINT('',(-4.6,2.85,-6.3E-16));
#6217 = VECTOR('',#6218,1.);
#6218 = DIRECTION('',(0.,-1.,-2.2E-16));
#6219 = ORIENTED_EDGE('',*,*,#6220,.T.);
#6220 = EDGE_CURVE('',#6213,#6213,#6221,.T.);
#6221 = CIRCLE('',#6222,0.7);
#6222 = AXIS2_PLACEMENT_3D('',#6223,#6224,#6225);
#6223 = CARTESIAN_POINT('',(-5.3,2.25,-8.881784197001E-16));
#6224 = DIRECTION('',(-0.,1.,2.2E-16));
#6225 = DIRECTION('',(1.,0.,0.));
#6226 = ORIENTED_EDGE('',*,*,#6212,.F.);
#6227 = ORIENTED_EDGE('',*,*,#5635,.F.);
#6228 = CYLINDRICAL_SURFACE('',#6229,0.7);
#6229 = AXIS2_PLACEMENT_3D('',#6230,#6231,#6232);
#6230 = CARTESIAN_POINT('',(-5.3,2.85,-6.3E-16));
#6231 = DIRECTION('',(0.,1.,2.2E-16));
#6232 = DIRECTION('',(1.,0.,-0.));
#6233 = ADVANCED_FACE('',(#6234),#6245,.F.);
#6234 = FACE_BOUND('',#6235,.F.);
#6235 = EDGE_LOOP('',(#6236,#6237,#6243,#6244));
#6236 = ORIENTED_EDGE('',*,*,#5646,.T.);
#6237 = ORIENTED_EDGE('',*,*,#6238,.T.);
#6238 = EDGE_CURVE('',#5647,#5820,#6239,.T.);
#6239 = LINE('',#6240,#6241);
#6240 = CARTESIAN_POINT('',(-2.25,2.85,-6.3E-16));
#6241 = VECTOR('',#6242,1.);
#6242 = DIRECTION('',(0.,-1.,2.2E-16));
#6243 = ORIENTED_EDGE('',*,*,#5819,.F.);
#6244 = ORIENTED_EDGE('',*,*,#6238,.F.);
#6245 = CYLINDRICAL_SURFACE('',#6246,1.);
#6246 = AXIS2_PLACEMENT_3D('',#6247,#6248,#6249);
#6247 = CARTESIAN_POINT('',(-3.25,2.85,-6.3E-16));
#6248 = DIRECTION('',(0.,1.,-2.2E-16));
#6249 = DIRECTION('',(1.,0.,0.));
#6250 = ADVANCED_FACE('',(#6251),#6270,.F.);
#6251 = FACE_BOUND('',#6252,.F.);
#6252 = EDGE_LOOP('',(#6253,#6261,#6268,#6269));
#6253 = ORIENTED_EDGE('',*,*,#6254,.T.);
#6254 = EDGE_CURVE('',#5658,#6255,#6257,.T.);
#6255 = VERTEX_POINT('',#6256);
#6256 = CARTESIAN_POINT('',(6.,2.25,0.));
#6257 = LINE('',#6258,#6259);
#6258 = CARTESIAN_POINT('',(6.,2.85,-6.3E-16));
#6259 = VECTOR('',#6260,1.);
#6260 = DIRECTION('',(0.,-1.,-2.2E-16));
#6261 = ORIENTED_EDGE('',*,*,#6262,.T.);
#6262 = EDGE_CURVE('',#6255,#6255,#6263,.T.);
#6263 = CIRCLE('',#6264,0.7);
#6264 = AXIS2_PLACEMENT_3D('',#6265,#6266,#6267);
#6265 = CARTESIAN_POINT('',(5.3,2.25,-8.881784197001E-16));
#6266 = DIRECTION('',(-0.,1.,2.2E-16));
#6267 = DIRECTION('',(1.,0.,0.));
#6268 = ORIENTED_EDGE('',*,*,#6254,.F.);
#6269 = ORIENTED_EDGE('',*,*,#5657,.F.);
#6270 = CYLINDRICAL_SURFACE('',#6271,0.7);
#6271 = AXIS2_PLACEMENT_3D('',#6272,#6273,#6274);
#6272 = CARTESIAN_POINT('',(5.3,2.85,-6.3E-16));
#6273 = DIRECTION('',(0.,1.,2.2E-16));
#6274 = DIRECTION('',(1.,0.,-0.));
#6275 = ADVANCED_FACE('',(#6276),#6287,.F.);
#6276 = FACE_BOUND('',#6277,.F.);
#6277 = EDGE_LOOP('',(#6278,#6279,#6285,#6286));
#6278 = ORIENTED_EDGE('',*,*,#5668,.T.);
#6279 = ORIENTED_EDGE('',*,*,#6280,.T.);
#6280 = EDGE_CURVE('',#5669,#5842,#6281,.T.);
#6281 = LINE('',#6282,#6283);
#6282 = CARTESIAN_POINT('',(4.25,2.85,-6.3E-16));
#6283 = VECTOR('',#6284,1.);
#6284 = DIRECTION('',(0.,-1.,2.2E-16));
#6285 = ORIENTED_EDGE('',*,*,#5841,.F.);
#6286 = ORIENTED_EDGE('',*,*,#6280,.F.);
#6287 = CYLINDRICAL_SURFACE('',#6288,1.);
#6288 = AXIS2_PLACEMENT_3D('',#6289,#6290,#6291);
#6289 = CARTESIAN_POINT('',(3.25,2.85,-6.3E-16));
#6290 = DIRECTION('',(0.,1.,-2.2E-16));
#6291 = DIRECTION('',(1.,0.,0.));
#6292 = ADVANCED_FACE('',(#6293),#6311,.F.);
#6293 = FACE_BOUND('',#6294,.F.);
#6294 = EDGE_LOOP('',(#6295,#6303,#6304,#6305));
#6295 = ORIENTED_EDGE('',*,*,#6296,.T.);
#6296 = EDGE_CURVE('',#6297,#6045,#6299,.T.);
#6297 = VERTEX_POINT('',#6298);
#6298 = CARTESIAN_POINT('',(5.8,-2.25,1.35));
#6299 = LINE('',#6300,#6301);
#6300 = CARTESIAN_POINT('',(1.75,-2.25,1.35));
#6301 = VECTOR('',#6302,1.);
#6302 = DIRECTION('',(1.,0.,0.));
#6303 = ORIENTED_EDGE('',*,*,#6044,.T.);
#6304 = ORIENTED_EDGE('',*,*,#5735,.T.);
#6305 = ORIENTED_EDGE('',*,*,#6306,.F.);
#6306 = EDGE_CURVE('',#6297,#5728,#6307,.T.);
#6307 = LINE('',#6308,#6309);
#6308 = CARTESIAN_POINT('',(5.8,2.85,1.35));
#6309 = VECTOR('',#6310,1.);
#6310 = DIRECTION('',(0.,-1.,2.2E-16));
#6311 = PLANE('',#6312);
#6312 = AXIS2_PLACEMENT_3D('',#6313,#6314,#6315);
#6313 = CARTESIAN_POINT('',(6.4,2.85,1.35));
#6314 = DIRECTION('',(0.,-2.2E-16,-1.));
#6315 = DIRECTION('',(-1.,-0.,0.));
#6316 = ADVANCED_FACE('',(#6317),#6335,.F.);
#6317 = FACE_BOUND('',#6318,.F.);
#6318 = EDGE_LOOP('',(#6319,#6320,#6328,#6334));
#6319 = ORIENTED_EDGE('',*,*,#5727,.F.);
#6320 = ORIENTED_EDGE('',*,*,#6321,.T.);
#6321 = EDGE_CURVE('',#5720,#6322,#6324,.T.);
#6322 = VERTEX_POINT('',#6323);
#6323 = CARTESIAN_POINT('',(1.75,-2.25,1.35));
#6324 = LINE('',#6325,#6326);
#6325 = CARTESIAN_POINT('',(1.75,-2.85,1.35));
#6326 = VECTOR('',#6327,1.);
#6327 = DIRECTION('',(0.,1.,-2.2E-16));
#6328 = ORIENTED_EDGE('',*,*,#6329,.T.);
#6329 = EDGE_CURVE('',#6322,#6297,#6330,.T.);
#6330 = LINE('',#6331,#6332);
#6331 = CARTESIAN_POINT('',(1.75,-2.25,1.35));
#6332 = VECTOR('',#6333,1.);
#6333 = DIRECTION('',(1.,0.,0.));
#6334 = ORIENTED_EDGE('',*,*,#6306,.T.);
#6335 = PLANE('',#6336);
#6336 = AXIS2_PLACEMENT_3D('',#6337,#6338,#6339);
#6337 = CARTESIAN_POINT('',(1.75,-2.85,1.35));
#6338 = DIRECTION('',(0.,-2.2E-16,-1.));
#6339 = DIRECTION('',(1.,0.,0.));
#6340 = ADVANCED_FACE('',(#6341),#6359,.T.);
#6341 = FACE_BOUND('',#6342,.T.);
#6342 = EDGE_LOOP('',(#6343,#6344,#6352,#6358));
#6343 = ORIENTED_EDGE('',*,*,#6321,.T.);
#6344 = ORIENTED_EDGE('',*,*,#6345,.T.);
#6345 = EDGE_CURVE('',#6322,#6346,#6348,.T.);
#6346 = VERTEX_POINT('',#6347);
#6347 = CARTESIAN_POINT('',(1.75,-2.25,-0.75));
#6348 = LINE('',#6349,#6350);
#6349 = CARTESIAN_POINT('',(1.75,-2.25,1.35));
#6350 = VECTOR('',#6351,1.);
#6351 = DIRECTION('',(0.,2.2E-16,-1.));
#6352 = ORIENTED_EDGE('',*,*,#6353,.F.);
#6353 = EDGE_CURVE('',#5712,#6346,#6354,.T.);
#6354 = LINE('',#6355,#6356);
#6355 = CARTESIAN_POINT('',(1.75,-2.85,-0.75));
#6356 = VECTOR('',#6357,1.);
#6357 = DIRECTION('',(0.,1.,-2.2E-16));
#6358 = ORIENTED_EDGE('',*,*,#5719,.F.);
#6359 = PLANE('',#6360);
#6360 = AXIS2_PLACEMENT_3D('',#6361,#6362,#6363);
#6361 = CARTESIAN_POINT('',(1.75,-2.85,1.35));
#6362 = DIRECTION('',(-1.,0.,0.));
#6363 = DIRECTION('',(-0.,-2.2E-16,-1.));
#6364 = ADVANCED_FACE('',(#6365),#6383,.T.);
#6365 = FACE_BOUND('',#6366,.T.);
#6366 = EDGE_LOOP('',(#6367,#6368,#6376,#6382));
#6367 = ORIENTED_EDGE('',*,*,#6353,.T.);
#6368 = ORIENTED_EDGE('',*,*,#6369,.T.);
#6369 = EDGE_CURVE('',#6346,#6370,#6372,.T.);
#6370 = VERTEX_POINT('',#6371);
#6371 = CARTESIAN_POINT('',(-1.75,-2.25,-0.75));
#6372 = LINE('',#6373,#6374);
#6373 = CARTESIAN_POINT('',(1.75,-2.25,-0.75));
#6374 = VECTOR('',#6375,1.);
#6375 = DIRECTION('',(-1.,0.,0.));
#6376 = ORIENTED_EDGE('',*,*,#6377,.F.);
#6377 = EDGE_CURVE('',#5704,#6370,#6378,.T.);
#6378 = LINE('',#6379,#6380);
#6379 = CARTESIAN_POINT('',(-1.75,-2.85,-0.75));
#6380 = VECTOR('',#6381,1.);
#6381 = DIRECTION('',(0.,1.,-2.2E-16));
#6382 = ORIENTED_EDGE('',*,*,#5711,.F.);
#6383 = PLANE('',#6384);
#6384 = AXIS2_PLACEMENT_3D('',#6385,#6386,#6387);
#6385 = CARTESIAN_POINT('',(1.75,-2.85,-0.75));
#6386 = DIRECTION('',(0.,2.2E-16,1.));
#6387 = DIRECTION('',(-1.,0.,0.));
#6388 = ADVANCED_FACE('',(#6389),#6407,.T.);
#6389 = FACE_BOUND('',#6390,.T.);
#6390 = EDGE_LOOP('',(#6391,#6392,#6400,#6406));
#6391 = ORIENTED_EDGE('',*,*,#6377,.T.);
#6392 = ORIENTED_EDGE('',*,*,#6393,.T.);
#6393 = EDGE_CURVE('',#6370,#6394,#6396,.T.);
#6394 = VERTEX_POINT('',#6395);
#6395 = CARTESIAN_POINT('',(-1.75,-2.25,1.35));
#6396 = LINE('',#6397,#6398);
#6397 = CARTESIAN_POINT('',(-1.75,-2.25,-0.75));
#6398 = VECTOR('',#6399,1.);
#6399 = DIRECTION('',(0.,-2.2E-16,1.));
#6400 = ORIENTED_EDGE('',*,*,#6401,.F.);
#6401 = EDGE_CURVE('',#5696,#6394,#6402,.T.);
#6402 = LINE('',#6403,#6404);
#6403 = CARTESIAN_POINT('',(-1.75,-2.85,1.35));
#6404 = VECTOR('',#6405,1.);
#6405 = DIRECTION('',(0.,1.,-2.2E-16));
#6406 = ORIENTED_EDGE('',*,*,#5703,.F.);
#6407 = PLANE('',#6408);
#6408 = AXIS2_PLACEMENT_3D('',#6409,#6410,#6411);
#6409 = CARTESIAN_POINT('',(-1.75,-2.85,-0.75));
#6410 = DIRECTION('',(1.,0.,0.));
#6411 = DIRECTION('',(-0.,2.2E-16,1.));
#6412 = ADVANCED_FACE('',(#6413),#6424,.F.);
#6413 = FACE_BOUND('',#6414,.F.);
#6414 = EDGE_LOOP('',(#6415,#6416,#6422,#6423));
#6415 = ORIENTED_EDGE('',*,*,#5907,.F.);
#6416 = ORIENTED_EDGE('',*,*,#6417,.T.);
#6417 = EDGE_CURVE('',#5884,#6394,#6418,.T.);
#6418 = LINE('',#6419,#6420);
#6419 = CARTESIAN_POINT('',(-6.4,-2.25,1.35));
#6420 = VECTOR('',#6421,1.);
#6421 = DIRECTION('',(1.,0.,0.));
#6422 = ORIENTED_EDGE('',*,*,#6401,.F.);
#6423 = ORIENTED_EDGE('',*,*,#5695,.F.);
#6424 = PLANE('',#6425);
#6425 = AXIS2_PLACEMENT_3D('',#6426,#6427,#6428);
#6426 = CARTESIAN_POINT('',(-6.4,-2.85,1.35));
#6427 = DIRECTION('',(0.,-2.2E-16,-1.));
#6428 = DIRECTION('',(1.,0.,0.));
#6429 = ADVANCED_FACE('',(#6430),#6449,.F.);
#6430 = FACE_BOUND('',#6431,.F.);
#6431 = EDGE_LOOP('',(#6432,#6440,#6447,#6448));
#6432 = ORIENTED_EDGE('',*,*,#6433,.T.);
#6433 = EDGE_CURVE('',#5809,#6434,#6436,.T.);
#6434 = VERTEX_POINT('',#6435);
#6435 = CARTESIAN_POINT('',(-4.6,-2.25,0.));
#6436 = LINE('',#6437,#6438);
#6437 = CARTESIAN_POINT('',(-4.6,-2.85,4.3E-16));
#6438 = VECTOR('',#6439,1.);
#6439 = DIRECTION('',(0.,1.,-2.2E-16));
#6440 = ORIENTED_EDGE('',*,*,#6441,.T.);
#6441 = EDGE_CURVE('',#6434,#6434,#6442,.T.);
#6442 = CIRCLE('',#6443,0.7);
#6443 = AXIS2_PLACEMENT_3D('',#6444,#6445,#6446);
#6444 = CARTESIAN_POINT('',(-5.3,-2.25,-4.440892098501E-16));
#6445 = DIRECTION('',(0.,-1.,-2.2E-16));
#6446 = DIRECTION('',(1.,0.,0.));
#6447 = ORIENTED_EDGE('',*,*,#6433,.F.);
#6448 = ORIENTED_EDGE('',*,*,#5808,.F.);
#6449 = CYLINDRICAL_SURFACE('',#6450,0.7);
#6450 = AXIS2_PLACEMENT_3D('',#6451,#6452,#6453);
#6451 = CARTESIAN_POINT('',(-5.3,-2.85,4.3E-16));
#6452 = DIRECTION('',(0.,-1.,2.2E-16));
#6453 = DIRECTION('',(1.,0.,0.));
#6454 = ADVANCED_FACE('',(#6455),#6474,.F.);
#6455 = FACE_BOUND('',#6456,.F.);
#6456 = EDGE_LOOP('',(#6457,#6465,#6472,#6473));
#6457 = ORIENTED_EDGE('',*,*,#6458,.T.);
#6458 = EDGE_CURVE('',#5831,#6459,#6461,.T.);
#6459 = VERTEX_POINT('',#6460);
#6460 = CARTESIAN_POINT('',(5.6,-2.25,0.));
#6461 = LINE('',#6462,#6463);
#6462 = CARTESIAN_POINT('',(5.6,-2.85,4.3E-16));
#6463 = VECTOR('',#6464,1.);
#6464 = DIRECTION('',(0.,1.,-2.2E-16));
#6465 = ORIENTED_EDGE('',*,*,#6466,.T.);
#6466 = EDGE_CURVE('',#6459,#6459,#6467,.T.);
#6467 = CIRCLE('',#6468,0.5);
#6468 = AXIS2_PLACEMENT_3D('',#6469,#6470,#6471);
#6469 = CARTESIAN_POINT('',(5.1,-2.25,-4.440892098501E-16));
#6470 = DIRECTION('',(0.,-1.,-2.2E-16));
#6471 = DIRECTION('',(1.,0.,0.));
#6472 = ORIENTED_EDGE('',*,*,#6458,.F.);
#6473 = ORIENTED_EDGE('',*,*,#5830,.F.);
#6474 = CYLINDRICAL_SURFACE('',#6475,0.5);
#6475 = AXIS2_PLACEMENT_3D('',#6476,#6477,#6478);
#6476 = CARTESIAN_POINT('',(5.1,-2.85,4.3E-16));
#6477 = DIRECTION('',(0.,-1.,2.2E-16));
#6478 = DIRECTION('',(1.,0.,0.));
#6479 = ADVANCED_FACE('',(#6480),#6505,.F.);
#6480 = FACE_BOUND('',#6481,.F.);
#6481 = EDGE_LOOP('',(#6482,#6490,#6498,#6504));
#6482 = ORIENTED_EDGE('',*,*,#6483,.T.);
#6483 = EDGE_CURVE('',#5860,#6484,#6486,.T.);
#6484 = VERTEX_POINT('',#6485);
#6485 = CARTESIAN_POINT('',(-5.8,2.25,1.7));
#6486 = LINE('',#6487,#6488);
#6487 = CARTESIAN_POINT('',(-5.8,2.25,1.36690737087));
#6488 = VECTOR('',#6489,1.);
#6489 = DIRECTION('',(0.,0.,1.));
#6490 = ORIENTED_EDGE('',*,*,#6491,.T.);
#6491 = EDGE_CURVE('',#6484,#6492,#6494,.T.);
#6492 = VERTEX_POINT('',#6493);
#6493 = CARTESIAN_POINT('',(-5.8,-2.25,1.7));
#6494 = LINE('',#6495,#6496);
#6495 = CARTESIAN_POINT('',(-5.8,2.85,1.7));
#6496 = VECTOR('',#6497,1.);
#6497 = DIRECTION('',(0.,-1.,2.2E-16));
#6498 = ORIENTED_EDGE('',*,*,#6499,.F.);
#6499 = EDGE_CURVE('',#5884,#6492,#6500,.T.);
#6500 = LINE('',#6501,#6502);
#6501 = CARTESIAN_POINT('',(-5.8,-2.25,1.379903159459));
#6502 = VECTOR('',#6503,1.);
#6503 = DIRECTION('',(0.,0.,1.));
#6504 = ORIENTED_EDGE('',*,*,#5883,.F.);
#6505 = PLANE('',#6506);
#6506 = AXIS2_PLACEMENT_3D('',#6507,#6508,#6509);
#6507 = CARTESIAN_POINT('',(-5.8,2.85,1.7));
#6508 = DIRECTION('',(1.,0.,0.));
#6509 = DIRECTION('',(0.,-2.2E-16,-1.));
#6510 = ADVANCED_FACE('',(#6511),#6522,.F.);
#6511 = FACE_BOUND('',#6512,.F.);
#6512 = EDGE_LOOP('',(#6513,#6514,#6515,#6516));
#6513 = ORIENTED_EDGE('',*,*,#6077,.F.);
#6514 = ORIENTED_EDGE('',*,*,#6052,.T.);
#6515 = ORIENTED_EDGE('',*,*,#6296,.F.);
#6516 = ORIENTED_EDGE('',*,*,#6517,.F.);
#6517 = EDGE_CURVE('',#6078,#6297,#6518,.T.);
#6518 = LINE('',#6519,#6520);
#6519 = CARTESIAN_POINT('',(5.8,2.85,1.35));
#6520 = VECTOR('',#6521,1.);
#6521 = DIRECTION('',(0.,-1.,2.2E-16));
#6522 = PLANE('',#6523);
#6523 = AXIS2_PLACEMENT_3D('',#6524,#6525,#6526);
#6524 = CARTESIAN_POINT('',(6.4,2.85,1.35));
#6525 = DIRECTION('',(0.,-2.2E-16,-1.));
#6526 = DIRECTION('',(-1.,-0.,0.));
#6527 = ADVANCED_FACE('',(#6528,#6598),#6632,.T.);
#6528 = FACE_BOUND('',#6529,.T.);
#6529 = EDGE_LOOP('',(#6530,#6531,#6532,#6533,#6534,#6535,#6543,#6551,
    #6559,#6567,#6575,#6583,#6591,#6597));
#6530 = ORIENTED_EDGE('',*,*,#6124,.T.);
#6531 = ORIENTED_EDGE('',*,*,#6148,.T.);
#6532 = ORIENTED_EDGE('',*,*,#6172,.T.);
#6533 = ORIENTED_EDGE('',*,*,#6197,.T.);
#6534 = ORIENTED_EDGE('',*,*,#6483,.T.);
#6535 = ORIENTED_EDGE('',*,*,#6536,.T.);
#6536 = EDGE_CURVE('',#6484,#6537,#6539,.T.);
#6537 = VERTEX_POINT('',#6538);
#6538 = CARTESIAN_POINT('',(-1.6,2.25,1.7));
#6539 = LINE('',#6540,#6541);
#6540 = CARTESIAN_POINT('',(-0.8,2.25,1.7));
#6541 = VECTOR('',#6542,1.);
#6542 = DIRECTION('',(1.,0.,0.));
#6543 = ORIENTED_EDGE('',*,*,#6544,.T.);
#6544 = EDGE_CURVE('',#6537,#6545,#6547,.T.);
#6545 = VERTEX_POINT('',#6546);
#6546 = CARTESIAN_POINT('',(-1.25,2.25,1.35));
#6547 = LINE('',#6548,#6549);
#6548 = CARTESIAN_POINT('',(-0.858453685435,2.25,0.958453685435));
#6549 = VECTOR('',#6550,1.);
#6550 = DIRECTION('',(0.707106781187,0.,-0.707106781187));
#6551 = ORIENTED_EDGE('',*,*,#6552,.T.);
#6552 = EDGE_CURVE('',#6545,#6553,#6555,.T.);
#6553 = VERTEX_POINT('',#6554);
#6554 = CARTESIAN_POINT('',(1.25,2.25,1.35));
#6555 = LINE('',#6556,#6557);
#6556 = CARTESIAN_POINT('',(0.625,2.25,1.35));
#6557 = VECTOR('',#6558,1.);
#6558 = DIRECTION('',(1.,0.,0.));
#6559 = ORIENTED_EDGE('',*,*,#6560,.T.);
#6560 = EDGE_CURVE('',#6553,#6561,#6563,.T.);
#6561 = VERTEX_POINT('',#6562);
#6562 = CARTESIAN_POINT('',(1.6,2.25,1.7));
#6563 = LINE('',#6564,#6565);
#6564 = CARTESIAN_POINT('',(1.033453685435,2.25,1.133453685435));
#6565 = VECTOR('',#6566,1.);
#6566 = DIRECTION('',(0.707106781187,0.,0.707106781187));
#6567 = ORIENTED_EDGE('',*,*,#6568,.T.);
#6568 = EDGE_CURVE('',#6561,#6569,#6571,.T.);
#6569 = VERTEX_POINT('',#6570);
#6570 = CARTESIAN_POINT('',(4.65,2.25,1.7));
#6571 = LINE('',#6572,#6573);
#6572 = CARTESIAN_POINT('',(2.325,2.25,1.7));
#6573 = VECTOR('',#6574,1.);
#6574 = DIRECTION('',(1.,0.,0.));
#6575 = ORIENTED_EDGE('',*,*,#6576,.T.);
#6576 = EDGE_CURVE('',#6569,#6577,#6579,.T.);
#6577 = VERTEX_POINT('',#6578);
#6578 = CARTESIAN_POINT('',(4.65,2.25,2.2));
#6579 = LINE('',#6580,#6581);
#6580 = CARTESIAN_POINT('',(4.65,2.25,1.61690737087));
#6581 = VECTOR('',#6582,1.);
#6582 = DIRECTION('',(0.,0.,1.));
#6583 = ORIENTED_EDGE('',*,*,#6584,.T.);
#6584 = EDGE_CURVE('',#6577,#6585,#6587,.T.);
#6585 = VERTEX_POINT('',#6586);
#6586 = CARTESIAN_POINT('',(5.8,2.25,2.2));
#6587 = LINE('',#6588,#6589);
#6588 = CARTESIAN_POINT('',(-6.4,2.25,2.2));
#6589 = VECTOR('',#6590,1.);
#6590 = DIRECTION('',(1.,0.,0.));
#6591 = ORIENTED_EDGE('',*,*,#6592,.T.);
#6592 = EDGE_CURVE('',#6585,#6078,#6593,.T.);
#6593 = LINE('',#6594,#6595);
#6594 = CARTESIAN_POINT('',(5.8,2.25,1.19190737087));
#6595 = VECTOR('',#6596,1.);
#6596 = DIRECTION('',(0.,0.,-1.));
#6597 = ORIENTED_EDGE('',*,*,#6101,.T.);
#6598 = FACE_BOUND('',#6599,.T.);
#6599 = EDGE_LOOP('',(#6600,#6610,#6618,#6626));
#6600 = ORIENTED_EDGE('',*,*,#6601,.T.);
#6601 = EDGE_CURVE('',#6602,#6604,#6606,.T.);
#6602 = VERTEX_POINT('',#6603);
#6603 = CARTESIAN_POINT('',(-0.65,2.25,0.15));
#6604 = VERTEX_POINT('',#6605);
#6605 = CARTESIAN_POINT('',(0.65,2.25,0.15));
#6606 = LINE('',#6607,#6608);
#6607 = CARTESIAN_POINT('',(-0.65,2.25,0.15));
#6608 = VECTOR('',#6609,1.);
#6609 = DIRECTION('',(1.,0.,0.));
#6610 = ORIENTED_EDGE('',*,*,#6611,.T.);
#6611 = EDGE_CURVE('',#6604,#6612,#6614,.T.);
#6612 = VERTEX_POINT('',#6613);
#6613 = CARTESIAN_POINT('',(0.65,2.25,0.65));
#6614 = LINE('',#6615,#6616);
#6615 = CARTESIAN_POINT('',(0.65,2.25,0.15));
#6616 = VECTOR('',#6617,1.);
#6617 = DIRECTION('',(0.,-2.2E-16,1.));
#6618 = ORIENTED_EDGE('',*,*,#6619,.T.);
#6619 = EDGE_CURVE('',#6612,#6620,#6622,.T.);
#6620 = VERTEX_POINT('',#6621);
#6621 = CARTESIAN_POINT('',(-0.65,2.25,0.65));
#6622 = LINE('',#6623,#6624);
#6623 = CARTESIAN_POINT('',(0.65,2.25,0.65));
#6624 = VECTOR('',#6625,1.);
#6625 = DIRECTION('',(-1.,0.,-0.));
#6626 = ORIENTED_EDGE('',*,*,#6627,.T.);
#6627 = EDGE_CURVE('',#6620,#6602,#6628,.T.);
#6628 = LINE('',#6629,#6630);
#6629 = CARTESIAN_POINT('',(-0.65,2.25,0.65));
#6630 = VECTOR('',#6631,1.);
#6631 = DIRECTION('',(0.,2.2E-16,-1.));
#6632 = PLANE('',#6633);
#6633 = AXIS2_PLACEMENT_3D('',#6634,#6635,#6636);
#6634 = CARTESIAN_POINT('',(7.E-17,2.25,1.033814741741));
#6635 = DIRECTION('',(0.,1.,2.2E-16));
#6636 = DIRECTION('',(0.,-2.2E-16,1.));
#6637 = ADVANCED_FACE('',(#6638),#6641,.T.);
#6638 = FACE_BOUND('',#6639,.T.);
#6639 = EDGE_LOOP('',(#6640));
#6640 = ORIENTED_EDGE('',*,*,#6220,.T.);
#6641 = PLANE('',#6642);
#6642 = AXIS2_PLACEMENT_3D('',#6643,#6644,#6645);
#6643 = CARTESIAN_POINT('',(7.E-17,2.25,1.033814741741));
#6644 = DIRECTION('',(0.,1.,2.2E-16));
#6645 = DIRECTION('',(0.,-2.2E-16,1.));
#6646 = ADVANCED_FACE('',(#6647),#6650,.T.);
#6647 = FACE_BOUND('',#6648,.T.);
#6648 = EDGE_LOOP('',(#6649));
#6649 = ORIENTED_EDGE('',*,*,#6262,.T.);
#6650 = PLANE('',#6651);
#6651 = AXIS2_PLACEMENT_3D('',#6652,#6653,#6654);
#6652 = CARTESIAN_POINT('',(7.E-17,2.25,1.033814741741));
#6653 = DIRECTION('',(0.,1.,2.2E-16));
#6654 = DIRECTION('',(0.,-2.2E-16,1.));
#6655 = ADVANCED_FACE('',(#6656,#6726),#6760,.F.);
#6656 = FACE_BOUND('',#6657,.F.);
#6657 = EDGE_LOOP('',(#6658,#6659,#6660,#6661,#6662,#6663,#6664,#6672,
    #6680,#6688,#6696,#6704,#6712,#6720));
#6658 = ORIENTED_EDGE('',*,*,#6329,.F.);
#6659 = ORIENTED_EDGE('',*,*,#6345,.T.);
#6660 = ORIENTED_EDGE('',*,*,#6369,.T.);
#6661 = ORIENTED_EDGE('',*,*,#6393,.T.);
#6662 = ORIENTED_EDGE('',*,*,#6417,.F.);
#6663 = ORIENTED_EDGE('',*,*,#6499,.T.);
#6664 = ORIENTED_EDGE('',*,*,#6665,.T.);
#6665 = EDGE_CURVE('',#6492,#6666,#6668,.T.);
#6666 = VERTEX_POINT('',#6667);
#6667 = CARTESIAN_POINT('',(-1.6,-2.25,1.7));
#6668 = LINE('',#6669,#6670);
#6669 = CARTESIAN_POINT('',(-0.872910136382,-2.25,1.7));
#6670 = VECTOR('',#6671,1.);
#6671 = DIRECTION('',(1.,0.,0.));
#6672 = ORIENTED_EDGE('',*,*,#6673,.T.);
#6673 = EDGE_CURVE('',#6666,#6674,#6676,.T.);
#6674 = VERTEX_POINT('',#6675);
#6675 = CARTESIAN_POINT('',(-1.25,-2.25,1.35));
#6676 = LINE('',#6677,#6678);
#6677 = CARTESIAN_POINT('',(-0.901406647921,-2.25,1.001406647921));
#6678 = VECTOR('',#6679,1.);
#6679 = DIRECTION('',(0.707106781187,0.,-0.707106781187));
#6680 = ORIENTED_EDGE('',*,*,#6681,.T.);
#6681 = EDGE_CURVE('',#6674,#6682,#6684,.T.);
#6682 = VERTEX_POINT('',#6683);
#6683 = CARTESIAN_POINT('',(1.25,-2.25,1.35));
#6684 = LINE('',#6685,#6686);
#6685 = CARTESIAN_POINT('',(0.552089863618,-2.25,1.35));
#6686 = VECTOR('',#6687,1.);
#6687 = DIRECTION('',(1.,0.,0.));
#6688 = ORIENTED_EDGE('',*,*,#6689,.T.);
#6689 = EDGE_CURVE('',#6682,#6690,#6692,.T.);
#6690 = VERTEX_POINT('',#6691);
#6691 = CARTESIAN_POINT('',(1.6,-2.25,1.7));
#6692 = LINE('',#6693,#6694);
#6693 = CARTESIAN_POINT('',(1.003496511539,-2.25,1.103496511539));
#6694 = VECTOR('',#6695,1.);
#6695 = DIRECTION('',(0.707106781187,0.,0.707106781187));
#6696 = ORIENTED_EDGE('',*,*,#6697,.T.);
#6697 = EDGE_CURVE('',#6690,#6698,#6700,.T.);
#6698 = VERTEX_POINT('',#6699);
#6699 = CARTESIAN_POINT('',(4.65,-2.25,1.7));
#6700 = LINE('',#6701,#6702);
#6701 = CARTESIAN_POINT('',(2.252089863618,-2.25,1.7));
#6702 = VECTOR('',#6703,1.);
#6703 = DIRECTION('',(1.,0.,0.));
#6704 = ORIENTED_EDGE('',*,*,#6705,.T.);
#6705 = EDGE_CURVE('',#6698,#6706,#6708,.T.);
#6706 = VERTEX_POINT('',#6707);
#6707 = CARTESIAN_POINT('',(4.65,-2.25,2.2));
#6708 = LINE('',#6709,#6710);
#6709 = CARTESIAN_POINT('',(4.65,-2.25,1.629903159459));
#6710 = VECTOR('',#6711,1.);
#6711 = DIRECTION('',(0.,0.,1.));
#6712 = ORIENTED_EDGE('',*,*,#6713,.F.);
#6713 = EDGE_CURVE('',#6714,#6706,#6716,.T.);
#6714 = VERTEX_POINT('',#6715);
#6715 = CARTESIAN_POINT('',(5.8,-2.25,2.2));
#6716 = LINE('',#6717,#6718);
#6717 = CARTESIAN_POINT('',(6.4,-2.25,2.2));
#6718 = VECTOR('',#6719,1.);
#6719 = DIRECTION('',(-1.,0.,0.));
#6720 = ORIENTED_EDGE('',*,*,#6721,.T.);
#6721 = EDGE_CURVE('',#6714,#6297,#6722,.T.);
#6722 = LINE('',#6723,#6724);
#6723 = CARTESIAN_POINT('',(5.8,-2.25,1.204903159459));
#6724 = VECTOR('',#6725,1.);
#6725 = DIRECTION('',(0.,0.,-1.));
#6726 = FACE_BOUND('',#6727,.F.);
#6727 = EDGE_LOOP('',(#6728,#6738,#6746,#6754));
#6728 = ORIENTED_EDGE('',*,*,#6729,.F.);
#6729 = EDGE_CURVE('',#6730,#6732,#6734,.T.);
#6730 = VERTEX_POINT('',#6731);
#6731 = CARTESIAN_POINT('',(-0.65,-2.25,0.65));
#6732 = VERTEX_POINT('',#6733);
#6733 = CARTESIAN_POINT('',(0.65,-2.25,0.65));
#6734 = LINE('',#6735,#6736);
#6735 = CARTESIAN_POINT('',(-0.65,-2.25,0.65));
#6736 = VECTOR('',#6737,1.);
#6737 = DIRECTION('',(1.,0.,0.));
#6738 = ORIENTED_EDGE('',*,*,#6739,.F.);
#6739 = EDGE_CURVE('',#6740,#6730,#6742,.T.);
#6740 = VERTEX_POINT('',#6741);
#6741 = CARTESIAN_POINT('',(-0.65,-2.25,0.15));
#6742 = LINE('',#6743,#6744);
#6743 = CARTESIAN_POINT('',(-0.65,-2.25,0.15));
#6744 = VECTOR('',#6745,1.);
#6745 = DIRECTION('',(0.,-2.2E-16,1.));
#6746 = ORIENTED_EDGE('',*,*,#6747,.F.);
#6747 = EDGE_CURVE('',#6748,#6740,#6750,.T.);
#6748 = VERTEX_POINT('',#6749);
#6749 = CARTESIAN_POINT('',(0.65,-2.25,0.15));
#6750 = LINE('',#6751,#6752);
#6751 = CARTESIAN_POINT('',(0.65,-2.25,0.15));
#6752 = VECTOR('',#6753,1.);
#6753 = DIRECTION('',(-1.,0.,0.));
#6754 = ORIENTED_EDGE('',*,*,#6755,.F.);
#6755 = EDGE_CURVE('',#6732,#6748,#6756,.T.);
#6756 = LINE('',#6757,#6758);
#6757 = CARTESIAN_POINT('',(0.65,-2.25,0.65));
#6758 = VECTOR('',#6759,1.);
#6759 = DIRECTION('',(0.,2.2E-16,-1.));
#6760 = PLANE('',#6761);
#6761 = AXIS2_PLACEMENT_3D('',#6762,#6763,#6764);
#6762 = CARTESIAN_POINT('',(-0.145820272764,-2.25,1.059806318918));
#6763 = DIRECTION('',(0.,1.,2.2E-16));
#6764 = DIRECTION('',(0.,-2.2E-16,1.));
#6765 = ADVANCED_FACE('',(#6766),#6769,.F.);
#6766 = FACE_BOUND('',#6767,.T.);
#6767 = EDGE_LOOP('',(#6768));
#6768 = ORIENTED_EDGE('',*,*,#6441,.T.);
#6769 = PLANE('',#6770);
#6770 = AXIS2_PLACEMENT_3D('',#6771,#6772,#6773);
#6771 = CARTESIAN_POINT('',(-0.145820272764,-2.25,1.059806318918));
#6772 = DIRECTION('',(0.,1.,2.2E-16));
#6773 = DIRECTION('',(0.,-2.2E-16,1.));
#6774 = ADVANCED_FACE('',(#6775),#6778,.F.);
#6775 = FACE_BOUND('',#6776,.T.);
#6776 = EDGE_LOOP('',(#6777));
#6777 = ORIENTED_EDGE('',*,*,#6466,.T.);
#6778 = PLANE('',#6779);
#6779 = AXIS2_PLACEMENT_3D('',#6780,#6781,#6782);
#6780 = CARTESIAN_POINT('',(-0.145820272764,-2.25,1.059806318918));
#6781 = DIRECTION('',(0.,1.,2.2E-16));
#6782 = DIRECTION('',(0.,-2.2E-16,1.));
#6783 = ADVANCED_FACE('',(#6784),#6795,.F.);
#6784 = FACE_BOUND('',#6785,.F.);
#6785 = EDGE_LOOP('',(#6786,#6787,#6793,#6794));
#6786 = ORIENTED_EDGE('',*,*,#6536,.T.);
#6787 = ORIENTED_EDGE('',*,*,#6788,.T.);
#6788 = EDGE_CURVE('',#6537,#6666,#6789,.T.);
#6789 = LINE('',#6790,#6791);
#6790 = CARTESIAN_POINT('',(-1.6,2.85,1.7));
#6791 = VECTOR('',#6792,1.);
#6792 = DIRECTION('',(0.,-1.,2.2E-16));
#6793 = ORIENTED_EDGE('',*,*,#6665,.F.);
#6794 = ORIENTED_EDGE('',*,*,#6491,.F.);
#6795 = PLANE('',#6796);
#6796 = AXIS2_PLACEMENT_3D('',#6797,#6798,#6799);
#6797 = CARTESIAN_POINT('',(-1.6,2.85,1.7));
#6798 = DIRECTION('',(0.,-2.2E-16,-1.));
#6799 = DIRECTION('',(-1.,-0.,0.));
#6800 = ADVANCED_FACE('',(#6801),#6812,.F.);
#6801 = FACE_BOUND('',#6802,.F.);
#6802 = EDGE_LOOP('',(#6803,#6804,#6805,#6806));
#6803 = ORIENTED_EDGE('',*,*,#6592,.T.);
#6804 = ORIENTED_EDGE('',*,*,#6517,.T.);
#6805 = ORIENTED_EDGE('',*,*,#6721,.F.);
#6806 = ORIENTED_EDGE('',*,*,#6807,.F.);
#6807 = EDGE_CURVE('',#6585,#6714,#6808,.T.);
#6808 = LINE('',#6809,#6810);
#6809 = CARTESIAN_POINT('',(5.8,2.85,2.2));
#6810 = VECTOR('',#6811,1.);
#6811 = DIRECTION('',(0.,-1.,2.2E-16));
#6812 = PLANE('',#6813);
#6813 = AXIS2_PLACEMENT_3D('',#6814,#6815,#6816);
#6814 = CARTESIAN_POINT('',(5.8,2.85,1.35));
#6815 = DIRECTION('',(-1.,0.,0.));
#6816 = DIRECTION('',(0.,2.2E-16,1.));
#6817 = ADVANCED_FACE('',(#6818),#6829,.F.);
#6818 = FACE_BOUND('',#6819,.F.);
#6819 = EDGE_LOOP('',(#6820,#6821,#6822,#6823));
#6820 = ORIENTED_EDGE('',*,*,#6584,.T.);
#6821 = ORIENTED_EDGE('',*,*,#6807,.T.);
#6822 = ORIENTED_EDGE('',*,*,#6713,.T.);
#6823 = ORIENTED_EDGE('',*,*,#6824,.F.);
#6824 = EDGE_CURVE('',#6577,#6706,#6825,.T.);
#6825 = LINE('',#6826,#6827);
#6826 = CARTESIAN_POINT('',(4.65,2.85,2.2));
#6827 = VECTOR('',#6828,1.);
#6828 = DIRECTION('',(0.,-1.,2.2E-16));
#6829 = PLANE('',#6830);
#6830 = AXIS2_PLACEMENT_3D('',#6831,#6832,#6833);
#6831 = CARTESIAN_POINT('',(5.8,2.85,2.2));
#6832 = DIRECTION('',(0.,-2.2E-16,-1.));
#6833 = DIRECTION('',(-1.,-0.,0.));
#6834 = ADVANCED_FACE('',(#6835),#6846,.F.);
#6835 = FACE_BOUND('',#6836,.F.);
#6836 = EDGE_LOOP('',(#6837,#6838,#6839,#6840));
#6837 = ORIENTED_EDGE('',*,*,#6576,.T.);
#6838 = ORIENTED_EDGE('',*,*,#6824,.T.);
#6839 = ORIENTED_EDGE('',*,*,#6705,.F.);
#6840 = ORIENTED_EDGE('',*,*,#6841,.F.);
#6841 = EDGE_CURVE('',#6569,#6698,#6842,.T.);
#6842 = LINE('',#6843,#6844);
#6843 = CARTESIAN_POINT('',(4.65,2.85,1.7));
#6844 = VECTOR('',#6845,1.);
#6845 = DIRECTION('',(0.,-1.,2.2E-16));
#6846 = PLANE('',#6847);
#6847 = AXIS2_PLACEMENT_3D('',#6848,#6849,#6850);
#6848 = CARTESIAN_POINT('',(4.65,2.85,2.2));
#6849 = DIRECTION('',(1.,0.,0.));
#6850 = DIRECTION('',(0.,-2.2E-16,-1.));
#6851 = ADVANCED_FACE('',(#6852),#6863,.F.);
#6852 = FACE_BOUND('',#6853,.F.);
#6853 = EDGE_LOOP('',(#6854,#6855,#6856,#6857));
#6854 = ORIENTED_EDGE('',*,*,#6568,.T.);
#6855 = ORIENTED_EDGE('',*,*,#6841,.T.);
#6856 = ORIENTED_EDGE('',*,*,#6697,.F.);
#6857 = ORIENTED_EDGE('',*,*,#6858,.F.);
#6858 = EDGE_CURVE('',#6561,#6690,#6859,.T.);
#6859 = LINE('',#6860,#6861);
#6860 = CARTESIAN_POINT('',(1.6,2.85,1.7));
#6861 = VECTOR('',#6862,1.);
#6862 = DIRECTION('',(0.,-1.,2.2E-16));
#6863 = PLANE('',#6864);
#6864 = AXIS2_PLACEMENT_3D('',#6865,#6866,#6867);
#6865 = CARTESIAN_POINT('',(4.65,2.85,1.7));
#6866 = DIRECTION('',(0.,-2.2E-16,-1.));
#6867 = DIRECTION('',(-1.,-0.,0.));
#6868 = ADVANCED_FACE('',(#6869),#6880,.F.);
#6869 = FACE_BOUND('',#6870,.F.);
#6870 = EDGE_LOOP('',(#6871,#6872,#6873,#6874));
#6871 = ORIENTED_EDGE('',*,*,#6560,.T.);
#6872 = ORIENTED_EDGE('',*,*,#6858,.T.);
#6873 = ORIENTED_EDGE('',*,*,#6689,.F.);
#6874 = ORIENTED_EDGE('',*,*,#6875,.F.);
#6875 = EDGE_CURVE('',#6553,#6682,#6876,.T.);
#6876 = LINE('',#6877,#6878);
#6877 = CARTESIAN_POINT('',(1.25,2.85,1.35));
#6878 = VECTOR('',#6879,1.);
#6879 = DIRECTION('',(0.,-1.,2.2E-16));
#6880 = PLANE('',#6881);
#6881 = AXIS2_PLACEMENT_3D('',#6882,#6883,#6884);
#6882 = CARTESIAN_POINT('',(1.6,2.85,1.7));
#6883 = DIRECTION('',(0.707106781187,-1.599999999999E-16,-0.707106781187
    ));
#6884 = DIRECTION('',(-0.707106781187,-1.599999999999E-16,
    -0.707106781187));
#6885 = ADVANCED_FACE('',(#6886),#6897,.F.);
#6886 = FACE_BOUND('',#6887,.F.);
#6887 = EDGE_LOOP('',(#6888,#6889,#6890,#6891));
#6888 = ORIENTED_EDGE('',*,*,#6552,.T.);
#6889 = ORIENTED_EDGE('',*,*,#6875,.T.);
#6890 = ORIENTED_EDGE('',*,*,#6681,.F.);
#6891 = ORIENTED_EDGE('',*,*,#6892,.F.);
#6892 = EDGE_CURVE('',#6545,#6674,#6893,.T.);
#6893 = LINE('',#6894,#6895);
#6894 = CARTESIAN_POINT('',(-1.25,2.85,1.35));
#6895 = VECTOR('',#6896,1.);
#6896 = DIRECTION('',(0.,-1.,2.2E-16));
#6897 = PLANE('',#6898);
#6898 = AXIS2_PLACEMENT_3D('',#6899,#6900,#6901);
#6899 = CARTESIAN_POINT('',(1.25,2.85,1.35));
#6900 = DIRECTION('',(0.,-2.2E-16,-1.));
#6901 = DIRECTION('',(-1.,-0.,0.));
#6902 = ADVANCED_FACE('',(#6903),#6909,.F.);
#6903 = FACE_BOUND('',#6904,.F.);
#6904 = EDGE_LOOP('',(#6905,#6906,#6907,#6908));
#6905 = ORIENTED_EDGE('',*,*,#6544,.T.);
#6906 = ORIENTED_EDGE('',*,*,#6892,.T.);
#6907 = ORIENTED_EDGE('',*,*,#6673,.F.);
#6908 = ORIENTED_EDGE('',*,*,#6788,.F.);
#6909 = PLANE('',#6910);
#6910 = AXIS2_PLACEMENT_3D('',#6911,#6912,#6913);
#6911 = CARTESIAN_POINT('',(-1.25,2.85,1.35));
#6912 = DIRECTION('',(-0.707106781187,-1.599999999999E-16,
    -0.707106781187));
#6913 = DIRECTION('',(-0.707106781187,1.599999999999E-16,0.707106781187)
  );
#6914 = ADVANCED_FACE('',(#6915),#6940,.F.);
#6915 = FACE_BOUND('',#6916,.F.);
#6916 = EDGE_LOOP('',(#6917,#6925,#6926,#6934));
#6917 = ORIENTED_EDGE('',*,*,#6918,.T.);
#6918 = EDGE_CURVE('',#6919,#6602,#6921,.T.);
#6919 = VERTEX_POINT('',#6920);
#6920 = CARTESIAN_POINT('',(-0.65,2.85,0.15));
#6921 = LINE('',#6922,#6923);
#6922 = CARTESIAN_POINT('',(-0.65,2.85,0.15));
#6923 = VECTOR('',#6924,1.);
#6924 = DIRECTION('',(0.,-1.,-2.2E-16));
#6925 = ORIENTED_EDGE('',*,*,#6601,.T.);
#6926 = ORIENTED_EDGE('',*,*,#6927,.F.);
#6927 = EDGE_CURVE('',#6928,#6604,#6930,.T.);
#6928 = VERTEX_POINT('',#6929);
#6929 = CARTESIAN_POINT('',(0.65,2.85,0.15));
#6930 = LINE('',#6931,#6932);
#6931 = CARTESIAN_POINT('',(0.65,2.85,0.15));
#6932 = VECTOR('',#6933,1.);
#6933 = DIRECTION('',(0.,-1.,-2.2E-16));
#6934 = ORIENTED_EDGE('',*,*,#6935,.F.);
#6935 = EDGE_CURVE('',#6919,#6928,#6936,.T.);
#6936 = LINE('',#6937,#6938);
#6937 = CARTESIAN_POINT('',(-0.65,2.85,0.15));
#6938 = VECTOR('',#6939,1.);
#6939 = DIRECTION('',(1.,0.,0.));
#6940 = PLANE('',#6941);
#6941 = AXIS2_PLACEMENT_3D('',#6942,#6943,#6944);
#6942 = CARTESIAN_POINT('',(-0.65,2.85,0.15));
#6943 = DIRECTION('',(0.,-2.2E-16,1.));
#6944 = DIRECTION('',(1.,0.,0.));
#6945 = ADVANCED_FACE('',(#6946),#6964,.F.);
#6946 = FACE_BOUND('',#6947,.F.);
#6947 = EDGE_LOOP('',(#6948,#6956,#6957,#6958));
#6948 = ORIENTED_EDGE('',*,*,#6949,.T.);
#6949 = EDGE_CURVE('',#6950,#6620,#6952,.T.);
#6950 = VERTEX_POINT('',#6951);
#6951 = CARTESIAN_POINT('',(-0.65,2.85,0.65));
#6952 = LINE('',#6953,#6954);
#6953 = CARTESIAN_POINT('',(-0.65,2.85,0.65));
#6954 = VECTOR('',#6955,1.);
#6955 = DIRECTION('',(0.,-1.,-2.2E-16));
#6956 = ORIENTED_EDGE('',*,*,#6627,.T.);
#6957 = ORIENTED_EDGE('',*,*,#6918,.F.);
#6958 = ORIENTED_EDGE('',*,*,#6959,.F.);
#6959 = EDGE_CURVE('',#6950,#6919,#6960,.T.);
#6960 = LINE('',#6961,#6962);
#6961 = CARTESIAN_POINT('',(-0.65,2.85,0.65));
#6962 = VECTOR('',#6963,1.);
#6963 = DIRECTION('',(0.,2.2E-16,-1.));
#6964 = PLANE('',#6965);
#6965 = AXIS2_PLACEMENT_3D('',#6966,#6967,#6968);
#6966 = CARTESIAN_POINT('',(-0.65,2.85,0.65));
#6967 = DIRECTION('',(1.,0.,0.));
#6968 = DIRECTION('',(0.,2.2E-16,-1.));
#6969 = ADVANCED_FACE('',(#6970),#6988,.F.);
#6970 = FACE_BOUND('',#6971,.F.);
#6971 = EDGE_LOOP('',(#6972,#6973,#6974,#6982));
#6972 = ORIENTED_EDGE('',*,*,#6927,.T.);
#6973 = ORIENTED_EDGE('',*,*,#6611,.T.);
#6974 = ORIENTED_EDGE('',*,*,#6975,.F.);
#6975 = EDGE_CURVE('',#6976,#6612,#6978,.T.);
#6976 = VERTEX_POINT('',#6977);
#6977 = CARTESIAN_POINT('',(0.65,2.85,0.65));
#6978 = LINE('',#6979,#6980);
#6979 = CARTESIAN_POINT('',(0.65,2.85,0.65));
#6980 = VECTOR('',#6981,1.);
#6981 = DIRECTION('',(0.,-1.,-2.2E-16));
#6982 = ORIENTED_EDGE('',*,*,#6983,.F.);
#6983 = EDGE_CURVE('',#6928,#6976,#6984,.T.);
#6984 = LINE('',#6985,#6986);
#6985 = CARTESIAN_POINT('',(0.65,2.85,0.15));
#6986 = VECTOR('',#6987,1.);
#6987 = DIRECTION('',(0.,-2.2E-16,1.));
#6988 = PLANE('',#6989);
#6989 = AXIS2_PLACEMENT_3D('',#6990,#6991,#6992);
#6990 = CARTESIAN_POINT('',(0.65,2.85,0.15));
#6991 = DIRECTION('',(-1.,0.,0.));
#6992 = DIRECTION('',(0.,-2.2E-16,1.));
#6993 = ADVANCED_FACE('',(#6994),#7005,.F.);
#6994 = FACE_BOUND('',#6995,.F.);
#6995 = EDGE_LOOP('',(#6996,#6997,#6998,#6999));
#6996 = ORIENTED_EDGE('',*,*,#6975,.T.);
#6997 = ORIENTED_EDGE('',*,*,#6619,.T.);
#6998 = ORIENTED_EDGE('',*,*,#6949,.F.);
#6999 = ORIENTED_EDGE('',*,*,#7000,.F.);
#7000 = EDGE_CURVE('',#6976,#6950,#7001,.T.);
#7001 = LINE('',#7002,#7003);
#7002 = CARTESIAN_POINT('',(0.65,2.85,0.65));
#7003 = VECTOR('',#7004,1.);
#7004 = DIRECTION('',(-1.,0.,-0.));
#7005 = PLANE('',#7006);
#7006 = AXIS2_PLACEMENT_3D('',#7007,#7008,#7009);
#7007 = CARTESIAN_POINT('',(0.65,2.85,0.65));
#7008 = DIRECTION('',(0.,2.2E-16,-1.));
#7009 = DIRECTION('',(-1.,0.,-0.));
#7010 = ADVANCED_FACE('',(#7011),#7036,.F.);
#7011 = FACE_BOUND('',#7012,.F.);
#7012 = EDGE_LOOP('',(#7013,#7021,#7022,#7030));
#7013 = ORIENTED_EDGE('',*,*,#7014,.T.);
#7014 = EDGE_CURVE('',#7015,#6730,#7017,.T.);
#7015 = VERTEX_POINT('',#7016);
#7016 = CARTESIAN_POINT('',(-0.65,-2.85,0.65));
#7017 = LINE('',#7018,#7019);
#7018 = CARTESIAN_POINT('',(-0.65,-2.85,0.65));
#7019 = VECTOR('',#7020,1.);
#7020 = DIRECTION('',(0.,1.,-2.2E-16));
#7021 = ORIENTED_EDGE('',*,*,#6729,.T.);
#7022 = ORIENTED_EDGE('',*,*,#7023,.F.);
#7023 = EDGE_CURVE('',#7024,#6732,#7026,.T.);
#7024 = VERTEX_POINT('',#7025);
#7025 = CARTESIAN_POINT('',(0.65,-2.85,0.65));
#7026 = LINE('',#7027,#7028);
#7027 = CARTESIAN_POINT('',(0.65,-2.85,0.65));
#7028 = VECTOR('',#7029,1.);
#7029 = DIRECTION('',(0.,1.,-2.2E-16));
#7030 = ORIENTED_EDGE('',*,*,#7031,.F.);
#7031 = EDGE_CURVE('',#7015,#7024,#7032,.T.);
#7032 = LINE('',#7033,#7034);
#7033 = CARTESIAN_POINT('',(-0.65,-2.85,0.65));
#7034 = VECTOR('',#7035,1.);
#7035 = DIRECTION('',(1.,0.,0.));
#7036 = PLANE('',#7037);
#7037 = AXIS2_PLACEMENT_3D('',#7038,#7039,#7040);
#7038 = CARTESIAN_POINT('',(-0.65,-2.85,0.65));
#7039 = DIRECTION('',(0.,-2.2E-16,-1.));
#7040 = DIRECTION('',(1.,0.,0.));
#7041 = ADVANCED_FACE('',(#7042),#7060,.F.);
#7042 = FACE_BOUND('',#7043,.F.);
#7043 = EDGE_LOOP('',(#7044,#7052,#7053,#7054));
#7044 = ORIENTED_EDGE('',*,*,#7045,.T.);
#7045 = EDGE_CURVE('',#7046,#6740,#7048,.T.);
#7046 = VERTEX_POINT('',#7047);
#7047 = CARTESIAN_POINT('',(-0.65,-2.85,0.15));
#7048 = LINE('',#7049,#7050);
#7049 = CARTESIAN_POINT('',(-0.65,-2.85,0.15));
#7050 = VECTOR('',#7051,1.);
#7051 = DIRECTION('',(0.,1.,-2.2E-16));
#7052 = ORIENTED_EDGE('',*,*,#6739,.T.);
#7053 = ORIENTED_EDGE('',*,*,#7014,.F.);
#7054 = ORIENTED_EDGE('',*,*,#7055,.F.);
#7055 = EDGE_CURVE('',#7046,#7015,#7056,.T.);
#7056 = LINE('',#7057,#7058);
#7057 = CARTESIAN_POINT('',(-0.65,-2.85,0.15));
#7058 = VECTOR('',#7059,1.);
#7059 = DIRECTION('',(0.,-2.2E-16,1.));
#7060 = PLANE('',#7061);
#7061 = AXIS2_PLACEMENT_3D('',#7062,#7063,#7064);
#7062 = CARTESIAN_POINT('',(-0.65,-2.85,0.15));
#7063 = DIRECTION('',(1.,0.,0.));
#7064 = DIRECTION('',(-0.,2.2E-16,1.));
#7065 = ADVANCED_FACE('',(#7066),#7084,.F.);
#7066 = FACE_BOUND('',#7067,.F.);
#7067 = EDGE_LOOP('',(#7068,#7069,#7070,#7078));
#7068 = ORIENTED_EDGE('',*,*,#7023,.T.);
#7069 = ORIENTED_EDGE('',*,*,#6755,.T.);
#7070 = ORIENTED_EDGE('',*,*,#7071,.F.);
#7071 = EDGE_CURVE('',#7072,#6748,#7074,.T.);
#7072 = VERTEX_POINT('',#7073);
#7073 = CARTESIAN_POINT('',(0.65,-2.85,0.15));
#7074 = LINE('',#7075,#7076);
#7075 = CARTESIAN_POINT('',(0.65,-2.85,0.15));
#7076 = VECTOR('',#7077,1.);
#7077 = DIRECTION('',(0.,1.,-2.2E-16));
#7078 = ORIENTED_EDGE('',*,*,#7079,.F.);
#7079 = EDGE_CURVE('',#7024,#7072,#7080,.T.);
#7080 = LINE('',#7081,#7082);
#7081 = CARTESIAN_POINT('',(0.65,-2.85,0.65));
#7082 = VECTOR('',#7083,1.);
#7083 = DIRECTION('',(0.,2.2E-16,-1.));
#7084 = PLANE('',#7085);
#7085 = AXIS2_PLACEMENT_3D('',#7086,#7087,#7088);
#7086 = CARTESIAN_POINT('',(0.65,-2.85,0.65));
#7087 = DIRECTION('',(-1.,0.,0.));
#7088 = DIRECTION('',(-0.,-2.2E-16,-1.));
#7089 = ADVANCED_FACE('',(#7090),#7101,.F.);
#7090 = FACE_BOUND('',#7091,.F.);
#7091 = EDGE_LOOP('',(#7092,#7093,#7094,#7095));
#7092 = ORIENTED_EDGE('',*,*,#7071,.T.);
#7093 = ORIENTED_EDGE('',*,*,#6747,.T.);
#7094 = ORIENTED_EDGE('',*,*,#7045,.F.);
#7095 = ORIENTED_EDGE('',*,*,#7096,.F.);
#7096 = EDGE_CURVE('',#7072,#7046,#7097,.T.);
#7097 = LINE('',#7098,#7099);
#7098 = CARTESIAN_POINT('',(0.65,-2.85,0.15));
#7099 = VECTOR('',#7100,1.);
#7100 = DIRECTION('',(-1.,0.,0.));
#7101 = PLANE('',#7102);
#7102 = AXIS2_PLACEMENT_3D('',#7103,#7104,#7105);
#7103 = CARTESIAN_POINT('',(0.65,-2.85,0.15));
#7104 = DIRECTION('',(0.,2.2E-16,1.));
#7105 = DIRECTION('',(-1.,0.,0.));
#7106 = ADVANCED_FACE('',(#7107),#7113,.T.);
#7107 = FACE_BOUND('',#7108,.T.);
#7108 = EDGE_LOOP('',(#7109,#7110,#7111,#7112));
#7109 = ORIENTED_EDGE('',*,*,#6935,.F.);
#7110 = ORIENTED_EDGE('',*,*,#6959,.F.);
#7111 = ORIENTED_EDGE('',*,*,#7000,.F.);
#7112 = ORIENTED_EDGE('',*,*,#6983,.F.);
#7113 = PLANE('',#7114);
#7114 = AXIS2_PLACEMENT_3D('',#7115,#7116,#7117);
#7115 = CARTESIAN_POINT('',(0.119943565711,2.85,0.17776455543));
#7116 = DIRECTION('',(0.,1.,0.));
#7117 = DIRECTION('',(0.,-0.,1.));
#7118 = ADVANCED_FACE('',(#7119),#7125,.F.);
#7119 = FACE_BOUND('',#7120,.F.);
#7120 = EDGE_LOOP('',(#7121,#7122,#7123,#7124));
#7121 = ORIENTED_EDGE('',*,*,#7055,.T.);
#7122 = ORIENTED_EDGE('',*,*,#7031,.T.);
#7123 = ORIENTED_EDGE('',*,*,#7079,.T.);
#7124 = ORIENTED_EDGE('',*,*,#7096,.T.);
#7125 = PLANE('',#7126);
#7126 = AXIS2_PLACEMENT_3D('',#7127,#7128,#7129);
#7127 = CARTESIAN_POINT('',(0.119943565711,-2.85,0.17776455543));
#7128 = DIRECTION('',(0.,1.,0.));
#7129 = DIRECTION('',(0.,-0.,1.));
#7130 = ( GEOMETRIC_REPRESENTATION_CONTEXT(3) 
GLOBAL_UNCERTAINTY_ASSIGNED_CONTEXT((#7134)) 
GLOBAL_UNIT_ASSIGNED_CONTEXT((#7131,#7132,#7133)) REPRESENTATION_CONTEXT
('Context #1','3D Context with UNIT and UNCERTAINTY') );
#7131 = ( LENGTH_UNIT() NAMED_UNIT(*) SI_UNIT(.MILLI.,.METRE.) );
#7132 = ( NAMED_UNIT(*) PLANE_ANGLE_UNIT() SI_UNIT($,.RADIAN.) );
#7133 = ( NAMED_UNIT(*) SI_UNIT($,.STERADIAN.) SOLID_ANGLE_UNIT() );
#7134 = UNCERTAINTY_MEASURE_WITH_UNIT(LENGTH_MEASURE(1.E-07),#7131,
  'distance_accuracy_value','confusion accuracy');
#7135 = CONTEXT_DEPENDENT_SHAPE_REPRESENTATION(#7136,#7138);
#7136 = ( REPRESENTATION_RELATIONSHIP('','',#5387,#5340) 
REPRESENTATION_RELATIONSHIP_WITH_TRANSFORMATION(#7137) 
SHAPE_REPRESENTATION_RELATIONSHIP() );
#7137 = ITEM_DEFINED_TRANSFORMATION('','',#11,#5341);
#7138 = PRODUCT_DEFINITION_SHAPE('Placement','Placement of an item',
  #7139);
#7139 = NEXT_ASSEMBLY_USAGE_OCCURRENCE('7','Bottom001','',#5335,#5382,$
  );
#7140 = PRODUCT_RELATED_PRODUCT_CATEGORY('part',$,(#5384));
#7141 = SHAPE_DEFINITION_REPRESENTATION(#7142,#7148);
#7142 = PRODUCT_DEFINITION_SHAPE('','',#7143);
#7143 = PRODUCT_DEFINITION('design','',#7144,#7147);
#7144 = PRODUCT_DEFINITION_FORMATION('','',#7145);
#7145 = PRODUCT('Top001','Top001','',(#7146));
#7146 = PRODUCT_CONTEXT('',#2,'mechanical');
#7147 = PRODUCT_DEFINITION_CONTEXT('part definition',#2,'design');
#7148 = ADVANCED_BREP_SHAPE_REPRESENTATION('',(#11,#7149),#8897);
#7149 = MANIFOLD_SOLID_BREP('',#7150);
#7150 = CLOSED_SHELL('',(#7151,#7191,#7254,#7353,#7470,#7587,#7611,#7797
    ,#7821,#8007,#8024,#8041,#8072,#8128,#8152,#8201,#8232,#8256,#8280,
    #8297,#8314,#8345,#8357,#8386,#8403,#8427,#8439,#8461,#8478,#8495,
    #8507,#8524,#8536,#8558,#8582,#8599,#8618,#8640,#8657,#8674,#8686,
    #8703,#8719,#8740,#8757,#8774,#8798,#8815,#8839,#8856,#8873,#8885));
#7151 = ADVANCED_FACE('',(#7152),#7186,.F.);
#7152 = FACE_BOUND('',#7153,.F.);
#7153 = EDGE_LOOP('',(#7154,#7164,#7172,#7180));
#7154 = ORIENTED_EDGE('',*,*,#7155,.T.);
#7155 = EDGE_CURVE('',#7156,#7158,#7160,.T.);
#7156 = VERTEX_POINT('',#7157);
#7157 = CARTESIAN_POINT('',(6.4,2.85,1.35));
#7158 = VERTEX_POINT('',#7159);
#7159 = CARTESIAN_POINT('',(6.4,-2.85,1.35));
#7160 = LINE('',#7161,#7162);
#7161 = CARTESIAN_POINT('',(6.4,2.85,1.35));
#7162 = VECTOR('',#7163,1.);
#7163 = DIRECTION('',(0.,-1.,2.2E-16));
#7164 = ORIENTED_EDGE('',*,*,#7165,.T.);
#7165 = EDGE_CURVE('',#7158,#7166,#7168,.T.);
#7166 = VERTEX_POINT('',#7167);
#7167 = CARTESIAN_POINT('',(6.4,-2.85,5.1));
#7168 = LINE('',#7169,#7170);
#7169 = CARTESIAN_POINT('',(6.4,-2.85,1.35));
#7170 = VECTOR('',#7171,1.);
#7171 = DIRECTION('',(0.,-2.2E-16,1.));
#7172 = ORIENTED_EDGE('',*,*,#7173,.F.);
#7173 = EDGE_CURVE('',#7174,#7166,#7176,.T.);
#7174 = VERTEX_POINT('',#7175);
#7175 = CARTESIAN_POINT('',(6.4,2.85,5.1));
#7176 = LINE('',#7177,#7178);
#7177 = CARTESIAN_POINT('',(6.4,2.85,5.1));
#7178 = VECTOR('',#7179,1.);
#7179 = DIRECTION('',(0.,-1.,2.2E-16));
#7180 = ORIENTED_EDGE('',*,*,#7181,.F.);
#7181 = EDGE_CURVE('',#7156,#7174,#7182,.T.);
#7182 = LINE('',#7183,#7184);
#7183 = CARTESIAN_POINT('',(6.4,2.85,1.35));
#7184 = VECTOR('',#7185,1.);
#7185 = DIRECTION('',(0.,-2.2E-16,1.));
#7186 = PLANE('',#7187);
#7187 = AXIS2_PLACEMENT_3D('',#7188,#7189,#7190);
#7188 = CARTESIAN_POINT('',(6.4,2.85,1.35));
#7189 = DIRECTION('',(-1.,0.,0.));
#7190 = DIRECTION('',(0.,2.2E-16,1.));
#7191 = ADVANCED_FACE('',(#7192),#7249,.F.);
#7192 = FACE_BOUND('',#7193,.F.);
#7193 = EDGE_LOOP('',(#7194,#7202,#7210,#7218,#7226,#7234,#7242,#7248));
#7194 = ORIENTED_EDGE('',*,*,#7195,.F.);
#7195 = EDGE_CURVE('',#7196,#7156,#7198,.T.);
#7196 = VERTEX_POINT('',#7197);
#7197 = CARTESIAN_POINT('',(1.75,2.85,1.35));
#7198 = LINE('',#7199,#7200);
#7199 = CARTESIAN_POINT('',(1.75,2.85,1.35));
#7200 = VECTOR('',#7201,1.);
#7201 = DIRECTION('',(1.,0.,0.));
#7202 = ORIENTED_EDGE('',*,*,#7203,.T.);
#7203 = EDGE_CURVE('',#7196,#7204,#7206,.T.);
#7204 = VERTEX_POINT('',#7205);
#7205 = CARTESIAN_POINT('',(1.75,2.35,1.35));
#7206 = LINE('',#7207,#7208);
#7207 = CARTESIAN_POINT('',(1.75,2.85,1.35));
#7208 = VECTOR('',#7209,1.);
#7209 = DIRECTION('',(0.,-1.,2.2E-16));
#7210 = ORIENTED_EDGE('',*,*,#7211,.F.);
#7211 = EDGE_CURVE('',#7212,#7204,#7214,.T.);
#7212 = VERTEX_POINT('',#7213);
#7213 = CARTESIAN_POINT('',(5.9,2.35,1.35));
#7214 = LINE('',#7215,#7216);
#7215 = CARTESIAN_POINT('',(-2.075,2.35,1.35));
#7216 = VECTOR('',#7217,1.);
#7217 = DIRECTION('',(-1.,0.,0.));
#7218 = ORIENTED_EDGE('',*,*,#7219,.F.);
#7219 = EDGE_CURVE('',#7220,#7212,#7222,.T.);
#7220 = VERTEX_POINT('',#7221);
#7221 = CARTESIAN_POINT('',(5.9,-2.35,1.35));
#7222 = LINE('',#7223,#7224);
#7223 = CARTESIAN_POINT('',(5.9,2.6,1.35));
#7224 = VECTOR('',#7225,1.);
#7225 = DIRECTION('',(0.,1.,-2.2E-16));
#7226 = ORIENTED_EDGE('',*,*,#7227,.F.);
#7227 = EDGE_CURVE('',#7228,#7220,#7230,.T.);
#7228 = VERTEX_POINT('',#7229);
#7229 = CARTESIAN_POINT('',(1.75,-2.35,1.35));
#7230 = LINE('',#7231,#7232);
#7231 = CARTESIAN_POINT('',(3.825,-2.35,1.35));
#7232 = VECTOR('',#7233,1.);
#7233 = DIRECTION('',(1.,0.,0.));
#7234 = ORIENTED_EDGE('',*,*,#7235,.T.);
#7235 = EDGE_CURVE('',#7228,#7236,#7238,.T.);
#7236 = VERTEX_POINT('',#7237);
#7237 = CARTESIAN_POINT('',(1.75,-2.85,1.35));
#7238 = LINE('',#7239,#7240);
#7239 = CARTESIAN_POINT('',(1.75,2.85,1.35));
#7240 = VECTOR('',#7241,1.);
#7241 = DIRECTION('',(0.,-1.,2.2E-16));
#7242 = ORIENTED_EDGE('',*,*,#7243,.T.);
#7243 = EDGE_CURVE('',#7236,#7158,#7244,.T.);
#7244 = LINE('',#7245,#7246);
#7245 = CARTESIAN_POINT('',(1.75,-2.85,1.35));
#7246 = VECTOR('',#7247,1.);
#7247 = DIRECTION('',(1.,0.,0.));
#7248 = ORIENTED_EDGE('',*,*,#7155,.F.);
#7249 = PLANE('',#7250);
#7250 = AXIS2_PLACEMENT_3D('',#7251,#7252,#7253);
#7251 = CARTESIAN_POINT('',(1.75,2.85,1.35));
#7252 = DIRECTION('',(0.,2.2E-16,1.));
#7253 = DIRECTION('',(1.,0.,-0.));
#7254 = ADVANCED_FACE('',(#7255,#7280,#7314),#7348,.F.);
#7255 = FACE_BOUND('',#7256,.F.);
#7256 = EDGE_LOOP('',(#7257,#7258,#7266,#7274));
#7257 = ORIENTED_EDGE('',*,*,#7173,.T.);
#7258 = ORIENTED_EDGE('',*,*,#7259,.T.);
#7259 = EDGE_CURVE('',#7166,#7260,#7262,.T.);
#7260 = VERTEX_POINT('',#7261);
#7261 = CARTESIAN_POINT('',(-6.4,-2.85,5.1));
#7262 = LINE('',#7263,#7264);
#7263 = CARTESIAN_POINT('',(6.4,-2.85,5.1));
#7264 = VECTOR('',#7265,1.);
#7265 = DIRECTION('',(-1.,0.,0.));
#7266 = ORIENTED_EDGE('',*,*,#7267,.F.);
#7267 = EDGE_CURVE('',#7268,#7260,#7270,.T.);
#7268 = VERTEX_POINT('',#7269);
#7269 = CARTESIAN_POINT('',(-6.4,2.85,5.1));
#7270 = LINE('',#7271,#7272);
#7271 = CARTESIAN_POINT('',(-6.4,2.85,5.1));
#7272 = VECTOR('',#7273,1.);
#7273 = DIRECTION('',(0.,-1.,2.2E-16));
#7274 = ORIENTED_EDGE('',*,*,#7275,.F.);
#7275 = EDGE_CURVE('',#7174,#7268,#7276,.T.);
#7276 = LINE('',#7277,#7278);
#7277 = CARTESIAN_POINT('',(6.4,2.85,5.1));
#7278 = VECTOR('',#7279,1.);
#7279 = DIRECTION('',(-1.,0.,0.));
#7280 = FACE_BOUND('',#7281,.F.);
#7281 = EDGE_LOOP('',(#7282,#7292,#7300,#7308));
#7282 = ORIENTED_EDGE('',*,*,#7283,.F.);
#7283 = EDGE_CURVE('',#7284,#7286,#7288,.T.);
#7284 = VERTEX_POINT('',#7285);
#7285 = CARTESIAN_POINT('',(-4.75,1.9,5.1));
#7286 = VERTEX_POINT('',#7287);
#7287 = CARTESIAN_POINT('',(-4.75,-1.9,5.1));
#7288 = LINE('',#7289,#7290);
#7289 = CARTESIAN_POINT('',(-4.75,1.9,5.1));
#7290 = VECTOR('',#7291,1.);
#7291 = DIRECTION('',(-0.,-1.,-2.2E-16));
#7292 = ORIENTED_EDGE('',*,*,#7293,.F.);
#7293 = EDGE_CURVE('',#7294,#7284,#7296,.T.);
#7294 = VERTEX_POINT('',#7295);
#7295 = CARTESIAN_POINT('',(-5.6,1.9,5.1));
#7296 = LINE('',#7297,#7298);
#7297 = CARTESIAN_POINT('',(-5.6,1.9,5.1));
#7298 = VECTOR('',#7299,1.);
#7299 = DIRECTION('',(1.,0.,0.));
#7300 = ORIENTED_EDGE('',*,*,#7301,.F.);
#7301 = EDGE_CURVE('',#7302,#7294,#7304,.T.);
#7302 = VERTEX_POINT('',#7303);
#7303 = CARTESIAN_POINT('',(-5.6,-1.9,5.1));
#7304 = LINE('',#7305,#7306);
#7305 = CARTESIAN_POINT('',(-5.6,-1.9,5.1));
#7306 = VECTOR('',#7307,1.);
#7307 = DIRECTION('',(0.,1.,2.2E-16));
#7308 = ORIENTED_EDGE('',*,*,#7309,.F.);
#7309 = EDGE_CURVE('',#7286,#7302,#7310,.T.);
#7310 = LINE('',#7311,#7312);
#7311 = CARTESIAN_POINT('',(-4.75,-1.9,5.1));
#7312 = VECTOR('',#7313,1.);
#7313 = DIRECTION('',(-1.,0.,0.));
#7314 = FACE_BOUND('',#7315,.F.);
#7315 = EDGE_LOOP('',(#7316,#7326,#7334,#7342));
#7316 = ORIENTED_EDGE('',*,*,#7317,.F.);
#7317 = EDGE_CURVE('',#7318,#7320,#7322,.T.);
#7318 = VERTEX_POINT('',#7319);
#7319 = CARTESIAN_POINT('',(-1.5,1.5,5.1));
#7320 = VERTEX_POINT('',#7321);
#7321 = CARTESIAN_POINT('',(-1.5,-1.5,5.1));
#7322 = LINE('',#7323,#7324);
#7323 = CARTESIAN_POINT('',(-1.5,1.5,5.1));
#7324 = VECTOR('',#7325,1.);
#7325 = DIRECTION('',(-0.,-1.,-2.2E-16));
#7326 = ORIENTED_EDGE('',*,*,#7327,.F.);
#7327 = EDGE_CURVE('',#7328,#7318,#7330,.T.);
#7328 = VERTEX_POINT('',#7329);
#7329 = CARTESIAN_POINT('',(-2.6,1.5,5.1));
#7330 = LINE('',#7331,#7332);
#7331 = CARTESIAN_POINT('',(-2.6,1.5,5.1));
#7332 = VECTOR('',#7333,1.);
#7333 = DIRECTION('',(1.,0.,0.));
#7334 = ORIENTED_EDGE('',*,*,#7335,.F.);
#7335 = EDGE_CURVE('',#7336,#7328,#7338,.T.);
#7336 = VERTEX_POINT('',#7337);
#7337 = CARTESIAN_POINT('',(-2.6,-1.5,5.1));
#7338 = LINE('',#7339,#7340);
#7339 = CARTESIAN_POINT('',(-2.6,-1.5,5.1));
#7340 = VECTOR('',#7341,1.);
#7341 = DIRECTION('',(0.,1.,2.2E-16));
#7342 = ORIENTED_EDGE('',*,*,#7343,.F.);
#7343 = EDGE_CURVE('',#7320,#7336,#7344,.T.);
#7344 = LINE('',#7345,#7346);
#7345 = CARTESIAN_POINT('',(-1.5,-1.5,5.1));
#7346 = VECTOR('',#7347,1.);
#7347 = DIRECTION('',(-1.,0.,0.));
#7348 = PLANE('',#7349);
#7349 = AXIS2_PLACEMENT_3D('',#7350,#7351,#7352);
#7350 = CARTESIAN_POINT('',(6.4,2.85,5.1));
#7351 = DIRECTION('',(0.,-2.2E-16,-1.));
#7352 = DIRECTION('',(-1.,-0.,0.));
#7353 = ADVANCED_FACE('',(#7354,#7397,#7431),#7465,.T.);
#7354 = FACE_BOUND('',#7355,.T.);
#7355 = EDGE_LOOP('',(#7356,#7357,#7358,#7366,#7374,#7382,#7390,#7396));
#7356 = ORIENTED_EDGE('',*,*,#7181,.F.);
#7357 = ORIENTED_EDGE('',*,*,#7195,.F.);
#7358 = ORIENTED_EDGE('',*,*,#7359,.F.);
#7359 = EDGE_CURVE('',#7360,#7196,#7362,.T.);
#7360 = VERTEX_POINT('',#7361);
#7361 = CARTESIAN_POINT('',(1.75,2.85,-0.75));
#7362 = LINE('',#7363,#7364);
#7363 = CARTESIAN_POINT('',(1.75,2.85,-0.75));
#7364 = VECTOR('',#7365,1.);
#7365 = DIRECTION('',(0.,-2.2E-16,1.));
#7366 = ORIENTED_EDGE('',*,*,#7367,.F.);
#7367 = EDGE_CURVE('',#7368,#7360,#7370,.T.);
#7368 = VERTEX_POINT('',#7369);
#7369 = CARTESIAN_POINT('',(-1.75,2.85,-0.75));
#7370 = LINE('',#7371,#7372);
#7371 = CARTESIAN_POINT('',(-1.75,2.85,-0.75));
#7372 = VECTOR('',#7373,1.);
#7373 = DIRECTION('',(1.,0.,0.));
#7374 = ORIENTED_EDGE('',*,*,#7375,.F.);
#7375 = EDGE_CURVE('',#7376,#7368,#7378,.T.);
#7376 = VERTEX_POINT('',#7377);
#7377 = CARTESIAN_POINT('',(-1.75,2.85,1.35));
#7378 = LINE('',#7379,#7380);
#7379 = CARTESIAN_POINT('',(-1.75,2.85,1.35));
#7380 = VECTOR('',#7381,1.);
#7381 = DIRECTION('',(0.,2.2E-16,-1.));
#7382 = ORIENTED_EDGE('',*,*,#7383,.F.);
#7383 = EDGE_CURVE('',#7384,#7376,#7386,.T.);
#7384 = VERTEX_POINT('',#7385);
#7385 = CARTESIAN_POINT('',(-6.4,2.85,1.35));
#7386 = LINE('',#7387,#7388);
#7387 = CARTESIAN_POINT('',(-6.4,2.85,1.35));
#7388 = VECTOR('',#7389,1.);
#7389 = DIRECTION('',(1.,0.,0.));
#7390 = ORIENTED_EDGE('',*,*,#7391,.F.);
#7391 = EDGE_CURVE('',#7268,#7384,#7392,.T.);
#7392 = LINE('',#7393,#7394);
#7393 = CARTESIAN_POINT('',(-6.4,2.85,5.1));
#7394 = VECTOR('',#7395,1.);
#7395 = DIRECTION('',(0.,2.2E-16,-1.));
#7396 = ORIENTED_EDGE('',*,*,#7275,.F.);
#7397 = FACE_BOUND('',#7398,.T.);
#7398 = EDGE_LOOP('',(#7399,#7409,#7417,#7425));
#7399 = ORIENTED_EDGE('',*,*,#7400,.T.);
#7400 = EDGE_CURVE('',#7401,#7403,#7405,.T.);
#7401 = VERTEX_POINT('',#7402);
#7402 = CARTESIAN_POINT('',(-4.8,2.85,3.9));
#7403 = VERTEX_POINT('',#7404);
#7404 = CARTESIAN_POINT('',(-4.8,2.85,4.6));
#7405 = LINE('',#7406,#7407);
#7406 = CARTESIAN_POINT('',(-4.8,2.85,3.548135696828));
#7407 = VECTOR('',#7408,1.);
#7408 = DIRECTION('',(0.,0.,1.));
#7409 = ORIENTED_EDGE('',*,*,#7410,.T.);
#7410 = EDGE_CURVE('',#7403,#7411,#7413,.T.);
#7411 = VERTEX_POINT('',#7412);
#7412 = CARTESIAN_POINT('',(-5.5,2.85,4.6));
#7413 = LINE('',#7414,#7415);
#7414 = CARTESIAN_POINT('',(-2.75,2.85,4.6));
#7415 = VECTOR('',#7416,1.);
#7416 = DIRECTION('',(-1.,0.,-0.));
#7417 = ORIENTED_EDGE('',*,*,#7418,.T.);
#7418 = EDGE_CURVE('',#7411,#7419,#7421,.T.);
#7419 = VERTEX_POINT('',#7420);
#7420 = CARTESIAN_POINT('',(-5.5,2.85,3.9));
#7421 = LINE('',#7422,#7423);
#7422 = CARTESIAN_POINT('',(-5.5,2.85,3.198135696828));
#7423 = VECTOR('',#7424,1.);
#7424 = DIRECTION('',(0.,0.,-1.));
#7425 = ORIENTED_EDGE('',*,*,#7426,.T.);
#7426 = EDGE_CURVE('',#7419,#7401,#7427,.T.);
#7427 = LINE('',#7428,#7429);
#7428 = CARTESIAN_POINT('',(-2.4,2.85,3.9));
#7429 = VECTOR('',#7430,1.);
#7430 = DIRECTION('',(1.,0.,0.));
#7431 = FACE_BOUND('',#7432,.T.);
#7432 = EDGE_LOOP('',(#7433,#7443,#7451,#7459));
#7433 = ORIENTED_EDGE('',*,*,#7434,.F.);
#7434 = EDGE_CURVE('',#7435,#7437,#7439,.T.);
#7435 = VERTEX_POINT('',#7436);
#7436 = CARTESIAN_POINT('',(0.649999999952,2.85,0.150000000018));
#7437 = VERTEX_POINT('',#7438);
#7438 = CARTESIAN_POINT('',(-0.649999999952,2.85,0.150000000018));
#7439 = LINE('',#7440,#7441);
#7440 = CARTESIAN_POINT('',(0.649999999952,2.85,0.150000000018));
#7441 = VECTOR('',#7442,1.);
#7442 = DIRECTION('',(-1.,0.,0.));
#7443 = ORIENTED_EDGE('',*,*,#7444,.F.);
#7444 = EDGE_CURVE('',#7445,#7435,#7447,.T.);
#7445 = VERTEX_POINT('',#7446);
#7446 = CARTESIAN_POINT('',(0.649999999952,2.85,0.649999999982));
#7447 = LINE('',#7448,#7449);
#7448 = CARTESIAN_POINT('',(0.649999999952,2.85,0.649999999982));
#7449 = VECTOR('',#7450,1.);
#7450 = DIRECTION('',(0.,2.2E-16,-1.));
#7451 = ORIENTED_EDGE('',*,*,#7452,.F.);
#7452 = EDGE_CURVE('',#7453,#7445,#7455,.T.);
#7453 = VERTEX_POINT('',#7454);
#7454 = CARTESIAN_POINT('',(-0.649999999952,2.85,0.649999999982));
#7455 = LINE('',#7456,#7457);
#7456 = CARTESIAN_POINT('',(-0.649999999952,2.85,0.649999999982));
#7457 = VECTOR('',#7458,1.);
#7458 = DIRECTION('',(1.,0.,0.));
#7459 = ORIENTED_EDGE('',*,*,#7460,.F.);
#7460 = EDGE_CURVE('',#7437,#7453,#7461,.T.);
#7461 = LINE('',#7462,#7463);
#7462 = CARTESIAN_POINT('',(-0.649999999952,2.85,0.150000000018));
#7463 = VECTOR('',#7464,1.);
#7464 = DIRECTION('',(0.,-2.2E-16,1.));
#7465 = PLANE('',#7466);
#7466 = AXIS2_PLACEMENT_3D('',#7467,#7468,#7469);
#7467 = CARTESIAN_POINT('',(0.,2.85,2.496271393657));
#7468 = DIRECTION('',(0.,1.,2.2E-16));
#7469 = DIRECTION('',(0.,-2.2E-16,1.));
#7470 = ADVANCED_FACE('',(#7471,#7514,#7548),#7582,.F.);
#7471 = FACE_BOUND('',#7472,.F.);
#7472 = EDGE_LOOP('',(#7473,#7474,#7475,#7483,#7491,#7499,#7507,#7513));
#7473 = ORIENTED_EDGE('',*,*,#7165,.F.);
#7474 = ORIENTED_EDGE('',*,*,#7243,.F.);
#7475 = ORIENTED_EDGE('',*,*,#7476,.F.);
#7476 = EDGE_CURVE('',#7477,#7236,#7479,.T.);
#7477 = VERTEX_POINT('',#7478);
#7478 = CARTESIAN_POINT('',(1.75,-2.85,-0.75));
#7479 = LINE('',#7480,#7481);
#7480 = CARTESIAN_POINT('',(1.75,-2.85,-0.75));
#7481 = VECTOR('',#7482,1.);
#7482 = DIRECTION('',(0.,-2.2E-16,1.));
#7483 = ORIENTED_EDGE('',*,*,#7484,.F.);
#7484 = EDGE_CURVE('',#7485,#7477,#7487,.T.);
#7485 = VERTEX_POINT('',#7486);
#7486 = CARTESIAN_POINT('',(-1.75,-2.85,-0.75));
#7487 = LINE('',#7488,#7489);
#7488 = CARTESIAN_POINT('',(-1.75,-2.85,-0.75));
#7489 = VECTOR('',#7490,1.);
#7490 = DIRECTION('',(1.,0.,0.));
#7491 = ORIENTED_EDGE('',*,*,#7492,.F.);
#7492 = EDGE_CURVE('',#7493,#7485,#7495,.T.);
#7493 = VERTEX_POINT('',#7494);
#7494 = CARTESIAN_POINT('',(-1.75,-2.85,1.35));
#7495 = LINE('',#7496,#7497);
#7496 = CARTESIAN_POINT('',(-1.75,-2.85,1.35));
#7497 = VECTOR('',#7498,1.);
#7498 = DIRECTION('',(0.,2.2E-16,-1.));
#7499 = ORIENTED_EDGE('',*,*,#7500,.F.);
#7500 = EDGE_CURVE('',#7501,#7493,#7503,.T.);
#7501 = VERTEX_POINT('',#7502);
#7502 = CARTESIAN_POINT('',(-6.4,-2.85,1.35));
#7503 = LINE('',#7504,#7505);
#7504 = CARTESIAN_POINT('',(-6.4,-2.85,1.35));
#7505 = VECTOR('',#7506,1.);
#7506 = DIRECTION('',(1.,0.,0.));
#7507 = ORIENTED_EDGE('',*,*,#7508,.F.);
#7508 = EDGE_CURVE('',#7260,#7501,#7509,.T.);
#7509 = LINE('',#7510,#7511);
#7510 = CARTESIAN_POINT('',(-6.4,-2.85,5.1));
#7511 = VECTOR('',#7512,1.);
#7512 = DIRECTION('',(0.,2.2E-16,-1.));
#7513 = ORIENTED_EDGE('',*,*,#7259,.F.);
#7514 = FACE_BOUND('',#7515,.F.);
#7515 = EDGE_LOOP('',(#7516,#7526,#7534,#7542));
#7516 = ORIENTED_EDGE('',*,*,#7517,.F.);
#7517 = EDGE_CURVE('',#7518,#7520,#7522,.T.);
#7518 = VERTEX_POINT('',#7519);
#7519 = CARTESIAN_POINT('',(-5.5,-2.85,4.6));
#7520 = VERTEX_POINT('',#7521);
#7521 = CARTESIAN_POINT('',(-4.8,-2.85,4.6));
#7522 = LINE('',#7523,#7524);
#7523 = CARTESIAN_POINT('',(-5.5,-2.85,4.6));
#7524 = VECTOR('',#7525,1.);
#7525 = DIRECTION('',(1.,0.,0.));
#7526 = ORIENTED_EDGE('',*,*,#7527,.F.);
#7527 = EDGE_CURVE('',#7528,#7518,#7530,.T.);
#7528 = VERTEX_POINT('',#7529);
#7529 = CARTESIAN_POINT('',(-5.5,-2.85,3.9));
#7530 = LINE('',#7531,#7532);
#7531 = CARTESIAN_POINT('',(-5.5,-2.85,3.9));
#7532 = VECTOR('',#7533,1.);
#7533 = DIRECTION('',(0.,-2.2E-16,1.));
#7534 = ORIENTED_EDGE('',*,*,#7535,.F.);
#7535 = EDGE_CURVE('',#7536,#7528,#7538,.T.);
#7536 = VERTEX_POINT('',#7537);
#7537 = CARTESIAN_POINT('',(-4.8,-2.85,3.9));
#7538 = LINE('',#7539,#7540);
#7539 = CARTESIAN_POINT('',(-4.8,-2.85,3.9));
#7540 = VECTOR('',#7541,1.);
#7541 = DIRECTION('',(-1.,0.,0.));
#7542 = ORIENTED_EDGE('',*,*,#7543,.F.);
#7543 = EDGE_CURVE('',#7520,#7536,#7544,.T.);
#7544 = LINE('',#7545,#7546);
#7545 = CARTESIAN_POINT('',(-4.8,-2.85,4.6));
#7546 = VECTOR('',#7547,1.);
#7547 = DIRECTION('',(0.,2.2E-16,-1.));
#7548 = FACE_BOUND('',#7549,.F.);
#7549 = EDGE_LOOP('',(#7550,#7560,#7568,#7576));
#7550 = ORIENTED_EDGE('',*,*,#7551,.F.);
#7551 = EDGE_CURVE('',#7552,#7554,#7556,.T.);
#7552 = VERTEX_POINT('',#7553);
#7553 = CARTESIAN_POINT('',(0.649999999952,-2.85,0.150000000018));
#7554 = VERTEX_POINT('',#7555);
#7555 = CARTESIAN_POINT('',(-0.649999999952,-2.85,0.150000000018));
#7556 = LINE('',#7557,#7558);
#7557 = CARTESIAN_POINT('',(0.649999999952,-2.85,0.150000000018));
#7558 = VECTOR('',#7559,1.);
#7559 = DIRECTION('',(-1.,0.,0.));
#7560 = ORIENTED_EDGE('',*,*,#7561,.F.);
#7561 = EDGE_CURVE('',#7562,#7552,#7564,.T.);
#7562 = VERTEX_POINT('',#7563);
#7563 = CARTESIAN_POINT('',(0.649999999952,-2.85,0.649999999982));
#7564 = LINE('',#7565,#7566);
#7565 = CARTESIAN_POINT('',(0.649999999952,-2.85,0.649999999982));
#7566 = VECTOR('',#7567,1.);
#7567 = DIRECTION('',(0.,2.2E-16,-1.));
#7568 = ORIENTED_EDGE('',*,*,#7569,.F.);
#7569 = EDGE_CURVE('',#7570,#7562,#7572,.T.);
#7570 = VERTEX_POINT('',#7571);
#7571 = CARTESIAN_POINT('',(-0.649999999952,-2.85,0.649999999982));
#7572 = LINE('',#7573,#7574);
#7573 = CARTESIAN_POINT('',(-0.649999999952,-2.85,0.649999999982));
#7574 = VECTOR('',#7575,1.);
#7575 = DIRECTION('',(1.,0.,0.));
#7576 = ORIENTED_EDGE('',*,*,#7577,.F.);
#7577 = EDGE_CURVE('',#7554,#7570,#7578,.T.);
#7578 = LINE('',#7579,#7580);
#7579 = CARTESIAN_POINT('',(-0.649999999952,-2.85,0.150000000018));
#7580 = VECTOR('',#7581,1.);
#7581 = DIRECTION('',(0.,-2.2E-16,1.));
#7582 = PLANE('',#7583);
#7583 = AXIS2_PLACEMENT_3D('',#7584,#7585,#7586);
#7584 = CARTESIAN_POINT('',(0.,-2.85,2.496271393657));
#7585 = DIRECTION('',(0.,1.,2.2E-16));
#7586 = DIRECTION('',(0.,-2.2E-16,1.));
#7587 = ADVANCED_FACE('',(#7588),#7606,.F.);
#7588 = FACE_BOUND('',#7589,.F.);
#7589 = EDGE_LOOP('',(#7590,#7598,#7604,#7605));
#7590 = ORIENTED_EDGE('',*,*,#7591,.F.);
#7591 = EDGE_CURVE('',#7592,#7228,#7594,.T.);
#7592 = VERTEX_POINT('',#7593);
#7593 = CARTESIAN_POINT('',(1.75,-2.35,-0.75));
#7594 = LINE('',#7595,#7596);
#7595 = CARTESIAN_POINT('',(1.75,-2.35,-0.75));
#7596 = VECTOR('',#7597,1.);
#7597 = DIRECTION('',(0.,0.,1.));
#7598 = ORIENTED_EDGE('',*,*,#7599,.T.);
#7599 = EDGE_CURVE('',#7592,#7477,#7600,.T.);
#7600 = LINE('',#7601,#7602);
#7601 = CARTESIAN_POINT('',(1.75,2.85,-0.75));
#7602 = VECTOR('',#7603,1.);
#7603 = DIRECTION('',(0.,-1.,2.2E-16));
#7604 = ORIENTED_EDGE('',*,*,#7476,.T.);
#7605 = ORIENTED_EDGE('',*,*,#7235,.F.);
#7606 = PLANE('',#7607);
#7607 = AXIS2_PLACEMENT_3D('',#7608,#7609,#7610);
#7608 = CARTESIAN_POINT('',(1.75,2.85,-0.75));
#7609 = DIRECTION('',(-1.,0.,0.));
#7610 = DIRECTION('',(0.,2.2E-16,1.));
#7611 = ADVANCED_FACE('',(#7612,#7758),#7792,.F.);
#7612 = FACE_BOUND('',#7613,.F.);
#7613 = EDGE_LOOP('',(#7614,#7622,#7623,#7624,#7632,#7640,#7648,#7656,
    #7664,#7672,#7680,#7688,#7696,#7704,#7712,#7720,#7728,#7736,#7744,
    #7752));
#7614 = ORIENTED_EDGE('',*,*,#7615,.F.);
#7615 = EDGE_CURVE('',#7592,#7616,#7618,.T.);
#7616 = VERTEX_POINT('',#7617);
#7617 = CARTESIAN_POINT('',(-1.75,-2.35,-0.75));
#7618 = LINE('',#7619,#7620);
#7619 = CARTESIAN_POINT('',(5.9,-2.35,-0.75));
#7620 = VECTOR('',#7621,1.);
#7621 = DIRECTION('',(-1.,-0.,0.));
#7622 = ORIENTED_EDGE('',*,*,#7591,.T.);
#7623 = ORIENTED_EDGE('',*,*,#7227,.T.);
#7624 = ORIENTED_EDGE('',*,*,#7625,.T.);
#7625 = EDGE_CURVE('',#7220,#7626,#7628,.T.);
#7626 = VERTEX_POINT('',#7627);
#7627 = CARTESIAN_POINT('',(5.9,-2.35,4.4));
#7628 = LINE('',#7629,#7630);
#7629 = CARTESIAN_POINT('',(5.9,-2.35,-0.75));
#7630 = VECTOR('',#7631,1.);
#7631 = DIRECTION('',(0.,0.,1.));
#7632 = ORIENTED_EDGE('',*,*,#7633,.T.);
#7633 = EDGE_CURVE('',#7626,#7634,#7636,.T.);
#7634 = VERTEX_POINT('',#7635);
#7635 = CARTESIAN_POINT('',(-0.8,-2.35,4.4));
#7636 = LINE('',#7637,#7638);
#7637 = CARTESIAN_POINT('',(5.9,-2.35,4.4));
#7638 = VECTOR('',#7639,1.);
#7639 = DIRECTION('',(-1.,-0.,0.));
#7640 = ORIENTED_EDGE('',*,*,#7641,.T.);
#7641 = EDGE_CURVE('',#7634,#7642,#7644,.T.);
#7642 = VERTEX_POINT('',#7643);
#7643 = CARTESIAN_POINT('',(-0.8,-2.35,3.6));
#7644 = LINE('',#7645,#7646);
#7645 = CARTESIAN_POINT('',(-0.8,-2.35,4.4));
#7646 = VECTOR('',#7647,1.);
#7647 = DIRECTION('',(0.,0.,-1.));
#7648 = ORIENTED_EDGE('',*,*,#7649,.F.);
#7649 = EDGE_CURVE('',#7650,#7642,#7652,.T.);
#7650 = VERTEX_POINT('',#7651);
#7651 = CARTESIAN_POINT('',(-1.5,-2.35,3.6));
#7652 = LINE('',#7653,#7654);
#7653 = CARTESIAN_POINT('',(-1.5,-2.35,3.6));
#7654 = VECTOR('',#7655,1.);
#7655 = DIRECTION('',(1.,0.,0.));
#7656 = ORIENTED_EDGE('',*,*,#7657,.F.);
#7657 = EDGE_CURVE('',#7658,#7650,#7660,.T.);
#7658 = VERTEX_POINT('',#7659);
#7659 = CARTESIAN_POINT('',(-1.5,-2.35,4.4));
#7660 = LINE('',#7661,#7662);
#7661 = CARTESIAN_POINT('',(-1.5,-2.35,4.4));
#7662 = VECTOR('',#7663,1.);
#7663 = DIRECTION('',(0.,0.,-1.));
#7664 = ORIENTED_EDGE('',*,*,#7665,.T.);
#7665 = EDGE_CURVE('',#7658,#7666,#7668,.T.);
#7666 = VERTEX_POINT('',#7667);
#7667 = CARTESIAN_POINT('',(-2.6,-2.35,4.4));
#7668 = LINE('',#7669,#7670);
#7669 = CARTESIAN_POINT('',(5.9,-2.35,4.4));
#7670 = VECTOR('',#7671,1.);
#7671 = DIRECTION('',(-1.,-0.,0.));
#7672 = ORIENTED_EDGE('',*,*,#7673,.T.);
#7673 = EDGE_CURVE('',#7666,#7674,#7676,.T.);
#7674 = VERTEX_POINT('',#7675);
#7675 = CARTESIAN_POINT('',(-2.6,-2.35,3.6));
#7676 = LINE('',#7677,#7678);
#7677 = CARTESIAN_POINT('',(-2.6,-2.35,4.4));
#7678 = VECTOR('',#7679,1.);
#7679 = DIRECTION('',(0.,0.,-1.));
#7680 = ORIENTED_EDGE('',*,*,#7681,.T.);
#7681 = EDGE_CURVE('',#7674,#7682,#7684,.T.);
#7682 = VERTEX_POINT('',#7683);
#7683 = CARTESIAN_POINT('',(-3.3,-2.35,3.6));
#7684 = LINE('',#7685,#7686);
#7685 = CARTESIAN_POINT('',(-2.6,-2.35,3.6));
#7686 = VECTOR('',#7687,1.);
#7687 = DIRECTION('',(-1.,-0.,0.));
#7688 = ORIENTED_EDGE('',*,*,#7689,.F.);
#7689 = EDGE_CURVE('',#7690,#7682,#7692,.T.);
#7690 = VERTEX_POINT('',#7691);
#7691 = CARTESIAN_POINT('',(-3.3,-2.35,4.4));
#7692 = LINE('',#7693,#7694);
#7693 = CARTESIAN_POINT('',(-3.3,-2.35,4.4));
#7694 = VECTOR('',#7695,1.);
#7695 = DIRECTION('',(0.,0.,-1.));
#7696 = ORIENTED_EDGE('',*,*,#7697,.T.);
#7697 = EDGE_CURVE('',#7690,#7698,#7700,.T.);
#7698 = VERTEX_POINT('',#7699);
#7699 = CARTESIAN_POINT('',(-4.8,-2.35,4.4));
#7700 = LINE('',#7701,#7702);
#7701 = CARTESIAN_POINT('',(5.9,-2.35,4.4));
#7702 = VECTOR('',#7703,1.);
#7703 = DIRECTION('',(-1.,-0.,0.));
#7704 = ORIENTED_EDGE('',*,*,#7705,.T.);
#7705 = EDGE_CURVE('',#7698,#7706,#7708,.T.);
#7706 = VERTEX_POINT('',#7707);
#7707 = CARTESIAN_POINT('',(-4.8,-2.35,3.9));
#7708 = LINE('',#7709,#7710);
#7709 = CARTESIAN_POINT('',(-4.8,-2.35,1.925));
#7710 = VECTOR('',#7711,1.);
#7711 = DIRECTION('',(0.,0.,-1.));
#7712 = ORIENTED_EDGE('',*,*,#7713,.T.);
#7713 = EDGE_CURVE('',#7706,#7714,#7716,.T.);
#7714 = VERTEX_POINT('',#7715);
#7715 = CARTESIAN_POINT('',(-5.5,-2.35,3.9));
#7716 = LINE('',#7717,#7718);
#7717 = CARTESIAN_POINT('',(0.55,-2.35,3.9));
#7718 = VECTOR('',#7719,1.);
#7719 = DIRECTION('',(-1.,-0.,0.));
#7720 = ORIENTED_EDGE('',*,*,#7721,.T.);
#7721 = EDGE_CURVE('',#7714,#7722,#7724,.T.);
#7722 = VERTEX_POINT('',#7723);
#7723 = CARTESIAN_POINT('',(-5.5,-2.35,4.4));
#7724 = LINE('',#7725,#7726);
#7725 = CARTESIAN_POINT('',(-5.5,-2.35,1.575));
#7726 = VECTOR('',#7727,1.);
#7727 = DIRECTION('',(0.,0.,1.));
#7728 = ORIENTED_EDGE('',*,*,#7729,.T.);
#7729 = EDGE_CURVE('',#7722,#7730,#7732,.T.);
#7730 = VERTEX_POINT('',#7731);
#7731 = CARTESIAN_POINT('',(-5.9,-2.35,4.4));
#7732 = LINE('',#7733,#7734);
#7733 = CARTESIAN_POINT('',(5.9,-2.35,4.4));
#7734 = VECTOR('',#7735,1.);
#7735 = DIRECTION('',(-1.,-0.,0.));
#7736 = ORIENTED_EDGE('',*,*,#7737,.F.);
#7737 = EDGE_CURVE('',#7738,#7730,#7740,.T.);
#7738 = VERTEX_POINT('',#7739);
#7739 = CARTESIAN_POINT('',(-5.9,-2.35,1.35));
#7740 = LINE('',#7741,#7742);
#7741 = CARTESIAN_POINT('',(-5.9,-2.35,-0.75));
#7742 = VECTOR('',#7743,1.);
#7743 = DIRECTION('',(0.,0.,1.));
#7744 = ORIENTED_EDGE('',*,*,#7745,.T.);
#7745 = EDGE_CURVE('',#7738,#7746,#7748,.T.);
#7746 = VERTEX_POINT('',#7747);
#7747 = CARTESIAN_POINT('',(-1.75,-2.35,1.35));
#7748 = LINE('',#7749,#7750);
#7749 = CARTESIAN_POINT('',(-0.25,-2.35,1.35));
#7750 = VECTOR('',#7751,1.);
#7751 = DIRECTION('',(1.,0.,0.));
#7752 = ORIENTED_EDGE('',*,*,#7753,.T.);
#7753 = EDGE_CURVE('',#7746,#7616,#7754,.T.);
#7754 = LINE('',#7755,#7756);
#7755 = CARTESIAN_POINT('',(-1.75,-2.35,0.3));
#7756 = VECTOR('',#7757,1.);
#7757 = DIRECTION('',(0.,0.,-1.));
#7758 = FACE_BOUND('',#7759,.F.);
#7759 = EDGE_LOOP('',(#7760,#7770,#7778,#7786));
#7760 = ORIENTED_EDGE('',*,*,#7761,.T.);
#7761 = EDGE_CURVE('',#7762,#7764,#7766,.T.);
#7762 = VERTEX_POINT('',#7763);
#7763 = CARTESIAN_POINT('',(0.649999999952,-2.35,0.649999999982));
#7764 = VERTEX_POINT('',#7765);
#7765 = CARTESIAN_POINT('',(0.649999999952,-2.35,0.150000000018));
#7766 = LINE('',#7767,#7768);
#7767 = CARTESIAN_POINT('',(0.649999999952,-2.35,-5.000000000925E-02));
#7768 = VECTOR('',#7769,1.);
#7769 = DIRECTION('',(0.,0.,-1.));
#7770 = ORIENTED_EDGE('',*,*,#7771,.T.);
#7771 = EDGE_CURVE('',#7764,#7772,#7774,.T.);
#7772 = VERTEX_POINT('',#7773);
#7773 = CARTESIAN_POINT('',(-0.649999999952,-2.35,0.150000000018));
#7774 = LINE('',#7775,#7776);
#7775 = CARTESIAN_POINT('',(3.274999999976,-2.35,0.150000000018));
#7776 = VECTOR('',#7777,1.);
#7777 = DIRECTION('',(-1.,0.,0.));
#7778 = ORIENTED_EDGE('',*,*,#7779,.T.);
#7779 = EDGE_CURVE('',#7772,#7780,#7782,.T.);
#7780 = VERTEX_POINT('',#7781);
#7781 = CARTESIAN_POINT('',(-0.649999999952,-2.35,0.649999999982));
#7782 = LINE('',#7783,#7784);
#7783 = CARTESIAN_POINT('',(-0.649999999952,-2.35,-0.299999999991));
#7784 = VECTOR('',#7785,1.);
#7785 = DIRECTION('',(0.,0.,1.));
#7786 = ORIENTED_EDGE('',*,*,#7787,.T.);
#7787 = EDGE_CURVE('',#7780,#7762,#7788,.T.);
#7788 = LINE('',#7789,#7790);
#7789 = CARTESIAN_POINT('',(2.625000000024,-2.35,0.649999999982));
#7790 = VECTOR('',#7791,1.);
#7791 = DIRECTION('',(1.,0.,0.));
#7792 = PLANE('',#7793);
#7793 = AXIS2_PLACEMENT_3D('',#7794,#7795,#7796);
#7794 = CARTESIAN_POINT('',(5.9,-2.35,-0.75));
#7795 = DIRECTION('',(0.,-1.,0.));
#7796 = DIRECTION('',(-1.,0.,0.));
#7797 = ADVANCED_FACE('',(#7798),#7816,.F.);
#7798 = FACE_BOUND('',#7799,.F.);
#7799 = EDGE_LOOP('',(#7800,#7801,#7809,#7815));
#7800 = ORIENTED_EDGE('',*,*,#7219,.T.);
#7801 = ORIENTED_EDGE('',*,*,#7802,.T.);
#7802 = EDGE_CURVE('',#7212,#7803,#7805,.T.);
#7803 = VERTEX_POINT('',#7804);
#7804 = CARTESIAN_POINT('',(5.9,2.35,4.4));
#7805 = LINE('',#7806,#7807);
#7806 = CARTESIAN_POINT('',(5.9,2.35,-0.75));
#7807 = VECTOR('',#7808,1.);
#7808 = DIRECTION('',(0.,0.,1.));
#7809 = ORIENTED_EDGE('',*,*,#7810,.T.);
#7810 = EDGE_CURVE('',#7803,#7626,#7811,.T.);
#7811 = LINE('',#7812,#7813);
#7812 = CARTESIAN_POINT('',(5.9,2.35,4.4));
#7813 = VECTOR('',#7814,1.);
#7814 = DIRECTION('',(0.,-1.,-2.2E-16));
#7815 = ORIENTED_EDGE('',*,*,#7625,.F.);
#7816 = PLANE('',#7817);
#7817 = AXIS2_PLACEMENT_3D('',#7818,#7819,#7820);
#7818 = CARTESIAN_POINT('',(5.9,2.35,-0.75));
#7819 = DIRECTION('',(1.,0.,0.));
#7820 = DIRECTION('',(0.,-1.,0.));
#7821 = ADVANCED_FACE('',(#7822,#7968),#8002,.F.);
#7822 = FACE_BOUND('',#7823,.F.);
#7823 = EDGE_LOOP('',(#7824,#7834,#7842,#7850,#7858,#7866,#7874,#7882,
    #7890,#7898,#7906,#7914,#7922,#7930,#7938,#7946,#7954,#7960,#7961,
    #7962));
#7824 = ORIENTED_EDGE('',*,*,#7825,.F.);
#7825 = EDGE_CURVE('',#7826,#7828,#7830,.T.);
#7826 = VERTEX_POINT('',#7827);
#7827 = CARTESIAN_POINT('',(-1.75,2.35,-0.75));
#7828 = VERTEX_POINT('',#7829);
#7829 = CARTESIAN_POINT('',(1.75,2.35,-0.75));
#7830 = LINE('',#7831,#7832);
#7831 = CARTESIAN_POINT('',(-5.9,2.35,-0.75));
#7832 = VECTOR('',#7833,1.);
#7833 = DIRECTION('',(1.,0.,0.));
#7834 = ORIENTED_EDGE('',*,*,#7835,.T.);
#7835 = EDGE_CURVE('',#7826,#7836,#7838,.T.);
#7836 = VERTEX_POINT('',#7837);
#7837 = CARTESIAN_POINT('',(-1.75,2.35,1.35));
#7838 = LINE('',#7839,#7840);
#7839 = CARTESIAN_POINT('',(-1.75,2.35,0.3));
#7840 = VECTOR('',#7841,1.);
#7841 = DIRECTION('',(0.,0.,1.));
#7842 = ORIENTED_EDGE('',*,*,#7843,.T.);
#7843 = EDGE_CURVE('',#7836,#7844,#7846,.T.);
#7844 = VERTEX_POINT('',#7845);
#7845 = CARTESIAN_POINT('',(-5.9,2.35,1.35));
#7846 = LINE('',#7847,#7848);
#7847 = CARTESIAN_POINT('',(-6.15,2.35,1.35));
#7848 = VECTOR('',#7849,1.);
#7849 = DIRECTION('',(-1.,0.,0.));
#7850 = ORIENTED_EDGE('',*,*,#7851,.T.);
#7851 = EDGE_CURVE('',#7844,#7852,#7854,.T.);
#7852 = VERTEX_POINT('',#7853);
#7853 = CARTESIAN_POINT('',(-5.9,2.35,4.4));
#7854 = LINE('',#7855,#7856);
#7855 = CARTESIAN_POINT('',(-5.9,2.35,-0.75));
#7856 = VECTOR('',#7857,1.);
#7857 = DIRECTION('',(0.,0.,1.));
#7858 = ORIENTED_EDGE('',*,*,#7859,.T.);
#7859 = EDGE_CURVE('',#7852,#7860,#7862,.T.);
#7860 = VERTEX_POINT('',#7861);
#7861 = CARTESIAN_POINT('',(-5.5,2.35,4.4));
#7862 = LINE('',#7863,#7864);
#7863 = CARTESIAN_POINT('',(-5.9,2.35,4.4));
#7864 = VECTOR('',#7865,1.);
#7865 = DIRECTION('',(1.,0.,0.));
#7866 = ORIENTED_EDGE('',*,*,#7867,.T.);
#7867 = EDGE_CURVE('',#7860,#7868,#7870,.T.);
#7868 = VERTEX_POINT('',#7869);
#7869 = CARTESIAN_POINT('',(-5.5,2.35,3.9));
#7870 = LINE('',#7871,#7872);
#7871 = CARTESIAN_POINT('',(-5.5,2.35,1.575));
#7872 = VECTOR('',#7873,1.);
#7873 = DIRECTION('',(0.,0.,-1.));
#7874 = ORIENTED_EDGE('',*,*,#7875,.T.);
#7875 = EDGE_CURVE('',#7868,#7876,#7878,.T.);
#7876 = VERTEX_POINT('',#7877);
#7877 = CARTESIAN_POINT('',(-4.8,2.35,3.9));
#7878 = LINE('',#7879,#7880);
#7879 = CARTESIAN_POINT('',(-5.35,2.35,3.9));
#7880 = VECTOR('',#7881,1.);
#7881 = DIRECTION('',(1.,0.,0.));
#7882 = ORIENTED_EDGE('',*,*,#7883,.T.);
#7883 = EDGE_CURVE('',#7876,#7884,#7886,.T.);
#7884 = VERTEX_POINT('',#7885);
#7885 = CARTESIAN_POINT('',(-4.8,2.35,4.4));
#7886 = LINE('',#7887,#7888);
#7887 = CARTESIAN_POINT('',(-4.8,2.35,1.925));
#7888 = VECTOR('',#7889,1.);
#7889 = DIRECTION('',(0.,0.,1.));
#7890 = ORIENTED_EDGE('',*,*,#7891,.T.);
#7891 = EDGE_CURVE('',#7884,#7892,#7894,.T.);
#7892 = VERTEX_POINT('',#7893);
#7893 = CARTESIAN_POINT('',(-3.3,2.35,4.4));
#7894 = LINE('',#7895,#7896);
#7895 = CARTESIAN_POINT('',(-5.9,2.35,4.4));
#7896 = VECTOR('',#7897,1.);
#7897 = DIRECTION('',(1.,0.,0.));
#7898 = ORIENTED_EDGE('',*,*,#7899,.T.);
#7899 = EDGE_CURVE('',#7892,#7900,#7902,.T.);
#7900 = VERTEX_POINT('',#7901);
#7901 = CARTESIAN_POINT('',(-3.3,2.35,3.6));
#7902 = LINE('',#7903,#7904);
#7903 = CARTESIAN_POINT('',(-3.3,2.35,4.4));
#7904 = VECTOR('',#7905,1.);
#7905 = DIRECTION('',(0.,0.,-1.));
#7906 = ORIENTED_EDGE('',*,*,#7907,.T.);
#7907 = EDGE_CURVE('',#7900,#7908,#7910,.T.);
#7908 = VERTEX_POINT('',#7909);
#7909 = CARTESIAN_POINT('',(-2.6,2.35,3.6));
#7910 = LINE('',#7911,#7912);
#7911 = CARTESIAN_POINT('',(-3.3,2.35,3.6));
#7912 = VECTOR('',#7913,1.);
#7913 = DIRECTION('',(1.,0.,0.));
#7914 = ORIENTED_EDGE('',*,*,#7915,.F.);
#7915 = EDGE_CURVE('',#7916,#7908,#7918,.T.);
#7916 = VERTEX_POINT('',#7917);
#7917 = CARTESIAN_POINT('',(-2.6,2.35,4.4));
#7918 = LINE('',#7919,#7920);
#7919 = CARTESIAN_POINT('',(-2.6,2.35,4.4));
#7920 = VECTOR('',#7921,1.);
#7921 = DIRECTION('',(0.,0.,-1.));
#7922 = ORIENTED_EDGE('',*,*,#7923,.T.);
#7923 = EDGE_CURVE('',#7916,#7924,#7926,.T.);
#7924 = VERTEX_POINT('',#7925);
#7925 = CARTESIAN_POINT('',(-1.5,2.35,4.4));
#7926 = LINE('',#7927,#7928);
#7927 = CARTESIAN_POINT('',(-5.9,2.35,4.4));
#7928 = VECTOR('',#7929,1.);
#7929 = DIRECTION('',(1.,0.,0.));
#7930 = ORIENTED_EDGE('',*,*,#7931,.T.);
#7931 = EDGE_CURVE('',#7924,#7932,#7934,.T.);
#7932 = VERTEX_POINT('',#7933);
#7933 = CARTESIAN_POINT('',(-1.5,2.35,3.6));
#7934 = LINE('',#7935,#7936);
#7935 = CARTESIAN_POINT('',(-1.5,2.35,4.4));
#7936 = VECTOR('',#7937,1.);
#7937 = DIRECTION('',(0.,0.,-1.));
#7938 = ORIENTED_EDGE('',*,*,#7939,.F.);
#7939 = EDGE_CURVE('',#7940,#7932,#7942,.T.);
#7940 = VERTEX_POINT('',#7941);
#7941 = CARTESIAN_POINT('',(-0.8,2.35,3.6));
#7942 = LINE('',#7943,#7944);
#7943 = CARTESIAN_POINT('',(-0.8,2.35,3.6));
#7944 = VECTOR('',#7945,1.);
#7945 = DIRECTION('',(-1.,-0.,0.));
#7946 = ORIENTED_EDGE('',*,*,#7947,.F.);
#7947 = EDGE_CURVE('',#7948,#7940,#7950,.T.);
#7948 = VERTEX_POINT('',#7949);
#7949 = CARTESIAN_POINT('',(-0.8,2.35,4.4));
#7950 = LINE('',#7951,#7952);
#7951 = CARTESIAN_POINT('',(-0.8,2.35,4.4));
#7952 = VECTOR('',#7953,1.);
#7953 = DIRECTION('',(0.,0.,-1.));
#7954 = ORIENTED_EDGE('',*,*,#7955,.T.);
#7955 = EDGE_CURVE('',#7948,#7803,#7956,.T.);
#7956 = LINE('',#7957,#7958);
#7957 = CARTESIAN_POINT('',(-5.9,2.35,4.4));
#7958 = VECTOR('',#7959,1.);
#7959 = DIRECTION('',(1.,0.,0.));
#7960 = ORIENTED_EDGE('',*,*,#7802,.F.);
#7961 = ORIENTED_EDGE('',*,*,#7211,.T.);
#7962 = ORIENTED_EDGE('',*,*,#7963,.T.);
#7963 = EDGE_CURVE('',#7204,#7828,#7964,.T.);
#7964 = LINE('',#7965,#7966);
#7965 = CARTESIAN_POINT('',(1.75,2.35,-0.75));
#7966 = VECTOR('',#7967,1.);
#7967 = DIRECTION('',(0.,0.,-1.));
#7968 = FACE_BOUND('',#7969,.F.);
#7969 = EDGE_LOOP('',(#7970,#7980,#7988,#7996));
#7970 = ORIENTED_EDGE('',*,*,#7971,.T.);
#7971 = EDGE_CURVE('',#7972,#7974,#7976,.T.);
#7972 = VERTEX_POINT('',#7973);
#7973 = CARTESIAN_POINT('',(-0.649999999952,2.35,0.649999999982));
#7974 = VERTEX_POINT('',#7975);
#7975 = CARTESIAN_POINT('',(-0.649999999952,2.35,0.150000000018));
#7976 = LINE('',#7977,#7978);
#7977 = CARTESIAN_POINT('',(-0.649999999952,2.35,-0.299999999991));
#7978 = VECTOR('',#7979,1.);
#7979 = DIRECTION('',(0.,0.,-1.));
#7980 = ORIENTED_EDGE('',*,*,#7981,.T.);
#7981 = EDGE_CURVE('',#7974,#7982,#7984,.T.);
#7982 = VERTEX_POINT('',#7983);
#7983 = CARTESIAN_POINT('',(0.649999999952,2.35,0.150000000018));
#7984 = LINE('',#7985,#7986);
#7985 = CARTESIAN_POINT('',(-2.625000000024,2.35,0.150000000018));
#7986 = VECTOR('',#7987,1.);
#7987 = DIRECTION('',(1.,0.,0.));
#7988 = ORIENTED_EDGE('',*,*,#7989,.T.);
#7989 = EDGE_CURVE('',#7982,#7990,#7992,.T.);
#7990 = VERTEX_POINT('',#7991);
#7991 = CARTESIAN_POINT('',(0.649999999952,2.35,0.649999999982));
#7992 = LINE('',#7993,#7994);
#7993 = CARTESIAN_POINT('',(0.649999999952,2.35,-5.000000000925E-02));
#7994 = VECTOR('',#7995,1.);
#7995 = DIRECTION('',(0.,0.,1.));
#7996 = ORIENTED_EDGE('',*,*,#7997,.T.);
#7997 = EDGE_CURVE('',#7990,#7972,#7998,.T.);
#7998 = LINE('',#7999,#8000);
#7999 = CARTESIAN_POINT('',(-3.274999999976,2.35,0.649999999982));
#8000 = VECTOR('',#8001,1.);
#8001 = DIRECTION('',(-1.,0.,0.));
#8002 = PLANE('',#8003);
#8003 = AXIS2_PLACEMENT_3D('',#8004,#8005,#8006);
#8004 = CARTESIAN_POINT('',(-5.9,2.35,-0.75));
#8005 = DIRECTION('',(0.,1.,0.));
#8006 = DIRECTION('',(1.,0.,0.));
#8007 = ADVANCED_FACE('',(#8008),#8019,.F.);
#8008 = FACE_BOUND('',#8009,.F.);
#8009 = EDGE_LOOP('',(#8010,#8011,#8017,#8018));
#8010 = ORIENTED_EDGE('',*,*,#7359,.F.);
#8011 = ORIENTED_EDGE('',*,*,#8012,.T.);
#8012 = EDGE_CURVE('',#7360,#7828,#8013,.T.);
#8013 = LINE('',#8014,#8015);
#8014 = CARTESIAN_POINT('',(1.75,2.85,-0.75));
#8015 = VECTOR('',#8016,1.);
#8016 = DIRECTION('',(0.,-1.,2.2E-16));
#8017 = ORIENTED_EDGE('',*,*,#7963,.F.);
#8018 = ORIENTED_EDGE('',*,*,#7203,.F.);
#8019 = PLANE('',#8020);
#8020 = AXIS2_PLACEMENT_3D('',#8021,#8022,#8023);
#8021 = CARTESIAN_POINT('',(1.75,2.85,-0.75));
#8022 = DIRECTION('',(-1.,0.,0.));
#8023 = DIRECTION('',(0.,2.2E-16,1.));
#8024 = ADVANCED_FACE('',(#8025),#8036,.F.);
#8025 = FACE_BOUND('',#8026,.F.);
#8026 = EDGE_LOOP('',(#8027,#8028,#8029,#8035));
#8027 = ORIENTED_EDGE('',*,*,#7267,.T.);
#8028 = ORIENTED_EDGE('',*,*,#7508,.T.);
#8029 = ORIENTED_EDGE('',*,*,#8030,.F.);
#8030 = EDGE_CURVE('',#7384,#7501,#8031,.T.);
#8031 = LINE('',#8032,#8033);
#8032 = CARTESIAN_POINT('',(-6.4,2.85,1.35));
#8033 = VECTOR('',#8034,1.);
#8034 = DIRECTION('',(0.,-1.,2.2E-16));
#8035 = ORIENTED_EDGE('',*,*,#7391,.F.);
#8036 = PLANE('',#8037);
#8037 = AXIS2_PLACEMENT_3D('',#8038,#8039,#8040);
#8038 = CARTESIAN_POINT('',(-6.4,2.85,5.1));
#8039 = DIRECTION('',(1.,0.,0.));
#8040 = DIRECTION('',(0.,-2.2E-16,-1.));
#8041 = ADVANCED_FACE('',(#8042),#8067,.T.);
#8042 = FACE_BOUND('',#8043,.T.);
#8043 = EDGE_LOOP('',(#8044,#8045,#8053,#8061));
#8044 = ORIENTED_EDGE('',*,*,#7283,.F.);
#8045 = ORIENTED_EDGE('',*,*,#8046,.T.);
#8046 = EDGE_CURVE('',#7284,#8047,#8049,.T.);
#8047 = VERTEX_POINT('',#8048);
#8048 = CARTESIAN_POINT('',(-4.75,1.9,4.4));
#8049 = LINE('',#8050,#8051);
#8050 = CARTESIAN_POINT('',(-4.75,1.9,5.1));
#8051 = VECTOR('',#8052,1.);
#8052 = DIRECTION('',(0.,0.,-1.));
#8053 = ORIENTED_EDGE('',*,*,#8054,.T.);
#8054 = EDGE_CURVE('',#8047,#8055,#8057,.T.);
#8055 = VERTEX_POINT('',#8056);
#8056 = CARTESIAN_POINT('',(-4.75,-1.9,4.4));
#8057 = LINE('',#8058,#8059);
#8058 = CARTESIAN_POINT('',(-4.75,0.95,4.4));
#8059 = VECTOR('',#8060,1.);
#8060 = DIRECTION('',(0.,-1.,0.));
#8061 = ORIENTED_EDGE('',*,*,#8062,.F.);
#8062 = EDGE_CURVE('',#7286,#8055,#8063,.T.);
#8063 = LINE('',#8064,#8065);
#8064 = CARTESIAN_POINT('',(-4.75,-1.9,5.1));
#8065 = VECTOR('',#8066,1.);
#8066 = DIRECTION('',(0.,0.,-1.));
#8067 = PLANE('',#8068);
#8068 = AXIS2_PLACEMENT_3D('',#8069,#8070,#8071);
#8069 = CARTESIAN_POINT('',(-4.75,1.9,5.1));
#8070 = DIRECTION('',(-1.,0.,0.));
#8071 = DIRECTION('',(0.,-1.,0.));
#8072 = ADVANCED_FACE('',(#8073),#8123,.T.);
#8073 = FACE_BOUND('',#8074,.T.);
#8074 = EDGE_LOOP('',(#8075,#8076,#8077,#8085,#8093,#8101,#8109,#8117));
#8075 = ORIENTED_EDGE('',*,*,#7309,.F.);
#8076 = ORIENTED_EDGE('',*,*,#8062,.T.);
#8077 = ORIENTED_EDGE('',*,*,#8078,.T.);
#8078 = EDGE_CURVE('',#8055,#8079,#8081,.T.);
#8079 = VERTEX_POINT('',#8080);
#8080 = CARTESIAN_POINT('',(-4.8,-1.9,4.4));
#8081 = LINE('',#8082,#8083);
#8082 = CARTESIAN_POINT('',(-2.375,-1.9,4.4));
#8083 = VECTOR('',#8084,1.);
#8084 = DIRECTION('',(-1.,0.,0.));
#8085 = ORIENTED_EDGE('',*,*,#8086,.T.);
#8086 = EDGE_CURVE('',#8079,#8087,#8089,.T.);
#8087 = VERTEX_POINT('',#8088);
#8088 = CARTESIAN_POINT('',(-4.8,-1.9,4.6));
#8089 = LINE('',#8090,#8091);
#8090 = CARTESIAN_POINT('',(-4.8,-1.9,4.85));
#8091 = VECTOR('',#8092,1.);
#8092 = DIRECTION('',(0.,0.,1.));
#8093 = ORIENTED_EDGE('',*,*,#8094,.T.);
#8094 = EDGE_CURVE('',#8087,#8095,#8097,.T.);
#8095 = VERTEX_POINT('',#8096);
#8096 = CARTESIAN_POINT('',(-5.5,-1.9,4.6));
#8097 = LINE('',#8098,#8099);
#8098 = CARTESIAN_POINT('',(-5.125,-1.9,4.6));
#8099 = VECTOR('',#8100,1.);
#8100 = DIRECTION('',(-1.,-0.,0.));
#8101 = ORIENTED_EDGE('',*,*,#8102,.T.);
#8102 = EDGE_CURVE('',#8095,#8103,#8105,.T.);
#8103 = VERTEX_POINT('',#8104);
#8104 = CARTESIAN_POINT('',(-5.5,-1.9,4.4));
#8105 = LINE('',#8106,#8107);
#8106 = CARTESIAN_POINT('',(-5.5,-1.9,4.5));
#8107 = VECTOR('',#8108,1.);
#8108 = DIRECTION('',(0.,0.,-1.));
#8109 = ORIENTED_EDGE('',*,*,#8110,.T.);
#8110 = EDGE_CURVE('',#8103,#8111,#8113,.T.);
#8111 = VERTEX_POINT('',#8112);
#8112 = CARTESIAN_POINT('',(-5.6,-1.9,4.4));
#8113 = LINE('',#8114,#8115);
#8114 = CARTESIAN_POINT('',(-2.375,-1.9,4.4));
#8115 = VECTOR('',#8116,1.);
#8116 = DIRECTION('',(-1.,0.,0.));
#8117 = ORIENTED_EDGE('',*,*,#8118,.F.);
#8118 = EDGE_CURVE('',#7302,#8111,#8119,.T.);
#8119 = LINE('',#8120,#8121);
#8120 = CARTESIAN_POINT('',(-5.6,-1.9,5.1));
#8121 = VECTOR('',#8122,1.);
#8122 = DIRECTION('',(0.,0.,-1.));
#8123 = PLANE('',#8124);
#8124 = AXIS2_PLACEMENT_3D('',#8125,#8126,#8127);
#8125 = CARTESIAN_POINT('',(-4.75,-1.9,5.1));
#8126 = DIRECTION('',(0.,1.,0.));
#8127 = DIRECTION('',(-1.,0.,0.));
#8128 = ADVANCED_FACE('',(#8129),#8147,.T.);
#8129 = FACE_BOUND('',#8130,.T.);
#8130 = EDGE_LOOP('',(#8131,#8132,#8133,#8141));
#8131 = ORIENTED_EDGE('',*,*,#7301,.F.);
#8132 = ORIENTED_EDGE('',*,*,#8118,.T.);
#8133 = ORIENTED_EDGE('',*,*,#8134,.T.);
#8134 = EDGE_CURVE('',#8111,#8135,#8137,.T.);
#8135 = VERTEX_POINT('',#8136);
#8136 = CARTESIAN_POINT('',(-5.6,1.9,4.4));
#8137 = LINE('',#8138,#8139);
#8138 = CARTESIAN_POINT('',(-5.6,-0.95,4.4));
#8139 = VECTOR('',#8140,1.);
#8140 = DIRECTION('',(0.,1.,0.));
#8141 = ORIENTED_EDGE('',*,*,#8142,.F.);
#8142 = EDGE_CURVE('',#7294,#8135,#8143,.T.);
#8143 = LINE('',#8144,#8145);
#8144 = CARTESIAN_POINT('',(-5.6,1.9,5.1));
#8145 = VECTOR('',#8146,1.);
#8146 = DIRECTION('',(0.,0.,-1.));
#8147 = PLANE('',#8148);
#8148 = AXIS2_PLACEMENT_3D('',#8149,#8150,#8151);
#8149 = CARTESIAN_POINT('',(-5.6,-1.9,5.1));
#8150 = DIRECTION('',(1.,0.,0.));
#8151 = DIRECTION('',(-0.,1.,0.));
#8152 = ADVANCED_FACE('',(#8153),#8196,.T.);
#8153 = FACE_BOUND('',#8154,.T.);
#8154 = EDGE_LOOP('',(#8155,#8156,#8157,#8165,#8173,#8181,#8189,#8195));
#8155 = ORIENTED_EDGE('',*,*,#7293,.F.);
#8156 = ORIENTED_EDGE('',*,*,#8142,.T.);
#8157 = ORIENTED_EDGE('',*,*,#8158,.T.);
#8158 = EDGE_CURVE('',#8135,#8159,#8161,.T.);
#8159 = VERTEX_POINT('',#8160);
#8160 = CARTESIAN_POINT('',(-5.5,1.9,4.4));
#8161 = LINE('',#8162,#8163);
#8162 = CARTESIAN_POINT('',(-2.8,1.9,4.4));
#8163 = VECTOR('',#8164,1.);
#8164 = DIRECTION('',(1.,0.,0.));
#8165 = ORIENTED_EDGE('',*,*,#8166,.T.);
#8166 = EDGE_CURVE('',#8159,#8167,#8169,.T.);
#8167 = VERTEX_POINT('',#8168);
#8168 = CARTESIAN_POINT('',(-5.5,1.9,4.6));
#8169 = LINE('',#8170,#8171);
#8170 = CARTESIAN_POINT('',(-5.5,1.9,4.5));
#8171 = VECTOR('',#8172,1.);
#8172 = DIRECTION('',(0.,0.,1.));
#8173 = ORIENTED_EDGE('',*,*,#8174,.T.);
#8174 = EDGE_CURVE('',#8167,#8175,#8177,.T.);
#8175 = VERTEX_POINT('',#8176);
#8176 = CARTESIAN_POINT('',(-4.8,1.9,4.6));
#8177 = LINE('',#8178,#8179);
#8178 = CARTESIAN_POINT('',(-5.55,1.9,4.6));
#8179 = VECTOR('',#8180,1.);
#8180 = DIRECTION('',(1.,0.,0.));
#8181 = ORIENTED_EDGE('',*,*,#8182,.T.);
#8182 = EDGE_CURVE('',#8175,#8183,#8185,.T.);
#8183 = VERTEX_POINT('',#8184);
#8184 = CARTESIAN_POINT('',(-4.8,1.9,4.4));
#8185 = LINE('',#8186,#8187);
#8186 = CARTESIAN_POINT('',(-4.8,1.9,4.85));
#8187 = VECTOR('',#8188,1.);
#8188 = DIRECTION('',(0.,0.,-1.));
#8189 = ORIENTED_EDGE('',*,*,#8190,.T.);
#8190 = EDGE_CURVE('',#8183,#8047,#8191,.T.);
#8191 = LINE('',#8192,#8193);
#8192 = CARTESIAN_POINT('',(-2.8,1.9,4.4));
#8193 = VECTOR('',#8194,1.);
#8194 = DIRECTION('',(1.,0.,0.));
#8195 = ORIENTED_EDGE('',*,*,#8046,.F.);
#8196 = PLANE('',#8197);
#8197 = AXIS2_PLACEMENT_3D('',#8198,#8199,#8200);
#8198 = CARTESIAN_POINT('',(-5.6,1.9,5.1));
#8199 = DIRECTION('',(0.,-1.,0.));
#8200 = DIRECTION('',(1.,0.,0.));
#8201 = ADVANCED_FACE('',(#8202),#8227,.T.);
#8202 = FACE_BOUND('',#8203,.T.);
#8203 = EDGE_LOOP('',(#8204,#8205,#8213,#8221));
#8204 = ORIENTED_EDGE('',*,*,#7317,.F.);
#8205 = ORIENTED_EDGE('',*,*,#8206,.T.);
#8206 = EDGE_CURVE('',#7318,#8207,#8209,.T.);
#8207 = VERTEX_POINT('',#8208);
#8208 = CARTESIAN_POINT('',(-1.5,1.5,4.4));
#8209 = LINE('',#8210,#8211);
#8210 = CARTESIAN_POINT('',(-1.5,1.5,5.1));
#8211 = VECTOR('',#8212,1.);
#8212 = DIRECTION('',(0.,0.,-1.));
#8213 = ORIENTED_EDGE('',*,*,#8214,.T.);
#8214 = EDGE_CURVE('',#8207,#8215,#8217,.T.);
#8215 = VERTEX_POINT('',#8216);
#8216 = CARTESIAN_POINT('',(-1.5,-1.5,4.4));
#8217 = LINE('',#8218,#8219);
#8218 = CARTESIAN_POINT('',(-1.5,0.75,4.4));
#8219 = VECTOR('',#8220,1.);
#8220 = DIRECTION('',(0.,-1.,0.));
#8221 = ORIENTED_EDGE('',*,*,#8222,.F.);
#8222 = EDGE_CURVE('',#7320,#8215,#8223,.T.);
#8223 = LINE('',#8224,#8225);
#8224 = CARTESIAN_POINT('',(-1.5,-1.5,5.1));
#8225 = VECTOR('',#8226,1.);
#8226 = DIRECTION('',(0.,0.,-1.));
#8227 = PLANE('',#8228);
#8228 = AXIS2_PLACEMENT_3D('',#8229,#8230,#8231);
#8229 = CARTESIAN_POINT('',(-1.5,1.5,5.1));
#8230 = DIRECTION('',(-1.,0.,0.));
#8231 = DIRECTION('',(0.,-1.,0.));
#8232 = ADVANCED_FACE('',(#8233),#8251,.T.);
#8233 = FACE_BOUND('',#8234,.T.);
#8234 = EDGE_LOOP('',(#8235,#8236,#8244,#8250));
#8235 = ORIENTED_EDGE('',*,*,#7327,.F.);
#8236 = ORIENTED_EDGE('',*,*,#8237,.T.);
#8237 = EDGE_CURVE('',#7328,#8238,#8240,.T.);
#8238 = VERTEX_POINT('',#8239);
#8239 = CARTESIAN_POINT('',(-2.6,1.5,4.4));
#8240 = LINE('',#8241,#8242);
#8241 = CARTESIAN_POINT('',(-2.6,1.5,5.1));
#8242 = VECTOR('',#8243,1.);
#8243 = DIRECTION('',(0.,0.,-1.));
#8244 = ORIENTED_EDGE('',*,*,#8245,.T.);
#8245 = EDGE_CURVE('',#8238,#8207,#8246,.T.);
#8246 = LINE('',#8247,#8248);
#8247 = CARTESIAN_POINT('',(-1.3,1.5,4.4));
#8248 = VECTOR('',#8249,1.);
#8249 = DIRECTION('',(1.,0.,0.));
#8250 = ORIENTED_EDGE('',*,*,#8206,.F.);
#8251 = PLANE('',#8252);
#8252 = AXIS2_PLACEMENT_3D('',#8253,#8254,#8255);
#8253 = CARTESIAN_POINT('',(-2.6,1.5,5.1));
#8254 = DIRECTION('',(0.,-1.,0.));
#8255 = DIRECTION('',(1.,0.,0.));
#8256 = ADVANCED_FACE('',(#8257),#8275,.T.);
#8257 = FACE_BOUND('',#8258,.T.);
#8258 = EDGE_LOOP('',(#8259,#8260,#8261,#8269));
#8259 = ORIENTED_EDGE('',*,*,#7343,.F.);
#8260 = ORIENTED_EDGE('',*,*,#8222,.T.);
#8261 = ORIENTED_EDGE('',*,*,#8262,.T.);
#8262 = EDGE_CURVE('',#8215,#8263,#8265,.T.);
#8263 = VERTEX_POINT('',#8264);
#8264 = CARTESIAN_POINT('',(-2.6,-1.5,4.4));
#8265 = LINE('',#8266,#8267);
#8266 = CARTESIAN_POINT('',(-0.75,-1.5,4.4));
#8267 = VECTOR('',#8268,1.);
#8268 = DIRECTION('',(-1.,0.,0.));
#8269 = ORIENTED_EDGE('',*,*,#8270,.F.);
#8270 = EDGE_CURVE('',#7336,#8263,#8271,.T.);
#8271 = LINE('',#8272,#8273);
#8272 = CARTESIAN_POINT('',(-2.6,-1.5,5.1));
#8273 = VECTOR('',#8274,1.);
#8274 = DIRECTION('',(0.,0.,-1.));
#8275 = PLANE('',#8276);
#8276 = AXIS2_PLACEMENT_3D('',#8277,#8278,#8279);
#8277 = CARTESIAN_POINT('',(-1.5,-1.5,5.1));
#8278 = DIRECTION('',(0.,1.,0.));
#8279 = DIRECTION('',(-1.,0.,0.));
#8280 = ADVANCED_FACE('',(#8281),#8292,.T.);
#8281 = FACE_BOUND('',#8282,.T.);
#8282 = EDGE_LOOP('',(#8283,#8284,#8285,#8291));
#8283 = ORIENTED_EDGE('',*,*,#7335,.F.);
#8284 = ORIENTED_EDGE('',*,*,#8270,.T.);
#8285 = ORIENTED_EDGE('',*,*,#8286,.T.);
#8286 = EDGE_CURVE('',#8263,#8238,#8287,.T.);
#8287 = LINE('',#8288,#8289);
#8288 = CARTESIAN_POINT('',(-2.6,-0.75,4.4));
#8289 = VECTOR('',#8290,1.);
#8290 = DIRECTION('',(0.,1.,0.));
#8291 = ORIENTED_EDGE('',*,*,#8237,.F.);
#8292 = PLANE('',#8293);
#8293 = AXIS2_PLACEMENT_3D('',#8294,#8295,#8296);
#8294 = CARTESIAN_POINT('',(-2.6,-1.5,5.1));
#8295 = DIRECTION('',(1.,0.,0.));
#8296 = DIRECTION('',(-0.,1.,0.));
#8297 = ADVANCED_FACE('',(#8298),#8309,.F.);
#8298 = FACE_BOUND('',#8299,.F.);
#8299 = EDGE_LOOP('',(#8300,#8301,#8307,#8308));
#8300 = ORIENTED_EDGE('',*,*,#7367,.F.);
#8301 = ORIENTED_EDGE('',*,*,#8302,.T.);
#8302 = EDGE_CURVE('',#7368,#7826,#8303,.T.);
#8303 = LINE('',#8304,#8305);
#8304 = CARTESIAN_POINT('',(-1.75,2.85,-0.75));
#8305 = VECTOR('',#8306,1.);
#8306 = DIRECTION('',(0.,-1.,2.2E-16));
#8307 = ORIENTED_EDGE('',*,*,#7825,.T.);
#8308 = ORIENTED_EDGE('',*,*,#8012,.F.);
#8309 = PLANE('',#8310);
#8310 = AXIS2_PLACEMENT_3D('',#8311,#8312,#8313);
#8311 = CARTESIAN_POINT('',(-1.75,2.85,-0.75));
#8312 = DIRECTION('',(0.,2.2E-16,1.));
#8313 = DIRECTION('',(1.,0.,-0.));
#8314 = ADVANCED_FACE('',(#8315),#8340,.F.);
#8315 = FACE_BOUND('',#8316,.F.);
#8316 = EDGE_LOOP('',(#8317,#8318,#8319,#8320,#8326,#8327,#8333,#8334));
#8317 = ORIENTED_EDGE('',*,*,#7383,.F.);
#8318 = ORIENTED_EDGE('',*,*,#8030,.T.);
#8319 = ORIENTED_EDGE('',*,*,#7500,.T.);
#8320 = ORIENTED_EDGE('',*,*,#8321,.F.);
#8321 = EDGE_CURVE('',#7746,#7493,#8322,.T.);
#8322 = LINE('',#8323,#8324);
#8323 = CARTESIAN_POINT('',(-1.75,2.85,1.35));
#8324 = VECTOR('',#8325,1.);
#8325 = DIRECTION('',(0.,-1.,2.2E-16));
#8326 = ORIENTED_EDGE('',*,*,#7745,.F.);
#8327 = ORIENTED_EDGE('',*,*,#8328,.F.);
#8328 = EDGE_CURVE('',#7844,#7738,#8329,.T.);
#8329 = LINE('',#8330,#8331);
#8330 = CARTESIAN_POINT('',(-5.9,0.25,1.35));
#8331 = VECTOR('',#8332,1.);
#8332 = DIRECTION('',(0.,-1.,2.2E-16));
#8333 = ORIENTED_EDGE('',*,*,#7843,.F.);
#8334 = ORIENTED_EDGE('',*,*,#8335,.F.);
#8335 = EDGE_CURVE('',#7376,#7836,#8336,.T.);
#8336 = LINE('',#8337,#8338);
#8337 = CARTESIAN_POINT('',(-1.75,2.85,1.35));
#8338 = VECTOR('',#8339,1.);
#8339 = DIRECTION('',(0.,-1.,2.2E-16));
#8340 = PLANE('',#8341);
#8341 = AXIS2_PLACEMENT_3D('',#8342,#8343,#8344);
#8342 = CARTESIAN_POINT('',(-6.4,2.85,1.35));
#8343 = DIRECTION('',(0.,2.2E-16,1.));
#8344 = DIRECTION('',(1.,0.,-0.));
#8345 = ADVANCED_FACE('',(#8346),#8352,.F.);
#8346 = FACE_BOUND('',#8347,.F.);
#8347 = EDGE_LOOP('',(#8348,#8349,#8350,#8351));
#8348 = ORIENTED_EDGE('',*,*,#7375,.F.);
#8349 = ORIENTED_EDGE('',*,*,#8335,.T.);
#8350 = ORIENTED_EDGE('',*,*,#7835,.F.);
#8351 = ORIENTED_EDGE('',*,*,#8302,.F.);
#8352 = PLANE('',#8353);
#8353 = AXIS2_PLACEMENT_3D('',#8354,#8355,#8356);
#8354 = CARTESIAN_POINT('',(-1.75,2.85,1.35));
#8355 = DIRECTION('',(1.,0.,0.));
#8356 = DIRECTION('',(0.,-2.2E-16,-1.));
#8357 = ADVANCED_FACE('',(#8358),#8381,.T.);
#8358 = FACE_BOUND('',#8359,.T.);
#8359 = EDGE_LOOP('',(#8360,#8361,#8367,#8368,#8374,#8375));
#8360 = ORIENTED_EDGE('',*,*,#8182,.F.);
#8361 = ORIENTED_EDGE('',*,*,#8362,.T.);
#8362 = EDGE_CURVE('',#8175,#7403,#8363,.T.);
#8363 = LINE('',#8364,#8365);
#8364 = CARTESIAN_POINT('',(-4.8,-2.85,4.6));
#8365 = VECTOR('',#8366,1.);
#8366 = DIRECTION('',(0.,1.,-2.2E-16));
#8367 = ORIENTED_EDGE('',*,*,#7400,.F.);
#8368 = ORIENTED_EDGE('',*,*,#8369,.F.);
#8369 = EDGE_CURVE('',#7876,#7401,#8370,.T.);
#8370 = LINE('',#8371,#8372);
#8371 = CARTESIAN_POINT('',(-4.8,-2.85,3.9));
#8372 = VECTOR('',#8373,1.);
#8373 = DIRECTION('',(0.,1.,-2.2E-16));
#8374 = ORIENTED_EDGE('',*,*,#7883,.T.);
#8375 = ORIENTED_EDGE('',*,*,#8376,.T.);
#8376 = EDGE_CURVE('',#7884,#8183,#8377,.T.);
#8377 = LINE('',#8378,#8379);
#8378 = CARTESIAN_POINT('',(-4.8,-1.425,4.4));
#8379 = VECTOR('',#8380,1.);
#8380 = DIRECTION('',(0.,-1.,0.));
#8381 = PLANE('',#8382);
#8382 = AXIS2_PLACEMENT_3D('',#8383,#8384,#8385);
#8383 = CARTESIAN_POINT('',(-4.8,-2.85,4.6));
#8384 = DIRECTION('',(-1.,0.,-0.));
#8385 = DIRECTION('',(0.,-2.2E-16,-1.));
#8386 = ADVANCED_FACE('',(#8387),#8398,.T.);
#8387 = FACE_BOUND('',#8388,.T.);
#8388 = EDGE_LOOP('',(#8389,#8390,#8391,#8392));
#8389 = ORIENTED_EDGE('',*,*,#7875,.T.);
#8390 = ORIENTED_EDGE('',*,*,#8369,.T.);
#8391 = ORIENTED_EDGE('',*,*,#7426,.F.);
#8392 = ORIENTED_EDGE('',*,*,#8393,.F.);
#8393 = EDGE_CURVE('',#7868,#7419,#8394,.T.);
#8394 = LINE('',#8395,#8396);
#8395 = CARTESIAN_POINT('',(-5.5,-2.85,3.9));
#8396 = VECTOR('',#8397,1.);
#8397 = DIRECTION('',(0.,1.,-2.2E-16));
#8398 = PLANE('',#8399);
#8399 = AXIS2_PLACEMENT_3D('',#8400,#8401,#8402);
#8400 = CARTESIAN_POINT('',(-4.8,-2.85,3.9));
#8401 = DIRECTION('',(0.,2.2E-16,1.));
#8402 = DIRECTION('',(-1.,0.,0.));
#8403 = ADVANCED_FACE('',(#8404),#8422,.T.);
#8404 = FACE_BOUND('',#8405,.T.);
#8405 = EDGE_LOOP('',(#8406,#8407,#8408,#8409,#8415,#8416));
#8406 = ORIENTED_EDGE('',*,*,#7867,.T.);
#8407 = ORIENTED_EDGE('',*,*,#8393,.T.);
#8408 = ORIENTED_EDGE('',*,*,#7418,.F.);
#8409 = ORIENTED_EDGE('',*,*,#8410,.F.);
#8410 = EDGE_CURVE('',#8167,#7411,#8411,.T.);
#8411 = LINE('',#8412,#8413);
#8412 = CARTESIAN_POINT('',(-5.5,-2.85,4.6));
#8413 = VECTOR('',#8414,1.);
#8414 = DIRECTION('',(0.,1.,-2.2E-16));
#8415 = ORIENTED_EDGE('',*,*,#8166,.F.);
#8416 = ORIENTED_EDGE('',*,*,#8417,.T.);
#8417 = EDGE_CURVE('',#8159,#7860,#8418,.T.);
#8418 = LINE('',#8419,#8420);
#8419 = CARTESIAN_POINT('',(-5.5,-1.425,4.4));
#8420 = VECTOR('',#8421,1.);
#8421 = DIRECTION('',(0.,1.,0.));
#8422 = PLANE('',#8423);
#8423 = AXIS2_PLACEMENT_3D('',#8424,#8425,#8426);
#8424 = CARTESIAN_POINT('',(-5.5,-2.85,3.9));
#8425 = DIRECTION('',(1.,0.,0.));
#8426 = DIRECTION('',(-0.,2.2E-16,1.));
#8427 = ADVANCED_FACE('',(#8428),#8434,.T.);
#8428 = FACE_BOUND('',#8429,.T.);
#8429 = EDGE_LOOP('',(#8430,#8431,#8432,#8433));
#8430 = ORIENTED_EDGE('',*,*,#8174,.F.);
#8431 = ORIENTED_EDGE('',*,*,#8410,.T.);
#8432 = ORIENTED_EDGE('',*,*,#7410,.F.);
#8433 = ORIENTED_EDGE('',*,*,#8362,.F.);
#8434 = PLANE('',#8435);
#8435 = AXIS2_PLACEMENT_3D('',#8436,#8437,#8438);
#8436 = CARTESIAN_POINT('',(-5.5,-2.85,4.6));
#8437 = DIRECTION('',(0.,-2.2E-16,-1.));
#8438 = DIRECTION('',(1.,0.,0.));
#8439 = ADVANCED_FACE('',(#8440),#8456,.F.);
#8440 = FACE_BOUND('',#8441,.F.);
#8441 = EDGE_LOOP('',(#8442,#8443,#8449,#8450));
#8442 = ORIENTED_EDGE('',*,*,#7434,.F.);
#8443 = ORIENTED_EDGE('',*,*,#8444,.T.);
#8444 = EDGE_CURVE('',#7435,#7982,#8445,.T.);
#8445 = LINE('',#8446,#8447);
#8446 = CARTESIAN_POINT('',(0.649999999952,2.85,0.150000000018));
#8447 = VECTOR('',#8448,1.);
#8448 = DIRECTION('',(0.,-1.,2.2E-16));
#8449 = ORIENTED_EDGE('',*,*,#7981,.F.);
#8450 = ORIENTED_EDGE('',*,*,#8451,.F.);
#8451 = EDGE_CURVE('',#7437,#7974,#8452,.T.);
#8452 = LINE('',#8453,#8454);
#8453 = CARTESIAN_POINT('',(-0.649999999952,2.85,0.150000000018));
#8454 = VECTOR('',#8455,1.);
#8455 = DIRECTION('',(0.,-1.,2.2E-16));
#8456 = PLANE('',#8457);
#8457 = AXIS2_PLACEMENT_3D('',#8458,#8459,#8460);
#8458 = CARTESIAN_POINT('',(0.649999999952,2.85,0.150000000018));
#8459 = DIRECTION('',(0.,-2.2E-16,-1.));
#8460 = DIRECTION('',(-1.,-0.,0.));
#8461 = ADVANCED_FACE('',(#8462),#8473,.F.);
#8462 = FACE_BOUND('',#8463,.F.);
#8463 = EDGE_LOOP('',(#8464,#8465,#8471,#8472));
#8464 = ORIENTED_EDGE('',*,*,#7444,.F.);
#8465 = ORIENTED_EDGE('',*,*,#8466,.T.);
#8466 = EDGE_CURVE('',#7445,#7990,#8467,.T.);
#8467 = LINE('',#8468,#8469);
#8468 = CARTESIAN_POINT('',(0.649999999952,2.85,0.649999999982));
#8469 = VECTOR('',#8470,1.);
#8470 = DIRECTION('',(0.,-1.,2.2E-16));
#8471 = ORIENTED_EDGE('',*,*,#7989,.F.);
#8472 = ORIENTED_EDGE('',*,*,#8444,.F.);
#8473 = PLANE('',#8474);
#8474 = AXIS2_PLACEMENT_3D('',#8475,#8476,#8477);
#8475 = CARTESIAN_POINT('',(0.649999999952,2.85,0.649999999982));
#8476 = DIRECTION('',(1.,0.,0.));
#8477 = DIRECTION('',(0.,-2.2E-16,-1.));
#8478 = ADVANCED_FACE('',(#8479),#8490,.F.);
#8479 = FACE_BOUND('',#8480,.F.);
#8480 = EDGE_LOOP('',(#8481,#8482,#8483,#8484));
#8481 = ORIENTED_EDGE('',*,*,#7460,.F.);
#8482 = ORIENTED_EDGE('',*,*,#8451,.T.);
#8483 = ORIENTED_EDGE('',*,*,#7971,.F.);
#8484 = ORIENTED_EDGE('',*,*,#8485,.F.);
#8485 = EDGE_CURVE('',#7453,#7972,#8486,.T.);
#8486 = LINE('',#8487,#8488);
#8487 = CARTESIAN_POINT('',(-0.649999999952,2.85,0.649999999982));
#8488 = VECTOR('',#8489,1.);
#8489 = DIRECTION('',(0.,-1.,2.2E-16));
#8490 = PLANE('',#8491);
#8491 = AXIS2_PLACEMENT_3D('',#8492,#8493,#8494);
#8492 = CARTESIAN_POINT('',(-0.649999999952,2.85,0.150000000018));
#8493 = DIRECTION('',(-1.,0.,0.));
#8494 = DIRECTION('',(0.,2.2E-16,1.));
#8495 = ADVANCED_FACE('',(#8496),#8502,.F.);
#8496 = FACE_BOUND('',#8497,.F.);
#8497 = EDGE_LOOP('',(#8498,#8499,#8500,#8501));
#8498 = ORIENTED_EDGE('',*,*,#7452,.F.);
#8499 = ORIENTED_EDGE('',*,*,#8485,.T.);
#8500 = ORIENTED_EDGE('',*,*,#7997,.F.);
#8501 = ORIENTED_EDGE('',*,*,#8466,.F.);
#8502 = PLANE('',#8503);
#8503 = AXIS2_PLACEMENT_3D('',#8504,#8505,#8506);
#8504 = CARTESIAN_POINT('',(-0.649999999952,2.85,0.649999999982));
#8505 = DIRECTION('',(0.,2.2E-16,1.));
#8506 = DIRECTION('',(1.,0.,-0.));
#8507 = ADVANCED_FACE('',(#8508),#8519,.F.);
#8508 = FACE_BOUND('',#8509,.F.);
#8509 = EDGE_LOOP('',(#8510,#8511,#8517,#8518));
#8510 = ORIENTED_EDGE('',*,*,#7615,.T.);
#8511 = ORIENTED_EDGE('',*,*,#8512,.T.);
#8512 = EDGE_CURVE('',#7616,#7485,#8513,.T.);
#8513 = LINE('',#8514,#8515);
#8514 = CARTESIAN_POINT('',(-1.75,2.85,-0.75));
#8515 = VECTOR('',#8516,1.);
#8516 = DIRECTION('',(0.,-1.,2.2E-16));
#8517 = ORIENTED_EDGE('',*,*,#7484,.T.);
#8518 = ORIENTED_EDGE('',*,*,#7599,.F.);
#8519 = PLANE('',#8520);
#8520 = AXIS2_PLACEMENT_3D('',#8521,#8522,#8523);
#8521 = CARTESIAN_POINT('',(-1.75,2.85,-0.75));
#8522 = DIRECTION('',(0.,2.2E-16,1.));
#8523 = DIRECTION('',(1.,0.,-0.));
#8524 = ADVANCED_FACE('',(#8525),#8531,.F.);
#8525 = FACE_BOUND('',#8526,.F.);
#8526 = EDGE_LOOP('',(#8527,#8528,#8529,#8530));
#8527 = ORIENTED_EDGE('',*,*,#7753,.F.);
#8528 = ORIENTED_EDGE('',*,*,#8321,.T.);
#8529 = ORIENTED_EDGE('',*,*,#7492,.T.);
#8530 = ORIENTED_EDGE('',*,*,#8512,.F.);
#8531 = PLANE('',#8532);
#8532 = AXIS2_PLACEMENT_3D('',#8533,#8534,#8535);
#8533 = CARTESIAN_POINT('',(-1.75,2.85,1.35));
#8534 = DIRECTION('',(1.,0.,0.));
#8535 = DIRECTION('',(0.,-2.2E-16,-1.));
#8536 = ADVANCED_FACE('',(#8537),#8553,.T.);
#8537 = FACE_BOUND('',#8538,.T.);
#8538 = EDGE_LOOP('',(#8539,#8540,#8546,#8547));
#8539 = ORIENTED_EDGE('',*,*,#7517,.F.);
#8540 = ORIENTED_EDGE('',*,*,#8541,.T.);
#8541 = EDGE_CURVE('',#7518,#8095,#8542,.T.);
#8542 = LINE('',#8543,#8544);
#8543 = CARTESIAN_POINT('',(-5.5,-2.85,4.6));
#8544 = VECTOR('',#8545,1.);
#8545 = DIRECTION('',(0.,1.,-2.2E-16));
#8546 = ORIENTED_EDGE('',*,*,#8094,.F.);
#8547 = ORIENTED_EDGE('',*,*,#8548,.F.);
#8548 = EDGE_CURVE('',#7520,#8087,#8549,.T.);
#8549 = LINE('',#8550,#8551);
#8550 = CARTESIAN_POINT('',(-4.8,-2.85,4.6));
#8551 = VECTOR('',#8552,1.);
#8552 = DIRECTION('',(0.,1.,-2.2E-16));
#8553 = PLANE('',#8554);
#8554 = AXIS2_PLACEMENT_3D('',#8555,#8556,#8557);
#8555 = CARTESIAN_POINT('',(-5.5,-2.85,4.6));
#8556 = DIRECTION('',(0.,-2.2E-16,-1.));
#8557 = DIRECTION('',(1.,0.,0.));
#8558 = ADVANCED_FACE('',(#8559),#8577,.T.);
#8559 = FACE_BOUND('',#8560,.T.);
#8560 = EDGE_LOOP('',(#8561,#8562,#8563,#8564,#8570,#8571));
#8561 = ORIENTED_EDGE('',*,*,#7543,.F.);
#8562 = ORIENTED_EDGE('',*,*,#8548,.T.);
#8563 = ORIENTED_EDGE('',*,*,#8086,.F.);
#8564 = ORIENTED_EDGE('',*,*,#8565,.T.);
#8565 = EDGE_CURVE('',#8079,#7698,#8566,.T.);
#8566 = LINE('',#8567,#8568);
#8567 = CARTESIAN_POINT('',(-4.8,-1.425,4.4));
#8568 = VECTOR('',#8569,1.);
#8569 = DIRECTION('',(0.,-1.,0.));
#8570 = ORIENTED_EDGE('',*,*,#7705,.T.);
#8571 = ORIENTED_EDGE('',*,*,#8572,.F.);
#8572 = EDGE_CURVE('',#7536,#7706,#8573,.T.);
#8573 = LINE('',#8574,#8575);
#8574 = CARTESIAN_POINT('',(-4.8,-2.85,3.9));
#8575 = VECTOR('',#8576,1.);
#8576 = DIRECTION('',(0.,1.,-2.2E-16));
#8577 = PLANE('',#8578);
#8578 = AXIS2_PLACEMENT_3D('',#8579,#8580,#8581);
#8579 = CARTESIAN_POINT('',(-4.8,-2.85,4.6));
#8580 = DIRECTION('',(-1.,0.,-0.));
#8581 = DIRECTION('',(0.,-2.2E-16,-1.));
#8582 = ADVANCED_FACE('',(#8583),#8594,.T.);
#8583 = FACE_BOUND('',#8584,.T.);
#8584 = EDGE_LOOP('',(#8585,#8586,#8587,#8588));
#8585 = ORIENTED_EDGE('',*,*,#7535,.F.);
#8586 = ORIENTED_EDGE('',*,*,#8572,.T.);
#8587 = ORIENTED_EDGE('',*,*,#7713,.T.);
#8588 = ORIENTED_EDGE('',*,*,#8589,.F.);
#8589 = EDGE_CURVE('',#7528,#7714,#8590,.T.);
#8590 = LINE('',#8591,#8592);
#8591 = CARTESIAN_POINT('',(-5.5,-2.85,3.9));
#8592 = VECTOR('',#8593,1.);
#8593 = DIRECTION('',(0.,1.,-2.2E-16));
#8594 = PLANE('',#8595);
#8595 = AXIS2_PLACEMENT_3D('',#8596,#8597,#8598);
#8596 = CARTESIAN_POINT('',(-4.8,-2.85,3.9));
#8597 = DIRECTION('',(0.,2.2E-16,1.));
#8598 = DIRECTION('',(-1.,0.,0.));
#8599 = ADVANCED_FACE('',(#8600),#8613,.T.);
#8600 = FACE_BOUND('',#8601,.T.);
#8601 = EDGE_LOOP('',(#8602,#8603,#8604,#8605,#8611,#8612));
#8602 = ORIENTED_EDGE('',*,*,#7527,.F.);
#8603 = ORIENTED_EDGE('',*,*,#8589,.T.);
#8604 = ORIENTED_EDGE('',*,*,#7721,.T.);
#8605 = ORIENTED_EDGE('',*,*,#8606,.T.);
#8606 = EDGE_CURVE('',#7722,#8103,#8607,.T.);
#8607 = LINE('',#8608,#8609);
#8608 = CARTESIAN_POINT('',(-5.5,-1.425,4.4));
#8609 = VECTOR('',#8610,1.);
#8610 = DIRECTION('',(0.,1.,0.));
#8611 = ORIENTED_EDGE('',*,*,#8102,.F.);
#8612 = ORIENTED_EDGE('',*,*,#8541,.F.);
#8613 = PLANE('',#8614);
#8614 = AXIS2_PLACEMENT_3D('',#8615,#8616,#8617);
#8615 = CARTESIAN_POINT('',(-5.5,-2.85,3.9));
#8616 = DIRECTION('',(1.,0.,0.));
#8617 = DIRECTION('',(-0.,2.2E-16,1.));
#8618 = ADVANCED_FACE('',(#8619),#8635,.F.);
#8619 = FACE_BOUND('',#8620,.F.);
#8620 = EDGE_LOOP('',(#8621,#8622,#8628,#8629));
#8621 = ORIENTED_EDGE('',*,*,#7771,.F.);
#8622 = ORIENTED_EDGE('',*,*,#8623,.T.);
#8623 = EDGE_CURVE('',#7764,#7552,#8624,.T.);
#8624 = LINE('',#8625,#8626);
#8625 = CARTESIAN_POINT('',(0.649999999952,2.85,0.150000000018));
#8626 = VECTOR('',#8627,1.);
#8627 = DIRECTION('',(0.,-1.,2.2E-16));
#8628 = ORIENTED_EDGE('',*,*,#7551,.T.);
#8629 = ORIENTED_EDGE('',*,*,#8630,.F.);
#8630 = EDGE_CURVE('',#7772,#7554,#8631,.T.);
#8631 = LINE('',#8632,#8633);
#8632 = CARTESIAN_POINT('',(-0.649999999952,2.85,0.150000000018));
#8633 = VECTOR('',#8634,1.);
#8634 = DIRECTION('',(0.,-1.,2.2E-16));
#8635 = PLANE('',#8636);
#8636 = AXIS2_PLACEMENT_3D('',#8637,#8638,#8639);
#8637 = CARTESIAN_POINT('',(0.649999999952,2.85,0.150000000018));
#8638 = DIRECTION('',(0.,-2.2E-16,-1.));
#8639 = DIRECTION('',(-1.,-0.,0.));
#8640 = ADVANCED_FACE('',(#8641),#8652,.F.);
#8641 = FACE_BOUND('',#8642,.F.);
#8642 = EDGE_LOOP('',(#8643,#8644,#8650,#8651));
#8643 = ORIENTED_EDGE('',*,*,#7761,.F.);
#8644 = ORIENTED_EDGE('',*,*,#8645,.T.);
#8645 = EDGE_CURVE('',#7762,#7562,#8646,.T.);
#8646 = LINE('',#8647,#8648);
#8647 = CARTESIAN_POINT('',(0.649999999952,2.85,0.649999999982));
#8648 = VECTOR('',#8649,1.);
#8649 = DIRECTION('',(0.,-1.,2.2E-16));
#8650 = ORIENTED_EDGE('',*,*,#7561,.T.);
#8651 = ORIENTED_EDGE('',*,*,#8623,.F.);
#8652 = PLANE('',#8653);
#8653 = AXIS2_PLACEMENT_3D('',#8654,#8655,#8656);
#8654 = CARTESIAN_POINT('',(0.649999999952,2.85,0.649999999982));
#8655 = DIRECTION('',(1.,0.,0.));
#8656 = DIRECTION('',(0.,-2.2E-16,-1.));
#8657 = ADVANCED_FACE('',(#8658),#8669,.F.);
#8658 = FACE_BOUND('',#8659,.F.);
#8659 = EDGE_LOOP('',(#8660,#8661,#8662,#8663));
#8660 = ORIENTED_EDGE('',*,*,#7779,.F.);
#8661 = ORIENTED_EDGE('',*,*,#8630,.T.);
#8662 = ORIENTED_EDGE('',*,*,#7577,.T.);
#8663 = ORIENTED_EDGE('',*,*,#8664,.F.);
#8664 = EDGE_CURVE('',#7780,#7570,#8665,.T.);
#8665 = LINE('',#8666,#8667);
#8666 = CARTESIAN_POINT('',(-0.649999999952,2.85,0.649999999982));
#8667 = VECTOR('',#8668,1.);
#8668 = DIRECTION('',(0.,-1.,2.2E-16));
#8669 = PLANE('',#8670);
#8670 = AXIS2_PLACEMENT_3D('',#8671,#8672,#8673);
#8671 = CARTESIAN_POINT('',(-0.649999999952,2.85,0.150000000018));
#8672 = DIRECTION('',(-1.,0.,0.));
#8673 = DIRECTION('',(0.,2.2E-16,1.));
#8674 = ADVANCED_FACE('',(#8675),#8681,.F.);
#8675 = FACE_BOUND('',#8676,.F.);
#8676 = EDGE_LOOP('',(#8677,#8678,#8679,#8680));
#8677 = ORIENTED_EDGE('',*,*,#7787,.F.);
#8678 = ORIENTED_EDGE('',*,*,#8664,.T.);
#8679 = ORIENTED_EDGE('',*,*,#7569,.T.);
#8680 = ORIENTED_EDGE('',*,*,#8645,.F.);
#8681 = PLANE('',#8682);
#8682 = AXIS2_PLACEMENT_3D('',#8683,#8684,#8685);
#8683 = CARTESIAN_POINT('',(-0.649999999952,2.85,0.649999999982));
#8684 = DIRECTION('',(0.,2.2E-16,1.));
#8685 = DIRECTION('',(1.,0.,-0.));
#8686 = ADVANCED_FACE('',(#8687),#8698,.F.);
#8687 = FACE_BOUND('',#8688,.F.);
#8688 = EDGE_LOOP('',(#8689,#8690,#8691,#8697));
#8689 = ORIENTED_EDGE('',*,*,#8328,.T.);
#8690 = ORIENTED_EDGE('',*,*,#7737,.T.);
#8691 = ORIENTED_EDGE('',*,*,#8692,.T.);
#8692 = EDGE_CURVE('',#7730,#7852,#8693,.T.);
#8693 = LINE('',#8694,#8695);
#8694 = CARTESIAN_POINT('',(-5.9,-2.35,4.4));
#8695 = VECTOR('',#8696,1.);
#8696 = DIRECTION('',(0.,1.,2.2E-16));
#8697 = ORIENTED_EDGE('',*,*,#7851,.F.);
#8698 = PLANE('',#8699);
#8699 = AXIS2_PLACEMENT_3D('',#8700,#8701,#8702);
#8700 = CARTESIAN_POINT('',(-5.9,-2.35,-0.75));
#8701 = DIRECTION('',(-1.,0.,0.));
#8702 = DIRECTION('',(0.,1.,0.));
#8703 = ADVANCED_FACE('',(#8704),#8714,.F.);
#8704 = FACE_BOUND('',#8705,.F.);
#8705 = EDGE_LOOP('',(#8706,#8707,#8708,#8709,#8710,#8711,#8712,#8713));
#8706 = ORIENTED_EDGE('',*,*,#8692,.F.);
#8707 = ORIENTED_EDGE('',*,*,#7729,.F.);
#8708 = ORIENTED_EDGE('',*,*,#8606,.T.);
#8709 = ORIENTED_EDGE('',*,*,#8110,.T.);
#8710 = ORIENTED_EDGE('',*,*,#8134,.T.);
#8711 = ORIENTED_EDGE('',*,*,#8158,.T.);
#8712 = ORIENTED_EDGE('',*,*,#8417,.T.);
#8713 = ORIENTED_EDGE('',*,*,#7859,.F.);
#8714 = PLANE('',#8715);
#8715 = AXIS2_PLACEMENT_3D('',#8716,#8717,#8718);
#8716 = CARTESIAN_POINT('',(0.,-8.881784197001E-16,4.4));
#8717 = DIRECTION('',(0.,-2.2E-16,1.));
#8718 = DIRECTION('',(1.,0.,0.));
#8719 = ADVANCED_FACE('',(#8720),#8735,.F.);
#8720 = FACE_BOUND('',#8721,.F.);
#8721 = EDGE_LOOP('',(#8722,#8723,#8724,#8730,#8731,#8732,#8733,#8734));
#8722 = ORIENTED_EDGE('',*,*,#8565,.T.);
#8723 = ORIENTED_EDGE('',*,*,#7697,.F.);
#8724 = ORIENTED_EDGE('',*,*,#8725,.T.);
#8725 = EDGE_CURVE('',#7690,#7892,#8726,.T.);
#8726 = LINE('',#8727,#8728);
#8727 = CARTESIAN_POINT('',(-3.3,-2.35,4.4));
#8728 = VECTOR('',#8729,1.);
#8729 = DIRECTION('',(0.,1.,2.2E-16));
#8730 = ORIENTED_EDGE('',*,*,#7891,.F.);
#8731 = ORIENTED_EDGE('',*,*,#8376,.T.);
#8732 = ORIENTED_EDGE('',*,*,#8190,.T.);
#8733 = ORIENTED_EDGE('',*,*,#8054,.T.);
#8734 = ORIENTED_EDGE('',*,*,#8078,.T.);
#8735 = PLANE('',#8736);
#8736 = AXIS2_PLACEMENT_3D('',#8737,#8738,#8739);
#8737 = CARTESIAN_POINT('',(0.,-8.881784197001E-16,4.4));
#8738 = DIRECTION('',(0.,-2.2E-16,1.));
#8739 = DIRECTION('',(1.,0.,0.));
#8740 = ADVANCED_FACE('',(#8741),#8752,.F.);
#8741 = FACE_BOUND('',#8742,.F.);
#8742 = EDGE_LOOP('',(#8743,#8744,#8750,#8751));
#8743 = ORIENTED_EDGE('',*,*,#7689,.T.);
#8744 = ORIENTED_EDGE('',*,*,#8745,.T.);
#8745 = EDGE_CURVE('',#7682,#7900,#8746,.T.);
#8746 = LINE('',#8747,#8748);
#8747 = CARTESIAN_POINT('',(-3.3,-2.35,3.6));
#8748 = VECTOR('',#8749,1.);
#8749 = DIRECTION('',(0.,1.,2.2E-16));
#8750 = ORIENTED_EDGE('',*,*,#7899,.F.);
#8751 = ORIENTED_EDGE('',*,*,#8725,.F.);
#8752 = PLANE('',#8753);
#8753 = AXIS2_PLACEMENT_3D('',#8754,#8755,#8756);
#8754 = CARTESIAN_POINT('',(-3.3,-2.35,4.4));
#8755 = DIRECTION('',(1.,0.,0.));
#8756 = DIRECTION('',(-0.,1.,0.));
#8757 = ADVANCED_FACE('',(#8758),#8769,.F.);
#8758 = FACE_BOUND('',#8759,.T.);
#8759 = EDGE_LOOP('',(#8760,#8761,#8767,#8768));
#8760 = ORIENTED_EDGE('',*,*,#7907,.T.);
#8761 = ORIENTED_EDGE('',*,*,#8762,.T.);
#8762 = EDGE_CURVE('',#7908,#7674,#8763,.T.);
#8763 = LINE('',#8764,#8765);
#8764 = CARTESIAN_POINT('',(-2.6,2.35,3.6));
#8765 = VECTOR('',#8766,1.);
#8766 = DIRECTION('',(0.,-1.,-2.2E-16));
#8767 = ORIENTED_EDGE('',*,*,#7681,.T.);
#8768 = ORIENTED_EDGE('',*,*,#8745,.T.);
#8769 = PLANE('',#8770);
#8770 = AXIS2_PLACEMENT_3D('',#8771,#8772,#8773);
#8771 = CARTESIAN_POINT('',(-2.05,-7.771561172376E-16,3.6));
#8772 = DIRECTION('',(0.,-2.2E-16,1.));
#8773 = DIRECTION('',(1.,0.,0.));
#8774 = ADVANCED_FACE('',(#8775),#8793,.F.);
#8775 = FACE_BOUND('',#8776,.F.);
#8776 = EDGE_LOOP('',(#8777,#8778,#8779,#8780,#8786,#8787));
#8777 = ORIENTED_EDGE('',*,*,#7915,.T.);
#8778 = ORIENTED_EDGE('',*,*,#8762,.T.);
#8779 = ORIENTED_EDGE('',*,*,#7673,.F.);
#8780 = ORIENTED_EDGE('',*,*,#8781,.F.);
#8781 = EDGE_CURVE('',#8263,#7666,#8782,.T.);
#8782 = LINE('',#8783,#8784);
#8783 = CARTESIAN_POINT('',(-2.6,2.35,4.4));
#8784 = VECTOR('',#8785,1.);
#8785 = DIRECTION('',(0.,-1.,-2.2E-16));
#8786 = ORIENTED_EDGE('',*,*,#8286,.T.);
#8787 = ORIENTED_EDGE('',*,*,#8788,.F.);
#8788 = EDGE_CURVE('',#7916,#8238,#8789,.T.);
#8789 = LINE('',#8790,#8791);
#8790 = CARTESIAN_POINT('',(-2.6,2.35,4.4));
#8791 = VECTOR('',#8792,1.);
#8792 = DIRECTION('',(0.,-1.,-2.2E-16));
#8793 = PLANE('',#8794);
#8794 = AXIS2_PLACEMENT_3D('',#8795,#8796,#8797);
#8795 = CARTESIAN_POINT('',(-2.6,2.35,4.4));
#8796 = DIRECTION('',(-1.,0.,0.));
#8797 = DIRECTION('',(0.,-1.,0.));
#8798 = ADVANCED_FACE('',(#8799),#8810,.F.);
#8799 = FACE_BOUND('',#8800,.F.);
#8800 = EDGE_LOOP('',(#8801,#8802,#8803,#8809));
#8801 = ORIENTED_EDGE('',*,*,#8781,.T.);
#8802 = ORIENTED_EDGE('',*,*,#7665,.F.);
#8803 = ORIENTED_EDGE('',*,*,#8804,.F.);
#8804 = EDGE_CURVE('',#8215,#7658,#8805,.T.);
#8805 = LINE('',#8806,#8807);
#8806 = CARTESIAN_POINT('',(-1.5,2.35,4.4));
#8807 = VECTOR('',#8808,1.);
#8808 = DIRECTION('',(0.,-1.,-2.2E-16));
#8809 = ORIENTED_EDGE('',*,*,#8262,.T.);
#8810 = PLANE('',#8811);
#8811 = AXIS2_PLACEMENT_3D('',#8812,#8813,#8814);
#8812 = CARTESIAN_POINT('',(0.,-8.881784197001E-16,4.4));
#8813 = DIRECTION('',(0.,-2.2E-16,1.));
#8814 = DIRECTION('',(1.,0.,0.));
#8815 = ADVANCED_FACE('',(#8816),#8834,.T.);
#8816 = FACE_BOUND('',#8817,.T.);
#8817 = EDGE_LOOP('',(#8818,#8819,#8825,#8826,#8827,#8828));
#8818 = ORIENTED_EDGE('',*,*,#7931,.T.);
#8819 = ORIENTED_EDGE('',*,*,#8820,.T.);
#8820 = EDGE_CURVE('',#7932,#7650,#8821,.T.);
#8821 = LINE('',#8822,#8823);
#8822 = CARTESIAN_POINT('',(-1.5,2.35,3.6));
#8823 = VECTOR('',#8824,1.);
#8824 = DIRECTION('',(0.,-1.,-2.2E-16));
#8825 = ORIENTED_EDGE('',*,*,#7657,.F.);
#8826 = ORIENTED_EDGE('',*,*,#8804,.F.);
#8827 = ORIENTED_EDGE('',*,*,#8214,.F.);
#8828 = ORIENTED_EDGE('',*,*,#8829,.F.);
#8829 = EDGE_CURVE('',#7924,#8207,#8830,.T.);
#8830 = LINE('',#8831,#8832);
#8831 = CARTESIAN_POINT('',(-1.5,2.35,4.4));
#8832 = VECTOR('',#8833,1.);
#8833 = DIRECTION('',(0.,-1.,-2.2E-16));
#8834 = PLANE('',#8835);
#8835 = AXIS2_PLACEMENT_3D('',#8836,#8837,#8838);
#8836 = CARTESIAN_POINT('',(-1.5,2.35,4.4));
#8837 = DIRECTION('',(-1.,0.,0.));
#8838 = DIRECTION('',(0.,-1.,0.));
#8839 = ADVANCED_FACE('',(#8840),#8851,.F.);
#8840 = FACE_BOUND('',#8841,.F.);
#8841 = EDGE_LOOP('',(#8842,#8843,#8849,#8850));
#8842 = ORIENTED_EDGE('',*,*,#7649,.T.);
#8843 = ORIENTED_EDGE('',*,*,#8844,.T.);
#8844 = EDGE_CURVE('',#7642,#7940,#8845,.T.);
#8845 = LINE('',#8846,#8847);
#8846 = CARTESIAN_POINT('',(-0.8,-2.35,3.6));
#8847 = VECTOR('',#8848,1.);
#8848 = DIRECTION('',(0.,1.,2.2E-16));
#8849 = ORIENTED_EDGE('',*,*,#7939,.T.);
#8850 = ORIENTED_EDGE('',*,*,#8820,.T.);
#8851 = PLANE('',#8852);
#8852 = AXIS2_PLACEMENT_3D('',#8853,#8854,#8855);
#8853 = CARTESIAN_POINT('',(-2.05,-7.771561172376E-16,3.6));
#8854 = DIRECTION('',(0.,-2.2E-16,1.));
#8855 = DIRECTION('',(1.,0.,0.));
#8856 = ADVANCED_FACE('',(#8857),#8868,.T.);
#8857 = FACE_BOUND('',#8858,.T.);
#8858 = EDGE_LOOP('',(#8859,#8860,#8861,#8862));
#8859 = ORIENTED_EDGE('',*,*,#7641,.T.);
#8860 = ORIENTED_EDGE('',*,*,#8844,.T.);
#8861 = ORIENTED_EDGE('',*,*,#7947,.F.);
#8862 = ORIENTED_EDGE('',*,*,#8863,.F.);
#8863 = EDGE_CURVE('',#7634,#7948,#8864,.T.);
#8864 = LINE('',#8865,#8866);
#8865 = CARTESIAN_POINT('',(-0.8,-2.35,4.4));
#8866 = VECTOR('',#8867,1.);
#8867 = DIRECTION('',(0.,1.,2.2E-16));
#8868 = PLANE('',#8869);
#8869 = AXIS2_PLACEMENT_3D('',#8870,#8871,#8872);
#8870 = CARTESIAN_POINT('',(-0.8,-2.35,4.4));
#8871 = DIRECTION('',(1.,0.,0.));
#8872 = DIRECTION('',(-0.,1.,0.));
#8873 = ADVANCED_FACE('',(#8874),#8880,.F.);
#8874 = FACE_BOUND('',#8875,.F.);
#8875 = EDGE_LOOP('',(#8876,#8877,#8878,#8879));
#8876 = ORIENTED_EDGE('',*,*,#8863,.F.);
#8877 = ORIENTED_EDGE('',*,*,#7633,.F.);
#8878 = ORIENTED_EDGE('',*,*,#7810,.F.);
#8879 = ORIENTED_EDGE('',*,*,#7955,.F.);
#8880 = PLANE('',#8881);
#8881 = AXIS2_PLACEMENT_3D('',#8882,#8883,#8884);
#8882 = CARTESIAN_POINT('',(0.,-8.881784197001E-16,4.4));
#8883 = DIRECTION('',(0.,-2.2E-16,1.));
#8884 = DIRECTION('',(1.,0.,0.));
#8885 = ADVANCED_FACE('',(#8886),#8892,.F.);
#8886 = FACE_BOUND('',#8887,.F.);
#8887 = EDGE_LOOP('',(#8888,#8889,#8890,#8891));
#8888 = ORIENTED_EDGE('',*,*,#7923,.F.);
#8889 = ORIENTED_EDGE('',*,*,#8788,.T.);
#8890 = ORIENTED_EDGE('',*,*,#8245,.T.);
#8891 = ORIENTED_EDGE('',*,*,#8829,.F.);
#8892 = PLANE('',#8893);
#8893 = AXIS2_PLACEMENT_3D('',#8894,#8895,#8896);
#8894 = CARTESIAN_POINT('',(0.,-8.881784197001E-16,4.4));
#8895 = DIRECTION('',(0.,-2.2E-16,1.));
#8896 = DIRECTION('',(1.,0.,0.));
#8897 = ( GEOMETRIC_REPRESENTATION_CONTEXT(3) 
GLOBAL_UNCERTAINTY_ASSIGNED_CONTEXT((#8901)) 
GLOBAL_UNIT_ASSIGNED_CONTEXT((#8898,#8899,#8900)) REPRESENTATION_CONTEXT
('Context #1','3D Context with UNIT and UNCERTAINTY') );
#8898 = ( LENGTH_UNIT() NAMED_UNIT(*) SI_UNIT(.MILLI.,.METRE.) );
#8899 = ( NAMED_UNIT(*) PLANE_ANGLE_UNIT() SI_UNIT($,.RADIAN.) );
#8900 = ( NAMED_UNIT(*) SI_UNIT($,.STERADIAN.) SOLID_ANGLE_UNIT() );
#8901 = UNCERTAINTY_MEASURE_WITH_UNIT(LENGTH_MEASURE(1.E-07),#8898,
  'distance_accuracy_value','confusion accuracy');
#8902 = CONTEXT_DEPENDENT_SHAPE_REPRESENTATION(#8903,#8905);
#8903 = ( REPRESENTATION_RELATIONSHIP('','',#7148,#5340) 
REPRESENTATION_RELATIONSHIP_WITH_TRANSFORMATION(#8904) 
SHAPE_REPRESENTATION_RELATIONSHIP() );
#8904 = ITEM_DEFINED_TRANSFORMATION('','',#11,#5345);
#8905 = PRODUCT_DEFINITION_SHAPE('Placement','Placement of an item',
  #8906);
#8906 = NEXT_ASSEMBLY_USAGE_OCCURRENCE('8','Top001','',#5335,#7143,$);
#8907 = PRODUCT_RELATED_PRODUCT_CATEGORY('part',$,(#7145));
#8908 = SHAPE_DEFINITION_REPRESENTATION(#8909,#8915);
#8909 = PRODUCT_DEFINITION_SHAPE('','',#8910);
#8910 = PRODUCT_DEFINITION('design','',#8911,#8914);
#8911 = PRODUCT_DEFINITION_FORMATION('','',#8912);
#8912 = PRODUCT('Plunger001','Plunger001','',(#8913));
#8913 = PRODUCT_CONTEXT('',#2,'mechanical');
#8914 = PRODUCT_DEFINITION_CONTEXT('part definition',#2,'design');
#8915 = ADVANCED_BREP_SHAPE_REPRESENTATION('',(#11,#8916),#9068);
#8916 = MANIFOLD_SOLID_BREP('',#8917);
#8917 = CLOSED_SHELL('',(#8918,#8958,#8989,#9020,#9044,#9056));
#8918 = ADVANCED_FACE('',(#8919),#8953,.F.);
#8919 = FACE_BOUND('',#8920,.F.);
#8920 = EDGE_LOOP('',(#8921,#8931,#8939,#8947));
#8921 = ORIENTED_EDGE('',*,*,#8922,.T.);
#8922 = EDGE_CURVE('',#8923,#8925,#8927,.T.);
#8923 = VERTEX_POINT('',#8924);
#8924 = CARTESIAN_POINT('',(-2.55,1.45,5.056974));
#8925 = VERTEX_POINT('',#8926);
#8926 = CARTESIAN_POINT('',(-2.55,-1.45,5.056974));
#8927 = LINE('',#8928,#8929);
#8928 = CARTESIAN_POINT('',(-2.55,1.45,5.056974));
#8929 = VECTOR('',#8930,1.);
#8930 = DIRECTION('',(0.,-1.,2.2E-16));
#8931 = ORIENTED_EDGE('',*,*,#8932,.T.);
#8932 = EDGE_CURVE('',#8925,#8933,#8935,.T.);
#8933 = VERTEX_POINT('',#8934);
#8934 = CARTESIAN_POINT('',(-2.55,-1.45,2.256974));
#8935 = LINE('',#8936,#8937);
#8936 = CARTESIAN_POINT('',(-2.55,-1.45,5.056974));
#8937 = VECTOR('',#8938,1.);
#8938 = DIRECTION('',(0.,2.2E-16,-1.));
#8939 = ORIENTED_EDGE('',*,*,#8940,.F.);
#8940 = EDGE_CURVE('',#8941,#8933,#8943,.T.);
#8941 = VERTEX_POINT('',#8942);
#8942 = CARTESIAN_POINT('',(-2.55,1.45,2.256974));
#8943 = LINE('',#8944,#8945);
#8944 = CARTESIAN_POINT('',(-2.55,1.45,2.256974));
#8945 = VECTOR('',#8946,1.);
#8946 = DIRECTION('',(0.,-1.,2.2E-16));
#8947 = ORIENTED_EDGE('',*,*,#8948,.F.);
#8948 = EDGE_CURVE('',#8923,#8941,#8949,.T.);
#8949 = LINE('',#8950,#8951);
#8950 = CARTESIAN_POINT('',(-2.55,1.45,5.056974));
#8951 = VECTOR('',#8952,1.);
#8952 = DIRECTION('',(0.,2.2E-16,-1.));
#8953 = PLANE('',#8954);
#8954 = AXIS2_PLACEMENT_3D('',#8955,#8956,#8957);
#8955 = CARTESIAN_POINT('',(-2.55,1.45,5.056974));
#8956 = DIRECTION('',(1.,0.,0.));
#8957 = DIRECTION('',(0.,-2.2E-16,-1.));
#8958 = ADVANCED_FACE('',(#8959),#8984,.F.);
#8959 = FACE_BOUND('',#8960,.F.);
#8960 = EDGE_LOOP('',(#8961,#8962,#8970,#8978));
#8961 = ORIENTED_EDGE('',*,*,#8940,.T.);
#8962 = ORIENTED_EDGE('',*,*,#8963,.T.);
#8963 = EDGE_CURVE('',#8933,#8964,#8966,.T.);
#8964 = VERTEX_POINT('',#8965);
#8965 = CARTESIAN_POINT('',(-1.55,-1.45,2.256974));
#8966 = LINE('',#8967,#8968);
#8967 = CARTESIAN_POINT('',(-2.55,-1.45,2.256974));
#8968 = VECTOR('',#8969,1.);
#8969 = DIRECTION('',(1.,0.,0.));
#8970 = ORIENTED_EDGE('',*,*,#8971,.F.);
#8971 = EDGE_CURVE('',#8972,#8964,#8974,.T.);
#8972 = VERTEX_POINT('',#8973);
#8973 = CARTESIAN_POINT('',(-1.55,1.45,2.256974));
#8974 = LINE('',#8975,#8976);
#8975 = CARTESIAN_POINT('',(-1.55,1.45,2.256974));
#8976 = VECTOR('',#8977,1.);
#8977 = DIRECTION('',(0.,-1.,2.2E-16));
#8978 = ORIENTED_EDGE('',*,*,#8979,.F.);
#8979 = EDGE_CURVE('',#8941,#8972,#8980,.T.);
#8980 = LINE('',#8981,#8982);
#8981 = CARTESIAN_POINT('',(-2.55,1.45,2.256974));
#8982 = VECTOR('',#8983,1.);
#8983 = DIRECTION('',(1.,0.,0.));
#8984 = PLANE('',#8985);
#8985 = AXIS2_PLACEMENT_3D('',#8986,#8987,#8988);
#8986 = CARTESIAN_POINT('',(-2.55,1.45,2.256974));
#8987 = DIRECTION('',(0.,2.2E-16,1.));
#8988 = DIRECTION('',(1.,0.,-0.));
#8989 = ADVANCED_FACE('',(#8990),#9015,.F.);
#8990 = FACE_BOUND('',#8991,.F.);
#8991 = EDGE_LOOP('',(#8992,#8993,#9001,#9009));
#8992 = ORIENTED_EDGE('',*,*,#8971,.T.);
#8993 = ORIENTED_EDGE('',*,*,#8994,.T.);
#8994 = EDGE_CURVE('',#8964,#8995,#8997,.T.);
#8995 = VERTEX_POINT('',#8996);
#8996 = CARTESIAN_POINT('',(-1.55,-1.45,5.056974));
#8997 = LINE('',#8998,#8999);
#8998 = CARTESIAN_POINT('',(-1.55,-1.45,2.256974));
#8999 = VECTOR('',#9000,1.);
#9000 = DIRECTION('',(0.,-2.2E-16,1.));
#9001 = ORIENTED_EDGE('',*,*,#9002,.F.);
#9002 = EDGE_CURVE('',#9003,#8995,#9005,.T.);
#9003 = VERTEX_POINT('',#9004);
#9004 = CARTESIAN_POINT('',(-1.55,1.45,5.056974));
#9005 = LINE('',#9006,#9007);
#9006 = CARTESIAN_POINT('',(-1.55,1.45,5.056974));
#9007 = VECTOR('',#9008,1.);
#9008 = DIRECTION('',(0.,-1.,2.2E-16));
#9009 = ORIENTED_EDGE('',*,*,#9010,.F.);
#9010 = EDGE_CURVE('',#8972,#9003,#9011,.T.);
#9011 = LINE('',#9012,#9013);
#9012 = CARTESIAN_POINT('',(-1.55,1.45,2.256974));
#9013 = VECTOR('',#9014,1.);
#9014 = DIRECTION('',(0.,-2.2E-16,1.));
#9015 = PLANE('',#9016);
#9016 = AXIS2_PLACEMENT_3D('',#9017,#9018,#9019);
#9017 = CARTESIAN_POINT('',(-1.55,1.45,2.256974));
#9018 = DIRECTION('',(-1.,-0.,0.));
#9019 = DIRECTION('',(0.,2.2E-16,1.));
#9020 = ADVANCED_FACE('',(#9021),#9039,.T.);
#9021 = FACE_BOUND('',#9022,.T.);
#9022 = EDGE_LOOP('',(#9023,#9030,#9031,#9038));
#9023 = ORIENTED_EDGE('',*,*,#9024,.T.);
#9024 = EDGE_CURVE('',#9003,#8923,#9025,.T.);
#9025 = CIRCLE('',#9026,0.5);
#9026 = AXIS2_PLACEMENT_3D('',#9027,#9028,#9029);
#9027 = CARTESIAN_POINT('',(-2.05,1.45,5.056974));
#9028 = DIRECTION('',(0.,-1.,-2.2E-16));
#9029 = DIRECTION('',(1.,0.,0.));
#9030 = ORIENTED_EDGE('',*,*,#8922,.T.);
#9031 = ORIENTED_EDGE('',*,*,#9032,.F.);
#9032 = EDGE_CURVE('',#8995,#8925,#9033,.T.);
#9033 = CIRCLE('',#9034,0.5);
#9034 = AXIS2_PLACEMENT_3D('',#9035,#9036,#9037);
#9035 = CARTESIAN_POINT('',(-2.05,-1.45,5.056974));
#9036 = DIRECTION('',(0.,-1.,-2.2E-16));
#9037 = DIRECTION('',(1.,0.,0.));
#9038 = ORIENTED_EDGE('',*,*,#9002,.F.);
#9039 = CYLINDRICAL_SURFACE('',#9040,0.5);
#9040 = AXIS2_PLACEMENT_3D('',#9041,#9042,#9043);
#9041 = CARTESIAN_POINT('',(-2.05,1.45,5.056974));
#9042 = DIRECTION('',(0.,1.,-2.2E-16));
#9043 = DIRECTION('',(1.,0.,0.));
#9044 = ADVANCED_FACE('',(#9045),#9051,.T.);
#9045 = FACE_BOUND('',#9046,.F.);
#9046 = EDGE_LOOP('',(#9047,#9048,#9049,#9050));
#9047 = ORIENTED_EDGE('',*,*,#8948,.T.);
#9048 = ORIENTED_EDGE('',*,*,#8979,.T.);
#9049 = ORIENTED_EDGE('',*,*,#9010,.T.);
#9050 = ORIENTED_EDGE('',*,*,#9024,.T.);
#9051 = PLANE('',#9052);
#9052 = AXIS2_PLACEMENT_3D('',#9053,#9054,#9055);
#9053 = CARTESIAN_POINT('',(-2.05,1.45,3.796852111345));
#9054 = DIRECTION('',(0.,1.,2.2E-16));
#9055 = DIRECTION('',(0.,-2.2E-16,1.));
#9056 = ADVANCED_FACE('',(#9057),#9063,.F.);
#9057 = FACE_BOUND('',#9058,.T.);
#9058 = EDGE_LOOP('',(#9059,#9060,#9061,#9062));
#9059 = ORIENTED_EDGE('',*,*,#8932,.T.);
#9060 = ORIENTED_EDGE('',*,*,#8963,.T.);
#9061 = ORIENTED_EDGE('',*,*,#8994,.T.);
#9062 = ORIENTED_EDGE('',*,*,#9032,.T.);
#9063 = PLANE('',#9064);
#9064 = AXIS2_PLACEMENT_3D('',#9065,#9066,#9067);
#9065 = CARTESIAN_POINT('',(-2.05,-1.45,3.796852111345));
#9066 = DIRECTION('',(0.,1.,2.2E-16));
#9067 = DIRECTION('',(0.,-2.2E-16,1.));
#9068 = ( GEOMETRIC_REPRESENTATION_CONTEXT(3) 
GLOBAL_UNCERTAINTY_ASSIGNED_CONTEXT((#9072)) 
GLOBAL_UNIT_ASSIGNED_CONTEXT((#9069,#9070,#9071)) REPRESENTATION_CONTEXT
('Context #1','3D Context with UNIT and UNCERTAINTY') );
#9069 = ( LENGTH_UNIT() NAMED_UNIT(*) SI_UNIT(.MILLI.,.METRE.) );
#9070 = ( NAMED_UNIT(*) PLANE_ANGLE_UNIT() SI_UNIT($,.RADIAN.) );
#9071 = ( NAMED_UNIT(*) SI_UNIT($,.STERADIAN.) SOLID_ANGLE_UNIT() );
#9072 = UNCERTAINTY_MEASURE_WITH_UNIT(LENGTH_MEASURE(1.E-07),#9069,
  'distance_accuracy_value','confusion accuracy');
#9073 = CONTEXT_DEPENDENT_SHAPE_REPRESENTATION(#9074,#9076);
#9074 = ( REPRESENTATION_RELATIONSHIP('','',#8915,#5340) 
REPRESENTATION_RELATIONSHIP_WITH_TRANSFORMATION(#9075) 
SHAPE_REPRESENTATION_RELATIONSHIP() );
#9075 = ITEM_DEFINED_TRANSFORMATION('','',#11,#5349);
#9076 = PRODUCT_DEFINITION_SHAPE('Placement','Placement of an item',
  #9077);
#9077 = NEXT_ASSEMBLY_USAGE_OCCURRENCE('9','Plunger001','',#5335,#8910,$
  );
#9078 = PRODUCT_RELATED_PRODUCT_CATEGORY('part',$,(#8912));
#9079 = SHAPE_DEFINITION_REPRESENTATION(#9080,#9086);
#9080 = PRODUCT_DEFINITION_SHAPE('','',#9081);
#9081 = PRODUCT_DEFINITION('design','',#9082,#9085);
#9082 = PRODUCT_DEFINITION_FORMATION('','',#9083);
#9083 = PRODUCT('Lever_16U001','Lever_16U001','',(#9084));
#9084 = PRODUCT_CONTEXT('',#2,'mechanical');
#9085 = PRODUCT_DEFINITION_CONTEXT('part definition',#2,'design');
#9086 = ADVANCED_BREP_SHAPE_REPRESENTATION('',(#11,#9087),#9771);
#9087 = MANIFOLD_SOLID_BREP('',#9088);
#9088 = CLOSED_SHELL('',(#9089,#9129,#9162,#9195,#9260,#9325,#9342,#9359
    ,#9409,#9440,#9490,#9521,#9559,#9576,#9609,#9640,#9671,#9690,#9709,
    #9728,#9747,#9759));
#9089 = ADVANCED_FACE('',(#9090),#9124,.F.);
#9090 = FACE_BOUND('',#9091,.F.);
#9091 = EDGE_LOOP('',(#9092,#9102,#9110,#9118));
#9092 = ORIENTED_EDGE('',*,*,#9093,.T.);
#9093 = EDGE_CURVE('',#9094,#9096,#9098,.T.);
#9094 = VERTEX_POINT('',#9095);
#9095 = CARTESIAN_POINT('',(9.596282523842,1.85,10.082978238294));
#9096 = VERTEX_POINT('',#9097);
#9097 = CARTESIAN_POINT('',(9.596282523842,-1.85,10.082978238294));
#9098 = LINE('',#9099,#9100);
#9099 = CARTESIAN_POINT('',(9.596282523842,1.85,10.082978238294));
#9100 = VECTOR('',#9101,1.);
#9101 = DIRECTION('',(0.,-1.,2.22044604925E-16));
#9102 = ORIENTED_EDGE('',*,*,#9103,.T.);
#9103 = EDGE_CURVE('',#9096,#9104,#9106,.T.);
#9104 = VERTEX_POINT('',#9105);
#9105 = CARTESIAN_POINT('',(9.888748927004,-1.85,10.016169533612));
#9106 = LINE('',#9107,#9108);
#9107 = CARTESIAN_POINT('',(9.596282523842,-1.85,10.082978238294));
#9108 = VECTOR('',#9109,1.);
#9109 = DIRECTION('',(0.974888010541,-4.944837478881E-17,-0.222695682273
    ));
#9110 = ORIENTED_EDGE('',*,*,#9111,.F.);
#9111 = EDGE_CURVE('',#9112,#9104,#9114,.T.);
#9112 = VERTEX_POINT('',#9113);
#9113 = CARTESIAN_POINT('',(9.888748927004,1.85,10.016169533612));
#9114 = LINE('',#9115,#9116);
#9115 = CARTESIAN_POINT('',(9.888748927004,1.85,10.016169533612));
#9116 = VECTOR('',#9117,1.);
#9117 = DIRECTION('',(0.,-1.,2.22044604925E-16));
#9118 = ORIENTED_EDGE('',*,*,#9119,.F.);
#9119 = EDGE_CURVE('',#9094,#9112,#9120,.T.);
#9120 = LINE('',#9121,#9122);
#9121 = CARTESIAN_POINT('',(9.596282523842,1.85,10.082978238294));
#9122 = VECTOR('',#9123,1.);
#9123 = DIRECTION('',(0.974888010541,-4.944837478881E-17,-0.222695682273
    ));
#9124 = PLANE('',#9125);
#9125 = AXIS2_PLACEMENT_3D('',#9126,#9127,#9128);
#9126 = CARTESIAN_POINT('',(9.596282523842,1.85,10.082978238294));
#9127 = DIRECTION('',(0.222695682273,2.164686231468E-16,0.974888010541)
  );
#9128 = DIRECTION('',(0.974888010541,-4.944837478881E-17,-0.222695682273
    ));
#9129 = ADVANCED_FACE('',(#9130),#9157,.F.);
#9130 = FACE_BOUND('',#9131,.F.);
#9131 = EDGE_LOOP('',(#9132,#9141,#9149,#9156));
#9132 = ORIENTED_EDGE('',*,*,#9133,.T.);
#9133 = EDGE_CURVE('',#9094,#9134,#9136,.T.);
#9134 = VERTEX_POINT('',#9135);
#9135 = CARTESIAN_POINT('',(8.133950508031,1.85,10.417021761705));
#9136 = CIRCLE('',#9137,0.75);
#9137 = AXIS2_PLACEMENT_3D('',#9138,#9139,#9140);
#9138 = CARTESIAN_POINT('',(8.865116515936,1.85,10.25));
#9139 = DIRECTION('',(0.,-1.,2.22044604925E-16));
#9140 = DIRECTION('',(1.,0.,0.));
#9141 = ORIENTED_EDGE('',*,*,#9142,.T.);
#9142 = EDGE_CURVE('',#9134,#9143,#9145,.T.);
#9143 = VERTEX_POINT('',#9144);
#9144 = CARTESIAN_POINT('',(8.133950508031,-1.85,10.417021761705));
#9145 = LINE('',#9146,#9147);
#9146 = CARTESIAN_POINT('',(8.133950508031,1.85,10.417021761705));
#9147 = VECTOR('',#9148,1.);
#9148 = DIRECTION('',(0.,-1.,2.22044604925E-16));
#9149 = ORIENTED_EDGE('',*,*,#9150,.F.);
#9150 = EDGE_CURVE('',#9096,#9143,#9151,.T.);
#9151 = CIRCLE('',#9152,0.75);
#9152 = AXIS2_PLACEMENT_3D('',#9153,#9154,#9155);
#9153 = CARTESIAN_POINT('',(8.865116515936,-1.85,10.25));
#9154 = DIRECTION('',(0.,-1.,2.22044604925E-16));
#9155 = DIRECTION('',(1.,0.,0.));
#9156 = ORIENTED_EDGE('',*,*,#9093,.F.);
#9157 = CYLINDRICAL_SURFACE('',#9158,0.75);
#9158 = AXIS2_PLACEMENT_3D('',#9159,#9160,#9161);
#9159 = CARTESIAN_POINT('',(8.865116515936,1.85,10.25));
#9160 = DIRECTION('',(0.,1.,-2.22044604925E-16));
#9161 = DIRECTION('',(1.,0.,0.));
#9162 = ADVANCED_FACE('',(#9163),#9190,.T.);
#9163 = FACE_BOUND('',#9164,.T.);
#9164 = EDGE_LOOP('',(#9165,#9174,#9182,#9189));
#9165 = ORIENTED_EDGE('',*,*,#9166,.T.);
#9166 = EDGE_CURVE('',#9112,#9167,#9169,.T.);
#9167 = VERTEX_POINT('',#9168);
#9168 = CARTESIAN_POINT('',(7.841484104868,1.85,10.483830466388));
#9169 = CIRCLE('',#9170,1.05);
#9170 = AXIS2_PLACEMENT_3D('',#9171,#9172,#9173);
#9171 = CARTESIAN_POINT('',(8.865116515936,1.85,10.25));
#9172 = DIRECTION('',(0.,-1.,2.22044604925E-16));
#9173 = DIRECTION('',(1.,0.,0.));
#9174 = ORIENTED_EDGE('',*,*,#9175,.T.);
#9175 = EDGE_CURVE('',#9167,#9176,#9178,.T.);
#9176 = VERTEX_POINT('',#9177);
#9177 = CARTESIAN_POINT('',(7.841484104868,-1.85,10.483830466388));
#9178 = LINE('',#9179,#9180);
#9179 = CARTESIAN_POINT('',(7.841484104868,1.85,10.483830466388));
#9180 = VECTOR('',#9181,1.);
#9181 = DIRECTION('',(0.,-1.,2.22044604925E-16));
#9182 = ORIENTED_EDGE('',*,*,#9183,.F.);
#9183 = EDGE_CURVE('',#9104,#9176,#9184,.T.);
#9184 = CIRCLE('',#9185,1.05);
#9185 = AXIS2_PLACEMENT_3D('',#9186,#9187,#9188);
#9186 = CARTESIAN_POINT('',(8.865116515936,-1.85,10.25));
#9187 = DIRECTION('',(0.,-1.,2.22044604925E-16));
#9188 = DIRECTION('',(1.,0.,0.));
#9189 = ORIENTED_EDGE('',*,*,#9111,.F.);
#9190 = CYLINDRICAL_SURFACE('',#9191,1.05);
#9191 = AXIS2_PLACEMENT_3D('',#9192,#9193,#9194);
#9192 = CARTESIAN_POINT('',(8.865116515936,1.85,10.25));
#9193 = DIRECTION('',(0.,1.,-2.22044604925E-16));
#9194 = DIRECTION('',(1.,0.,0.));
#9195 = ADVANCED_FACE('',(#9196),#9255,.T.);
#9196 = FACE_BOUND('',#9197,.T.);
#9197 = EDGE_LOOP('',(#9198,#9199,#9200,#9208,#9216,#9224,#9232,#9240,
    #9248,#9254));
#9198 = ORIENTED_EDGE('',*,*,#9119,.F.);
#9199 = ORIENTED_EDGE('',*,*,#9133,.T.);
#9200 = ORIENTED_EDGE('',*,*,#9201,.T.);
#9201 = EDGE_CURVE('',#9134,#9202,#9204,.T.);
#9202 = VERTEX_POINT('',#9203);
#9203 = CARTESIAN_POINT('',(7.817008881552,1.85,9.02955619193));
#9204 = LINE('',#9205,#9206);
#9205 = CARTESIAN_POINT('',(8.133950508031,1.85,10.417021761705));
#9206 = VECTOR('',#9207,1.);
#9207 = DIRECTION('',(-0.222695682276,-2.164686231465E-16,
    -0.974888010541));
#9208 = ORIENTED_EDGE('',*,*,#9209,.F.);
#9209 = EDGE_CURVE('',#9210,#9202,#9212,.T.);
#9210 = VERTEX_POINT('',#9211);
#9211 = CARTESIAN_POINT('',(-5.,1.85,5.078548389109));
#9212 = LINE('',#9213,#9214);
#9213 = CARTESIAN_POINT('',(-5.,1.85,5.078548389109));
#9214 = VECTOR('',#9215,1.);
#9215 = DIRECTION('',(0.95562562411,6.541076283034E-17,0.294583887109));
#9216 = ORIENTED_EDGE('',*,*,#9217,.F.);
#9217 = EDGE_CURVE('',#9218,#9210,#9220,.T.);
#9218 = VERTEX_POINT('',#9219);
#9219 = CARTESIAN_POINT('',(-5.,1.85,4.55));
#9220 = LINE('',#9221,#9222);
#9221 = CARTESIAN_POINT('',(-5.,1.85,3.85));
#9222 = VECTOR('',#9223,1.);
#9223 = DIRECTION('',(0.,2.22044604925E-16,1.));
#9224 = ORIENTED_EDGE('',*,*,#9225,.F.);
#9225 = EDGE_CURVE('',#9226,#9218,#9228,.T.);
#9226 = VERTEX_POINT('',#9227);
#9227 = CARTESIAN_POINT('',(-5.3,1.85,4.55));
#9228 = LINE('',#9229,#9230);
#9229 = CARTESIAN_POINT('',(-5.3,1.85,4.55));
#9230 = VECTOR('',#9231,1.);
#9231 = DIRECTION('',(1.,0.,0.));
#9232 = ORIENTED_EDGE('',*,*,#9233,.F.);
#9233 = EDGE_CURVE('',#9234,#9226,#9236,.T.);
#9234 = VERTEX_POINT('',#9235);
#9235 = CARTESIAN_POINT('',(-5.3,1.85,5.3));
#9236 = LINE('',#9237,#9238);
#9237 = CARTESIAN_POINT('',(-5.3,1.85,5.3));
#9238 = VECTOR('',#9239,1.);
#9239 = DIRECTION('',(0.,-2.22044604925E-16,-1.));
#9240 = ORIENTED_EDGE('',*,*,#9241,.T.);
#9241 = EDGE_CURVE('',#9234,#9242,#9244,.T.);
#9242 = VERTEX_POINT('',#9243);
#9243 = CARTESIAN_POINT('',(7.563114502027,1.85,9.265220453211));
#9244 = LINE('',#9245,#9246);
#9245 = CARTESIAN_POINT('',(-5.3,1.85,5.3));
#9246 = VECTOR('',#9247,1.);
#9247 = DIRECTION('',(0.95562562411,6.541076283038E-17,0.294583887109));
#9248 = ORIENTED_EDGE('',*,*,#9249,.F.);
#9249 = EDGE_CURVE('',#9167,#9242,#9250,.T.);
#9250 = LINE('',#9251,#9252);
#9251 = CARTESIAN_POINT('',(7.841484104868,1.85,10.483830466388));
#9252 = VECTOR('',#9253,1.);
#9253 = DIRECTION('',(-0.222695682273,-2.164686231467E-16,
    -0.974888010541));
#9254 = ORIENTED_EDGE('',*,*,#9166,.F.);
#9255 = PLANE('',#9256);
#9256 = AXIS2_PLACEMENT_3D('',#9257,#9258,#9259);
#9257 = CARTESIAN_POINT('',(2.384994137479,1.85,7.672288270412));
#9258 = DIRECTION('',(0.,1.,0.));
#9259 = DIRECTION('',(0.,-0.,1.));
#9260 = ADVANCED_FACE('',(#9261),#9320,.F.);
#9261 = FACE_BOUND('',#9262,.F.);
#9262 = EDGE_LOOP('',(#9263,#9264,#9265,#9273,#9281,#9289,#9297,#9305,
    #9313,#9319));
#9263 = ORIENTED_EDGE('',*,*,#9103,.F.);
#9264 = ORIENTED_EDGE('',*,*,#9150,.T.);
#9265 = ORIENTED_EDGE('',*,*,#9266,.T.);
#9266 = EDGE_CURVE('',#9143,#9267,#9269,.T.);
#9267 = VERTEX_POINT('',#9268);
#9268 = CARTESIAN_POINT('',(7.817008881552,-1.85,9.02955619193));
#9269 = LINE('',#9270,#9271);
#9270 = CARTESIAN_POINT('',(8.133950508031,-1.85,10.417021761705));
#9271 = VECTOR('',#9272,1.);
#9272 = DIRECTION('',(-0.222695682276,-2.164686231465E-16,
    -0.974888010541));
#9273 = ORIENTED_EDGE('',*,*,#9274,.F.);
#9274 = EDGE_CURVE('',#9275,#9267,#9277,.T.);
#9275 = VERTEX_POINT('',#9276);
#9276 = CARTESIAN_POINT('',(-5.,-1.85,5.078548389109));
#9277 = LINE('',#9278,#9279);
#9278 = CARTESIAN_POINT('',(-5.,-1.85,5.078548389109));
#9279 = VECTOR('',#9280,1.);
#9280 = DIRECTION('',(0.95562562411,6.541076283034E-17,0.294583887109));
#9281 = ORIENTED_EDGE('',*,*,#9282,.F.);
#9282 = EDGE_CURVE('',#9283,#9275,#9285,.T.);
#9283 = VERTEX_POINT('',#9284);
#9284 = CARTESIAN_POINT('',(-5.,-1.85,4.55));
#9285 = LINE('',#9286,#9287);
#9286 = CARTESIAN_POINT('',(-5.,-1.85,3.85));
#9287 = VECTOR('',#9288,1.);
#9288 = DIRECTION('',(0.,2.22044604925E-16,1.));
#9289 = ORIENTED_EDGE('',*,*,#9290,.F.);
#9290 = EDGE_CURVE('',#9291,#9283,#9293,.T.);
#9291 = VERTEX_POINT('',#9292);
#9292 = CARTESIAN_POINT('',(-5.3,-1.85,4.55));
#9293 = LINE('',#9294,#9295);
#9294 = CARTESIAN_POINT('',(-5.3,-1.85,4.55));
#9295 = VECTOR('',#9296,1.);
#9296 = DIRECTION('',(1.,0.,0.));
#9297 = ORIENTED_EDGE('',*,*,#9298,.F.);
#9298 = EDGE_CURVE('',#9299,#9291,#9301,.T.);
#9299 = VERTEX_POINT('',#9300);
#9300 = CARTESIAN_POINT('',(-5.3,-1.85,5.3));
#9301 = LINE('',#9302,#9303);
#9302 = CARTESIAN_POINT('',(-5.3,-1.85,5.3));
#9303 = VECTOR('',#9304,1.);
#9304 = DIRECTION('',(0.,-2.22044604925E-16,-1.));
#9305 = ORIENTED_EDGE('',*,*,#9306,.T.);
#9306 = EDGE_CURVE('',#9299,#9307,#9309,.T.);
#9307 = VERTEX_POINT('',#9308);
#9308 = CARTESIAN_POINT('',(7.563114502027,-1.85,9.265220453211));
#9309 = LINE('',#9310,#9311);
#9310 = CARTESIAN_POINT('',(-5.3,-1.85,5.3));
#9311 = VECTOR('',#9312,1.);
#9312 = DIRECTION('',(0.95562562411,6.541076283038E-17,0.294583887109));
#9313 = ORIENTED_EDGE('',*,*,#9314,.F.);
#9314 = EDGE_CURVE('',#9176,#9307,#9315,.T.);
#9315 = LINE('',#9316,#9317);
#9316 = CARTESIAN_POINT('',(7.841484104868,-1.85,10.483830466388));
#9317 = VECTOR('',#9318,1.);
#9318 = DIRECTION('',(-0.222695682273,-2.164686231467E-16,
    -0.974888010541));
#9319 = ORIENTED_EDGE('',*,*,#9183,.F.);
#9320 = PLANE('',#9321);
#9321 = AXIS2_PLACEMENT_3D('',#9322,#9323,#9324);
#9322 = CARTESIAN_POINT('',(2.384994137479,-1.85,7.672288270412));
#9323 = DIRECTION('',(0.,1.,0.));
#9324 = DIRECTION('',(0.,-0.,1.));
#9325 = ADVANCED_FACE('',(#9326),#9337,.T.);
#9326 = FACE_BOUND('',#9327,.T.);
#9327 = EDGE_LOOP('',(#9328,#9329,#9330,#9336));
#9328 = ORIENTED_EDGE('',*,*,#9142,.T.);
#9329 = ORIENTED_EDGE('',*,*,#9266,.T.);
#9330 = ORIENTED_EDGE('',*,*,#9331,.F.);
#9331 = EDGE_CURVE('',#9202,#9267,#9332,.T.);
#9332 = LINE('',#9333,#9334);
#9333 = CARTESIAN_POINT('',(7.817008881552,1.85,9.02955619193));
#9334 = VECTOR('',#9335,1.);
#9335 = DIRECTION('',(0.,-1.,2.22044604925E-16));
#9336 = ORIENTED_EDGE('',*,*,#9201,.F.);
#9337 = PLANE('',#9338);
#9338 = AXIS2_PLACEMENT_3D('',#9339,#9340,#9341);
#9339 = CARTESIAN_POINT('',(8.133950508031,1.85,10.417021761705));
#9340 = DIRECTION('',(0.974888010541,-4.944837478937E-17,-0.222695682276
    ));
#9341 = DIRECTION('',(-0.222695682276,-2.164686231465E-16,
    -0.974888010541));
#9342 = ADVANCED_FACE('',(#9343),#9354,.F.);
#9343 = FACE_BOUND('',#9344,.F.);
#9344 = EDGE_LOOP('',(#9345,#9346,#9347,#9353));
#9345 = ORIENTED_EDGE('',*,*,#9175,.T.);
#9346 = ORIENTED_EDGE('',*,*,#9314,.T.);
#9347 = ORIENTED_EDGE('',*,*,#9348,.F.);
#9348 = EDGE_CURVE('',#9242,#9307,#9349,.T.);
#9349 = LINE('',#9350,#9351);
#9350 = CARTESIAN_POINT('',(7.563114502027,1.85,9.265220453211));
#9351 = VECTOR('',#9352,1.);
#9352 = DIRECTION('',(0.,-1.,2.22044604925E-16));
#9353 = ORIENTED_EDGE('',*,*,#9249,.F.);
#9354 = PLANE('',#9355);
#9355 = AXIS2_PLACEMENT_3D('',#9356,#9357,#9358);
#9356 = CARTESIAN_POINT('',(7.841484104868,1.85,10.483830466388));
#9357 = DIRECTION('',(0.974888010541,-4.944837478893E-17,-0.222695682273
    ));
#9358 = DIRECTION('',(-0.222695682273,-2.164686231467E-16,
    -0.974888010541));
#9359 = ADVANCED_FACE('',(#9360),#9404,.T.);
#9360 = FACE_BOUND('',#9361,.T.);
#9361 = EDGE_LOOP('',(#9362,#9363,#9371,#9379,#9388,#9396,#9402,#9403));
#9362 = ORIENTED_EDGE('',*,*,#9241,.F.);
#9363 = ORIENTED_EDGE('',*,*,#9364,.T.);
#9364 = EDGE_CURVE('',#9234,#9365,#9367,.T.);
#9365 = VERTEX_POINT('',#9366);
#9366 = CARTESIAN_POINT('',(-5.3,0.35,5.3));
#9367 = LINE('',#9368,#9369);
#9368 = CARTESIAN_POINT('',(-5.3,1.85,5.3));
#9369 = VECTOR('',#9370,1.);
#9370 = DIRECTION('',(0.,-1.,2.22044604925E-16));
#9371 = ORIENTED_EDGE('',*,*,#9372,.F.);
#9372 = EDGE_CURVE('',#9373,#9365,#9375,.T.);
#9373 = VERTEX_POINT('',#9374);
#9374 = CARTESIAN_POINT('',(2.7,0.35,7.766102872729));
#9375 = LINE('',#9376,#9377);
#9376 = CARTESIAN_POINT('',(-5.504096135454,0.35,5.237084741755));
#9377 = VECTOR('',#9378,1.);
#9378 = DIRECTION('',(-0.95562562411,0.,-0.294583887109));
#9379 = ORIENTED_EDGE('',*,*,#9380,.F.);
#9380 = EDGE_CURVE('',#9381,#9373,#9383,.T.);
#9381 = VERTEX_POINT('',#9382);
#9382 = CARTESIAN_POINT('',(2.7,-0.35,7.766102872729));
#9383 = ELLIPSE('',#9384,0.366252213387,0.35);
#9384 = AXIS2_PLACEMENT_3D('',#9385,#9386,#9387);
#9385 = CARTESIAN_POINT('',(2.7,8.548717289614E-16,7.766102872729));
#9386 = DIRECTION('',(-0.294583887109,2.121915141618E-16,0.95562562411)
  );
#9387 = DIRECTION('',(-0.95562562411,6.883460264639E-16,-0.294583887109)
  );
#9388 = ORIENTED_EDGE('',*,*,#9389,.F.);
#9389 = EDGE_CURVE('',#9390,#9381,#9392,.T.);
#9390 = VERTEX_POINT('',#9391);
#9391 = CARTESIAN_POINT('',(-5.3,-0.35,5.3));
#9392 = LINE('',#9393,#9394);
#9393 = CARTESIAN_POINT('',(-1.851214801631,-0.35,6.36313238564));
#9394 = VECTOR('',#9395,1.);
#9395 = DIRECTION('',(0.95562562411,0.,0.294583887109));
#9396 = ORIENTED_EDGE('',*,*,#9397,.T.);
#9397 = EDGE_CURVE('',#9390,#9299,#9398,.T.);
#9398 = LINE('',#9399,#9400);
#9399 = CARTESIAN_POINT('',(-5.3,1.85,5.3));
#9400 = VECTOR('',#9401,1.);
#9401 = DIRECTION('',(0.,-1.,2.22044604925E-16));
#9402 = ORIENTED_EDGE('',*,*,#9306,.T.);
#9403 = ORIENTED_EDGE('',*,*,#9348,.F.);
#9404 = PLANE('',#9405);
#9405 = AXIS2_PLACEMENT_3D('',#9406,#9407,#9408);
#9406 = CARTESIAN_POINT('',(-5.3,1.85,5.3));
#9407 = DIRECTION('',(-0.294583887109,2.121915141618E-16,0.95562562411)
  );
#9408 = DIRECTION('',(0.95562562411,6.541076283038E-17,0.294583887109));
#9409 = ADVANCED_FACE('',(#9410),#9435,.F.);
#9410 = FACE_BOUND('',#9411,.F.);
#9411 = EDGE_LOOP('',(#9412,#9420,#9428,#9434));
#9412 = ORIENTED_EDGE('',*,*,#9413,.T.);
#9413 = EDGE_CURVE('',#9226,#9414,#9416,.T.);
#9414 = VERTEX_POINT('',#9415);
#9415 = CARTESIAN_POINT('',(-5.3,2.35,4.55));
#9416 = LINE('',#9417,#9418);
#9417 = CARTESIAN_POINT('',(-5.3,1.85,4.55));
#9418 = VECTOR('',#9419,1.);
#9419 = DIRECTION('',(0.,1.,2.22044604925E-16));
#9420 = ORIENTED_EDGE('',*,*,#9421,.T.);
#9421 = EDGE_CURVE('',#9414,#9422,#9424,.T.);
#9422 = VERTEX_POINT('',#9423);
#9423 = CARTESIAN_POINT('',(-5.,2.35,4.55));
#9424 = LINE('',#9425,#9426);
#9425 = CARTESIAN_POINT('',(-5.3,2.35,4.55));
#9426 = VECTOR('',#9427,1.);
#9427 = DIRECTION('',(1.,0.,0.));
#9428 = ORIENTED_EDGE('',*,*,#9429,.F.);
#9429 = EDGE_CURVE('',#9218,#9422,#9430,.T.);
#9430 = LINE('',#9431,#9432);
#9431 = CARTESIAN_POINT('',(-5.,1.85,4.55));
#9432 = VECTOR('',#9433,1.);
#9433 = DIRECTION('',(0.,1.,2.22044604925E-16));
#9434 = ORIENTED_EDGE('',*,*,#9225,.F.);
#9435 = PLANE('',#9436);
#9436 = AXIS2_PLACEMENT_3D('',#9437,#9438,#9439);
#9437 = CARTESIAN_POINT('',(-5.3,1.85,4.55));
#9438 = DIRECTION('',(0.,2.22044604925E-16,-1.));
#9439 = DIRECTION('',(1.,0.,0.));
#9440 = ADVANCED_FACE('',(#9441),#9485,.F.);
#9441 = FACE_BOUND('',#9442,.F.);
#9442 = EDGE_LOOP('',(#9443,#9444,#9452,#9460,#9469,#9477,#9483,#9484));
#9443 = ORIENTED_EDGE('',*,*,#9209,.F.);
#9444 = ORIENTED_EDGE('',*,*,#9445,.T.);
#9445 = EDGE_CURVE('',#9210,#9446,#9448,.T.);
#9446 = VERTEX_POINT('',#9447);
#9447 = CARTESIAN_POINT('',(-5.,0.35,5.078548389109));
#9448 = LINE('',#9449,#9450);
#9449 = CARTESIAN_POINT('',(-5.,1.85,5.078548389109));
#9450 = VECTOR('',#9451,1.);
#9451 = DIRECTION('',(0.,-1.,2.22044604925E-16));
#9452 = ORIENTED_EDGE('',*,*,#9453,.F.);
#9453 = EDGE_CURVE('',#9454,#9446,#9456,.T.);
#9454 = VERTEX_POINT('',#9455);
#9455 = CARTESIAN_POINT('',(2.7,0.35,7.452172404109));
#9456 = LINE('',#9457,#9458);
#9457 = CARTESIAN_POINT('',(-5.309908552388,0.35,4.983015092693));
#9458 = VECTOR('',#9459,1.);
#9459 = DIRECTION('',(-0.95562562411,0.,-0.294583887109));
#9460 = ORIENTED_EDGE('',*,*,#9461,.F.);
#9461 = EDGE_CURVE('',#9462,#9454,#9464,.T.);
#9462 = VERTEX_POINT('',#9463);
#9463 = CARTESIAN_POINT('',(2.7,-0.35,7.452172404109));
#9464 = ELLIPSE('',#9465,0.366252213387,0.35);
#9465 = AXIS2_PLACEMENT_3D('',#9466,#9467,#9468);
#9466 = CARTESIAN_POINT('',(2.7,8.548717289614E-16,7.452172404109));
#9467 = DIRECTION('',(-0.294583887109,2.121915141618E-16,0.95562562411)
  );
#9468 = DIRECTION('',(-0.95562562411,6.883460264643E-16,-0.294583887109)
  );
#9469 = ORIENTED_EDGE('',*,*,#9470,.F.);
#9470 = EDGE_CURVE('',#9471,#9462,#9473,.T.);
#9471 = VERTEX_POINT('',#9472);
#9472 = CARTESIAN_POINT('',(-5.,-0.35,5.078548389109));
#9473 = LINE('',#9474,#9475);
#9474 = CARTESIAN_POINT('',(-1.657027218564,-0.35,6.109062736577));
#9475 = VECTOR('',#9476,1.);
#9476 = DIRECTION('',(0.95562562411,0.,0.294583887109));
#9477 = ORIENTED_EDGE('',*,*,#9478,.T.);
#9478 = EDGE_CURVE('',#9471,#9275,#9479,.T.);
#9479 = LINE('',#9480,#9481);
#9480 = CARTESIAN_POINT('',(-5.,1.85,5.078548389109));
#9481 = VECTOR('',#9482,1.);
#9482 = DIRECTION('',(0.,-1.,2.22044604925E-16));
#9483 = ORIENTED_EDGE('',*,*,#9274,.T.);
#9484 = ORIENTED_EDGE('',*,*,#9331,.F.);
#9485 = PLANE('',#9486);
#9486 = AXIS2_PLACEMENT_3D('',#9487,#9488,#9489);
#9487 = CARTESIAN_POINT('',(-5.,1.85,5.078548389109));
#9488 = DIRECTION('',(-0.294583887109,2.121915141618E-16,0.95562562411)
  );
#9489 = DIRECTION('',(0.95562562411,6.541076283034E-17,0.294583887109));
#9490 = ADVANCED_FACE('',(#9491),#9516,.T.);
#9491 = FACE_BOUND('',#9492,.T.);
#9492 = EDGE_LOOP('',(#9493,#9501,#9509,#9515));
#9493 = ORIENTED_EDGE('',*,*,#9494,.T.);
#9494 = EDGE_CURVE('',#9291,#9495,#9497,.T.);
#9495 = VERTEX_POINT('',#9496);
#9496 = CARTESIAN_POINT('',(-5.3,-2.35,4.55));
#9497 = LINE('',#9498,#9499);
#9498 = CARTESIAN_POINT('',(-5.3,-1.85,4.55));
#9499 = VECTOR('',#9500,1.);
#9500 = DIRECTION('',(0.,-1.,2.22044604925E-16));
#9501 = ORIENTED_EDGE('',*,*,#9502,.T.);
#9502 = EDGE_CURVE('',#9495,#9503,#9505,.T.);
#9503 = VERTEX_POINT('',#9504);
#9504 = CARTESIAN_POINT('',(-5.,-2.35,4.55));
#9505 = LINE('',#9506,#9507);
#9506 = CARTESIAN_POINT('',(-5.3,-2.35,4.55));
#9507 = VECTOR('',#9508,1.);
#9508 = DIRECTION('',(1.,0.,0.));
#9509 = ORIENTED_EDGE('',*,*,#9510,.F.);
#9510 = EDGE_CURVE('',#9283,#9503,#9511,.T.);
#9511 = LINE('',#9512,#9513);
#9512 = CARTESIAN_POINT('',(-5.,-1.85,4.55));
#9513 = VECTOR('',#9514,1.);
#9514 = DIRECTION('',(0.,-1.,2.22044604925E-16));
#9515 = ORIENTED_EDGE('',*,*,#9290,.F.);
#9516 = PLANE('',#9517);
#9517 = AXIS2_PLACEMENT_3D('',#9518,#9519,#9520);
#9518 = CARTESIAN_POINT('',(-5.3,-1.85,4.55));
#9519 = DIRECTION('',(0.,2.22044604925E-16,1.));
#9520 = DIRECTION('',(1.,0.,-0.));
#9521 = ADVANCED_FACE('',(#9522),#9554,.F.);
#9522 = FACE_BOUND('',#9523,.F.);
#9523 = EDGE_LOOP('',(#9524,#9525,#9531,#9532,#9540,#9548));
#9524 = ORIENTED_EDGE('',*,*,#9470,.T.);
#9525 = ORIENTED_EDGE('',*,*,#9526,.T.);
#9526 = EDGE_CURVE('',#9462,#9381,#9527,.T.);
#9527 = LINE('',#9528,#9529);
#9528 = CARTESIAN_POINT('',(2.7,-0.35,3.85));
#9529 = VECTOR('',#9530,1.);
#9530 = DIRECTION('',(0.,0.,1.));
#9531 = ORIENTED_EDGE('',*,*,#9389,.F.);
#9532 = ORIENTED_EDGE('',*,*,#9533,.F.);
#9533 = EDGE_CURVE('',#9534,#9390,#9536,.T.);
#9534 = VERTEX_POINT('',#9535);
#9535 = CARTESIAN_POINT('',(-5.3,-0.35,3.85));
#9536 = LINE('',#9537,#9538);
#9537 = CARTESIAN_POINT('',(-5.3,-0.35,3.85));
#9538 = VECTOR('',#9539,1.);
#9539 = DIRECTION('',(0.,0.,1.));
#9540 = ORIENTED_EDGE('',*,*,#9541,.F.);
#9541 = EDGE_CURVE('',#9542,#9534,#9544,.T.);
#9542 = VERTEX_POINT('',#9543);
#9543 = CARTESIAN_POINT('',(-5.,-0.35,3.85));
#9544 = LINE('',#9545,#9546);
#9545 = CARTESIAN_POINT('',(2.7,-0.35,3.85));
#9546 = VECTOR('',#9547,1.);
#9547 = DIRECTION('',(-1.,-0.,0.));
#9548 = ORIENTED_EDGE('',*,*,#9549,.T.);
#9549 = EDGE_CURVE('',#9542,#9471,#9550,.T.);
#9550 = LINE('',#9551,#9552);
#9551 = CARTESIAN_POINT('',(-5.,-0.35,3.85));
#9552 = VECTOR('',#9553,1.);
#9553 = DIRECTION('',(0.,0.,1.));
#9554 = PLANE('',#9555);
#9555 = AXIS2_PLACEMENT_3D('',#9556,#9557,#9558);
#9556 = CARTESIAN_POINT('',(2.7,-0.35,3.85));
#9557 = DIRECTION('',(0.,-1.,0.));
#9558 = DIRECTION('',(-1.,0.,0.));
#9559 = ADVANCED_FACE('',(#9560),#9571,.F.);
#9560 = FACE_BOUND('',#9561,.F.);
#9561 = EDGE_LOOP('',(#9562,#9563,#9569,#9570));
#9562 = ORIENTED_EDGE('',*,*,#9461,.T.);
#9563 = ORIENTED_EDGE('',*,*,#9564,.T.);
#9564 = EDGE_CURVE('',#9454,#9373,#9565,.T.);
#9565 = LINE('',#9566,#9567);
#9566 = CARTESIAN_POINT('',(2.7,0.35,3.85));
#9567 = VECTOR('',#9568,1.);
#9568 = DIRECTION('',(0.,0.,1.));
#9569 = ORIENTED_EDGE('',*,*,#9380,.F.);
#9570 = ORIENTED_EDGE('',*,*,#9526,.F.);
#9571 = CYLINDRICAL_SURFACE('',#9572,0.35);
#9572 = AXIS2_PLACEMENT_3D('',#9573,#9574,#9575);
#9573 = CARTESIAN_POINT('',(2.7,8.548717289614E-16,3.85));
#9574 = DIRECTION('',(0.,0.,-1.));
#9575 = DIRECTION('',(1.,0.,0.));
#9576 = ADVANCED_FACE('',(#9577),#9604,.F.);
#9577 = FACE_BOUND('',#9578,.F.);
#9578 = EDGE_LOOP('',(#9579,#9589,#9595,#9596,#9597,#9598));
#9579 = ORIENTED_EDGE('',*,*,#9580,.F.);
#9580 = EDGE_CURVE('',#9581,#9583,#9585,.T.);
#9581 = VERTEX_POINT('',#9582);
#9582 = CARTESIAN_POINT('',(-5.3,0.35,3.85));
#9583 = VERTEX_POINT('',#9584);
#9584 = CARTESIAN_POINT('',(-5.,0.35,3.85));
#9585 = LINE('',#9586,#9587);
#9586 = CARTESIAN_POINT('',(-5.3,0.35,3.85));
#9587 = VECTOR('',#9588,1.);
#9588 = DIRECTION('',(1.,0.,0.));
#9589 = ORIENTED_EDGE('',*,*,#9590,.T.);
#9590 = EDGE_CURVE('',#9581,#9365,#9591,.T.);
#9591 = LINE('',#9592,#9593);
#9592 = CARTESIAN_POINT('',(-5.3,0.35,3.85));
#9593 = VECTOR('',#9594,1.);
#9594 = DIRECTION('',(0.,0.,1.));
#9595 = ORIENTED_EDGE('',*,*,#9372,.F.);
#9596 = ORIENTED_EDGE('',*,*,#9564,.F.);
#9597 = ORIENTED_EDGE('',*,*,#9453,.T.);
#9598 = ORIENTED_EDGE('',*,*,#9599,.T.);
#9599 = EDGE_CURVE('',#9446,#9583,#9600,.T.);
#9600 = LINE('',#9601,#9602);
#9601 = CARTESIAN_POINT('',(-5.,0.35,3.85));
#9602 = VECTOR('',#9603,1.);
#9603 = DIRECTION('',(0.,0.,-1.));
#9604 = PLANE('',#9605);
#9605 = AXIS2_PLACEMENT_3D('',#9606,#9607,#9608);
#9606 = CARTESIAN_POINT('',(-5.3,0.35,3.85));
#9607 = DIRECTION('',(0.,1.,0.));
#9608 = DIRECTION('',(1.,0.,0.));
#9609 = ADVANCED_FACE('',(#9610),#9635,.T.);
#9610 = FACE_BOUND('',#9611,.T.);
#9611 = EDGE_LOOP('',(#9612,#9622,#9628,#9629));
#9612 = ORIENTED_EDGE('',*,*,#9613,.T.);
#9613 = EDGE_CURVE('',#9614,#9616,#9618,.T.);
#9614 = VERTEX_POINT('',#9615);
#9615 = CARTESIAN_POINT('',(-5.,2.35,3.85));
#9616 = VERTEX_POINT('',#9617);
#9617 = CARTESIAN_POINT('',(-5.3,2.35,3.85));
#9618 = LINE('',#9619,#9620);
#9619 = CARTESIAN_POINT('',(-5.,2.35,3.85));
#9620 = VECTOR('',#9621,1.);
#9621 = DIRECTION('',(-1.,0.,-0.));
#9622 = ORIENTED_EDGE('',*,*,#9623,.T.);
#9623 = EDGE_CURVE('',#9616,#9414,#9624,.T.);
#9624 = LINE('',#9625,#9626);
#9625 = CARTESIAN_POINT('',(-5.3,2.35,3.85));
#9626 = VECTOR('',#9627,1.);
#9627 = DIRECTION('',(0.,-2.22044604925E-16,1.));
#9628 = ORIENTED_EDGE('',*,*,#9421,.T.);
#9629 = ORIENTED_EDGE('',*,*,#9630,.T.);
#9630 = EDGE_CURVE('',#9422,#9614,#9631,.T.);
#9631 = LINE('',#9632,#9633);
#9632 = CARTESIAN_POINT('',(-5.,2.35,4.55));
#9633 = VECTOR('',#9634,1.);
#9634 = DIRECTION('',(0.,2.22044604925E-16,-1.));
#9635 = PLANE('',#9636);
#9636 = AXIS2_PLACEMENT_3D('',#9637,#9638,#9639);
#9637 = CARTESIAN_POINT('',(-5.15,2.35,4.2));
#9638 = DIRECTION('',(0.,1.,3.172065784643E-16));
#9639 = DIRECTION('',(0.,-3.172065784643E-16,1.));
#9640 = ADVANCED_FACE('',(#9641),#9666,.F.);
#9641 = FACE_BOUND('',#9642,.F.);
#9642 = EDGE_LOOP('',(#9643,#9653,#9659,#9660));
#9643 = ORIENTED_EDGE('',*,*,#9644,.T.);
#9644 = EDGE_CURVE('',#9645,#9647,#9649,.T.);
#9645 = VERTEX_POINT('',#9646);
#9646 = CARTESIAN_POINT('',(-5.,-2.35,3.85));
#9647 = VERTEX_POINT('',#9648);
#9648 = CARTESIAN_POINT('',(-5.3,-2.35,3.85));
#9649 = LINE('',#9650,#9651);
#9650 = CARTESIAN_POINT('',(-5.,-2.35,3.85));
#9651 = VECTOR('',#9652,1.);
#9652 = DIRECTION('',(-1.,0.,0.));
#9653 = ORIENTED_EDGE('',*,*,#9654,.T.);
#9654 = EDGE_CURVE('',#9647,#9495,#9655,.T.);
#9655 = LINE('',#9656,#9657);
#9656 = CARTESIAN_POINT('',(-5.3,-2.35,3.85));
#9657 = VECTOR('',#9658,1.);
#9658 = DIRECTION('',(0.,2.22044604925E-16,1.));
#9659 = ORIENTED_EDGE('',*,*,#9502,.T.);
#9660 = ORIENTED_EDGE('',*,*,#9661,.T.);
#9661 = EDGE_CURVE('',#9503,#9645,#9662,.T.);
#9662 = LINE('',#9663,#9664);
#9663 = CARTESIAN_POINT('',(-5.,-2.35,4.55));
#9664 = VECTOR('',#9665,1.);
#9665 = DIRECTION('',(0.,-2.22044604925E-16,-1.));
#9666 = PLANE('',#9667);
#9667 = AXIS2_PLACEMENT_3D('',#9668,#9669,#9670);
#9668 = CARTESIAN_POINT('',(-5.15,-2.35,4.2));
#9669 = DIRECTION('',(0.,1.,-3.172065784643E-16));
#9670 = DIRECTION('',(0.,3.172065784643E-16,1.));
#9671 = ADVANCED_FACE('',(#9672),#9685,.T.);
#9672 = FACE_BOUND('',#9673,.T.);
#9673 = EDGE_LOOP('',(#9674,#9675,#9676,#9677,#9683,#9684));
#9674 = ORIENTED_EDGE('',*,*,#9233,.T.);
#9675 = ORIENTED_EDGE('',*,*,#9413,.T.);
#9676 = ORIENTED_EDGE('',*,*,#9623,.F.);
#9677 = ORIENTED_EDGE('',*,*,#9678,.F.);
#9678 = EDGE_CURVE('',#9581,#9616,#9679,.T.);
#9679 = LINE('',#9680,#9681);
#9680 = CARTESIAN_POINT('',(-5.3,1.85,3.85));
#9681 = VECTOR('',#9682,1.);
#9682 = DIRECTION('',(0.,1.,2.22044604925E-16));
#9683 = ORIENTED_EDGE('',*,*,#9590,.T.);
#9684 = ORIENTED_EDGE('',*,*,#9364,.F.);
#9685 = PLANE('',#9686);
#9686 = AXIS2_PLACEMENT_3D('',#9687,#9688,#9689);
#9687 = CARTESIAN_POINT('',(-5.3,1.295652173913,4.520652173913));
#9688 = DIRECTION('',(-1.,8.28724232323E-14,3.986717974097E-15));
#9689 = DIRECTION('',(8.28724232323E-14,1.,2.22044604925E-16));
#9690 = ADVANCED_FACE('',(#9691),#9704,.T.);
#9691 = FACE_BOUND('',#9692,.T.);
#9692 = EDGE_LOOP('',(#9693,#9694,#9700,#9701,#9702,#9703));
#9693 = ORIENTED_EDGE('',*,*,#9533,.F.);
#9694 = ORIENTED_EDGE('',*,*,#9695,.T.);
#9695 = EDGE_CURVE('',#9534,#9647,#9696,.T.);
#9696 = LINE('',#9697,#9698);
#9697 = CARTESIAN_POINT('',(-5.3,1.85,3.85));
#9698 = VECTOR('',#9699,1.);
#9699 = DIRECTION('',(0.,-1.,2.22044604925E-16));
#9700 = ORIENTED_EDGE('',*,*,#9654,.T.);
#9701 = ORIENTED_EDGE('',*,*,#9494,.F.);
#9702 = ORIENTED_EDGE('',*,*,#9298,.F.);
#9703 = ORIENTED_EDGE('',*,*,#9397,.F.);
#9704 = PLANE('',#9705);
#9705 = AXIS2_PLACEMENT_3D('',#9706,#9707,#9708);
#9706 = CARTESIAN_POINT('',(-5.3,-1.295652173913,4.520652173913));
#9707 = DIRECTION('',(-1.,-1.229325511416E-13,6.66585466514E-15));
#9708 = DIRECTION('',(-1.229325511416E-13,1.,2.22044604925E-16));
#9709 = ADVANCED_FACE('',(#9710),#9723,.T.);
#9710 = FACE_BOUND('',#9711,.T.);
#9711 = EDGE_LOOP('',(#9712,#9713,#9714,#9715,#9721,#9722));
#9712 = ORIENTED_EDGE('',*,*,#9217,.T.);
#9713 = ORIENTED_EDGE('',*,*,#9445,.T.);
#9714 = ORIENTED_EDGE('',*,*,#9599,.T.);
#9715 = ORIENTED_EDGE('',*,*,#9716,.F.);
#9716 = EDGE_CURVE('',#9614,#9583,#9717,.T.);
#9717 = LINE('',#9718,#9719);
#9718 = CARTESIAN_POINT('',(-5.,1.85,3.85));
#9719 = VECTOR('',#9720,1.);
#9720 = DIRECTION('',(0.,-1.,2.22044604925E-16));
#9721 = ORIENTED_EDGE('',*,*,#9630,.F.);
#9722 = ORIENTED_EDGE('',*,*,#9429,.F.);
#9723 = PLANE('',#9724);
#9724 = AXIS2_PLACEMENT_3D('',#9725,#9726,#9727);
#9725 = CARTESIAN_POINT('',(-5.,1.309072288424,4.423346482979));
#9726 = DIRECTION('',(1.,0.,0.));
#9727 = DIRECTION('',(0.,-1.,-2.22044604925E-16));
#9728 = ADVANCED_FACE('',(#9729),#9742,.T.);
#9729 = FACE_BOUND('',#9730,.T.);
#9730 = EDGE_LOOP('',(#9731,#9732,#9733,#9734,#9735,#9736));
#9731 = ORIENTED_EDGE('',*,*,#9549,.T.);
#9732 = ORIENTED_EDGE('',*,*,#9478,.T.);
#9733 = ORIENTED_EDGE('',*,*,#9282,.F.);
#9734 = ORIENTED_EDGE('',*,*,#9510,.T.);
#9735 = ORIENTED_EDGE('',*,*,#9661,.T.);
#9736 = ORIENTED_EDGE('',*,*,#9737,.F.);
#9737 = EDGE_CURVE('',#9542,#9645,#9738,.T.);
#9738 = LINE('',#9739,#9740);
#9739 = CARTESIAN_POINT('',(-5.,-1.85,3.85));
#9740 = VECTOR('',#9741,1.);
#9741 = DIRECTION('',(0.,-1.,2.22044604925E-16));
#9742 = PLANE('',#9743);
#9743 = AXIS2_PLACEMENT_3D('',#9744,#9745,#9746);
#9744 = CARTESIAN_POINT('',(-5.,-1.309072288424,4.423346482979));
#9745 = DIRECTION('',(1.,0.,0.));
#9746 = DIRECTION('',(0.,-1.,-2.22044604925E-16));
#9747 = ADVANCED_FACE('',(#9748),#9754,.T.);
#9748 = FACE_BOUND('',#9749,.T.);
#9749 = EDGE_LOOP('',(#9750,#9751,#9752,#9753));
#9750 = ORIENTED_EDGE('',*,*,#9716,.T.);
#9751 = ORIENTED_EDGE('',*,*,#9580,.F.);
#9752 = ORIENTED_EDGE('',*,*,#9678,.T.);
#9753 = ORIENTED_EDGE('',*,*,#9613,.F.);
#9754 = PLANE('',#9755);
#9755 = AXIS2_PLACEMENT_3D('',#9756,#9757,#9758);
#9756 = CARTESIAN_POINT('',(-5.15,1.35,3.85));
#9757 = DIRECTION('',(0.,-4.440892098501E-16,-1.));
#9758 = DIRECTION('',(0.,1.,-4.440892098501E-16));
#9759 = ADVANCED_FACE('',(#9760),#9766,.T.);
#9760 = FACE_BOUND('',#9761,.T.);
#9761 = EDGE_LOOP('',(#9762,#9763,#9764,#9765));
#9762 = ORIENTED_EDGE('',*,*,#9541,.F.);
#9763 = ORIENTED_EDGE('',*,*,#9737,.T.);
#9764 = ORIENTED_EDGE('',*,*,#9644,.T.);
#9765 = ORIENTED_EDGE('',*,*,#9695,.F.);
#9766 = PLANE('',#9767);
#9767 = AXIS2_PLACEMENT_3D('',#9768,#9769,#9770);
#9768 = CARTESIAN_POINT('',(-5.15,-1.35,3.85));
#9769 = DIRECTION('',(-0.,2.22044604925E-16,-1.));
#9770 = DIRECTION('',(0.,1.,2.22044604925E-16));
#9771 = ( GEOMETRIC_REPRESENTATION_CONTEXT(3) 
GLOBAL_UNCERTAINTY_ASSIGNED_CONTEXT((#9775)) 
GLOBAL_UNIT_ASSIGNED_CONTEXT((#9772,#9773,#9774)) REPRESENTATION_CONTEXT
('Context #1','3D Context with UNIT and UNCERTAINTY') );
#9772 = ( LENGTH_UNIT() NAMED_UNIT(*) SI_UNIT(.MILLI.,.METRE.) );
#9773 = ( NAMED_UNIT(*) PLANE_ANGLE_UNIT() SI_UNIT($,.RADIAN.) );
#9774 = ( NAMED_UNIT(*) SI_UNIT($,.STERADIAN.) SOLID_ANGLE_UNIT() );
#9775 = UNCERTAINTY_MEASURE_WITH_UNIT(LENGTH_MEASURE(1.E-07),#9772,
  'distance_accuracy_value','confusion accuracy');
#9776 = CONTEXT_DEPENDENT_SHAPE_REPRESENTATION(#9777,#9779);
#9777 = ( REPRESENTATION_RELATIONSHIP('','',#9086,#5340) 
REPRESENTATION_RELATIONSHIP_WITH_TRANSFORMATION(#9778) 
SHAPE_REPRESENTATION_RELATIONSHIP() );
#9778 = ITEM_DEFINED_TRANSFORMATION('','',#11,#5353);
#9779 = PRODUCT_DEFINITION_SHAPE('Placement','Placement of an item',
  #9780);
#9780 = NEXT_ASSEMBLY_USAGE_OCCURRENCE('10','Lever_16U001','',#5335,
  #9081,$);
#9781 = PRODUCT_RELATED_PRODUCT_CATEGORY('part',$,(#9083));
#9782 = SHAPE_DEFINITION_REPRESENTATION(#9783,#9789);
#9783 = PRODUCT_DEFINITION_SHAPE('','',#9784);
#9784 = PRODUCT_DEFINITION('design','',#9785,#9788);
#9785 = PRODUCT_DEFINITION_FORMATION('','',#9786);
#9786 = PRODUCT('Pin_NO005','Pin_NO005','',(#9787));
#9787 = PRODUCT_CONTEXT('',#2,'mechanical');
#9788 = PRODUCT_DEFINITION_CONTEXT('part definition',#2,'design');
#9789 = ADVANCED_BREP_SHAPE_REPRESENTATION('',(#11,#9790),#10441);
#9790 = MANIFOLD_SOLID_BREP('',#9791);
#9791 = CLOSED_SHELL('',(#9792,#9832,#9986,#10010,#10034,#10174,#10191,
    #10208,#10225,#10242,#10259,#10276,#10293,#10310,#10327,#10344,
    #10361,#10378,#10395,#10412,#10429));
#9792 = ADVANCED_FACE('',(#9793),#9827,.T.);
#9793 = FACE_BOUND('',#9794,.T.);
#9794 = EDGE_LOOP('',(#9795,#9805,#9813,#9821));
#9795 = ORIENTED_EDGE('',*,*,#9796,.F.);
#9796 = EDGE_CURVE('',#9797,#9799,#9801,.T.);
#9797 = VERTEX_POINT('',#9798);
#9798 = CARTESIAN_POINT('',(0.24999999999,0.225,-4.6));
#9799 = VERTEX_POINT('',#9800);
#9800 = CARTESIAN_POINT('',(-0.25,0.225,-4.6));
#9801 = LINE('',#9802,#9803);
#9802 = CARTESIAN_POINT('',(0.39999999999,0.225,-4.6));
#9803 = VECTOR('',#9804,1.);
#9804 = DIRECTION('',(-1.,0.,0.));
#9805 = ORIENTED_EDGE('',*,*,#9806,.T.);
#9806 = EDGE_CURVE('',#9797,#9807,#9809,.T.);
#9807 = VERTEX_POINT('',#9808);
#9808 = CARTESIAN_POINT('',(0.24999999999,-0.225,-4.6));
#9809 = LINE('',#9810,#9811);
#9810 = CARTESIAN_POINT('',(0.24999999999,0.225,-4.6));
#9811 = VECTOR('',#9812,1.);
#9812 = DIRECTION('',(0.,-1.,2.2E-16));
#9813 = ORIENTED_EDGE('',*,*,#9814,.T.);
#9814 = EDGE_CURVE('',#9807,#9815,#9817,.T.);
#9815 = VERTEX_POINT('',#9816);
#9816 = CARTESIAN_POINT('',(-0.25,-0.225,-4.6));
#9817 = LINE('',#9818,#9819);
#9818 = CARTESIAN_POINT('',(0.39999999999,-0.225,-4.6));
#9819 = VECTOR('',#9820,1.);
#9820 = DIRECTION('',(-1.,0.,0.));
#9821 = ORIENTED_EDGE('',*,*,#9822,.F.);
#9822 = EDGE_CURVE('',#9799,#9815,#9823,.T.);
#9823 = LINE('',#9824,#9825);
#9824 = CARTESIAN_POINT('',(-0.25,0.225,-4.6));
#9825 = VECTOR('',#9826,1.);
#9826 = DIRECTION('',(0.,-1.,2.2E-16));
#9827 = PLANE('',#9828);
#9828 = AXIS2_PLACEMENT_3D('',#9829,#9830,#9831);
#9829 = CARTESIAN_POINT('',(0.39999999999,0.225,-4.6));
#9830 = DIRECTION('',(0.,-2.2E-16,-1.));
#9831 = DIRECTION('',(-1.,-0.,0.));
#9832 = ADVANCED_FACE('',(#9833),#9981,.T.);
#9833 = FACE_BOUND('',#9834,.T.);
#9834 = EDGE_LOOP('',(#9835,#9845,#9851,#9852,#9860,#9868,#9877,#9886,
    #9894,#9902,#9910,#9918,#9926,#9934,#9942,#9950,#9958,#9966,#9974));
#9835 = ORIENTED_EDGE('',*,*,#9836,.F.);
#9836 = EDGE_CURVE('',#9837,#9839,#9841,.T.);
#9837 = VERTEX_POINT('',#9838);
#9838 = CARTESIAN_POINT('',(0.39999999999,0.225,-4.45));
#9839 = VERTEX_POINT('',#9840);
#9840 = CARTESIAN_POINT('',(0.39999999999,0.225,-3.8));
#9841 = LINE('',#9842,#9843);
#9842 = CARTESIAN_POINT('',(0.39999999999,0.225,-4.6));
#9843 = VECTOR('',#9844,1.);
#9844 = DIRECTION('',(0.,-2.2E-16,1.));
#9845 = ORIENTED_EDGE('',*,*,#9846,.F.);
#9846 = EDGE_CURVE('',#9797,#9837,#9847,.T.);
#9847 = LINE('',#9848,#9849);
#9848 = CARTESIAN_POINT('',(1.544001803753,0.225,-3.305998196237));
#9849 = VECTOR('',#9850,1.);
#9850 = DIRECTION('',(0.707106781187,0.,0.707106781187));
#9851 = ORIENTED_EDGE('',*,*,#9796,.T.);
#9852 = ORIENTED_EDGE('',*,*,#9853,.T.);
#9853 = EDGE_CURVE('',#9799,#9854,#9856,.T.);
#9854 = VERTEX_POINT('',#9855);
#9855 = CARTESIAN_POINT('',(-0.4,0.225,-4.45));
#9856 = LINE('',#9857,#9858);
#9857 = CARTESIAN_POINT('',(-1.02760825508,0.225,-3.82239174492));
#9858 = VECTOR('',#9859,1.);
#9859 = DIRECTION('',(-0.707106781187,0.,0.707106781187));
#9860 = ORIENTED_EDGE('',*,*,#9861,.T.);
#9861 = EDGE_CURVE('',#9854,#9862,#9864,.T.);
#9862 = VERTEX_POINT('',#9863);
#9863 = CARTESIAN_POINT('',(-0.4,0.225,-3.8));
#9864 = LINE('',#9865,#9866);
#9865 = CARTESIAN_POINT('',(-0.4,0.225,-4.6));
#9866 = VECTOR('',#9867,1.);
#9867 = DIRECTION('',(0.,-2.2E-16,1.));
#9868 = ORIENTED_EDGE('',*,*,#9869,.T.);
#9869 = EDGE_CURVE('',#9862,#9870,#9872,.T.);
#9870 = VERTEX_POINT('',#9871);
#9871 = CARTESIAN_POINT('',(-0.2,0.225,-3.6));
#9872 = CIRCLE('',#9873,0.2);
#9873 = AXIS2_PLACEMENT_3D('',#9874,#9875,#9876);
#9874 = CARTESIAN_POINT('',(-0.4,0.225,-3.6));
#9875 = DIRECTION('',(0.,-1.,2.2E-16));
#9876 = DIRECTION('',(1.,0.,0.));
#9877 = ORIENTED_EDGE('',*,*,#9878,.T.);
#9878 = EDGE_CURVE('',#9870,#9879,#9881,.T.);
#9879 = VERTEX_POINT('',#9880);
#9880 = CARTESIAN_POINT('',(-0.4,0.225,-3.4));
#9881 = CIRCLE('',#9882,0.2);
#9882 = AXIS2_PLACEMENT_3D('',#9883,#9884,#9885);
#9883 = CARTESIAN_POINT('',(-0.4,0.225,-3.6));
#9884 = DIRECTION('',(0.,-1.,2.2E-16));
#9885 = DIRECTION('',(1.,0.,0.));
#9886 = ORIENTED_EDGE('',*,*,#9887,.T.);
#9887 = EDGE_CURVE('',#9879,#9888,#9890,.T.);
#9888 = VERTEX_POINT('',#9889);
#9889 = CARTESIAN_POINT('',(-0.4,0.225,0.90957187021));
#9890 = LINE('',#9891,#9892);
#9891 = CARTESIAN_POINT('',(-0.4,0.225,-4.6));
#9892 = VECTOR('',#9893,1.);
#9893 = DIRECTION('',(0.,-2.2E-16,1.));
#9894 = ORIENTED_EDGE('',*,*,#9895,.F.);
#9895 = EDGE_CURVE('',#9896,#9888,#9898,.T.);
#9896 = VERTEX_POINT('',#9897);
#9897 = CARTESIAN_POINT('',(0.437956929931,0.225,0.90957187021));
#9898 = LINE('',#9899,#9900);
#9899 = CARTESIAN_POINT('',(0.437956929931,0.225,0.90957187021));
#9900 = VECTOR('',#9901,1.);
#9901 = DIRECTION('',(-1.,0.,0.));
#9902 = ORIENTED_EDGE('',*,*,#9903,.F.);
#9903 = EDGE_CURVE('',#9904,#9896,#9906,.T.);
#9904 = VERTEX_POINT('',#9905);
#9905 = CARTESIAN_POINT('',(2.487124850331,0.225,1.535332874241));
#9906 = LINE('',#9907,#9908);
#9907 = CARTESIAN_POINT('',(2.487124850331,0.225,1.535332874241));
#9908 = VECTOR('',#9909,1.);
#9909 = DIRECTION('',(-0.956400292518,6.000000000001E-17,-0.292059035935
    ));
#9910 = ORIENTED_EDGE('',*,*,#9911,.F.);
#9911 = EDGE_CURVE('',#9912,#9904,#9914,.T.);
#9912 = VERTEX_POINT('',#9913);
#9913 = CARTESIAN_POINT('',(2.487124850331,0.225,2.48242));
#9914 = LINE('',#9915,#9916);
#9915 = CARTESIAN_POINT('',(2.487124850331,0.225,2.48242));
#9916 = VECTOR('',#9917,1.);
#9917 = DIRECTION('',(0.,2.2E-16,-1.));
#9918 = ORIENTED_EDGE('',*,*,#9919,.F.);
#9919 = EDGE_CURVE('',#9920,#9912,#9922,.T.);
#9920 = VERTEX_POINT('',#9921);
#9921 = CARTESIAN_POINT('',(2.98,0.225,2.48242));
#9922 = LINE('',#9923,#9924);
#9923 = CARTESIAN_POINT('',(2.98,0.225,2.48242));
#9924 = VECTOR('',#9925,1.);
#9925 = DIRECTION('',(-1.,0.,0.));
#9926 = ORIENTED_EDGE('',*,*,#9927,.F.);
#9927 = EDGE_CURVE('',#9928,#9920,#9930,.T.);
#9928 = VERTEX_POINT('',#9929);
#9929 = CARTESIAN_POINT('',(2.98,0.225,3.062715999999));
#9930 = LINE('',#9931,#9932);
#9931 = CARTESIAN_POINT('',(2.98,0.225,3.062715999999));
#9932 = VECTOR('',#9933,1.);
#9933 = DIRECTION('',(0.,2.2E-16,-1.));
#9934 = ORIENTED_EDGE('',*,*,#9935,.F.);
#9935 = EDGE_CURVE('',#9936,#9928,#9938,.T.);
#9936 = VERTEX_POINT('',#9937);
#9937 = CARTESIAN_POINT('',(3.48,0.225,3.062715999999));
#9938 = LINE('',#9939,#9940);
#9939 = CARTESIAN_POINT('',(3.48,0.225,3.062715999999));
#9940 = VECTOR('',#9941,1.);
#9941 = DIRECTION('',(-1.,0.,0.));
#9942 = ORIENTED_EDGE('',*,*,#9943,.F.);
#9943 = EDGE_CURVE('',#9944,#9936,#9946,.T.);
#9944 = VERTEX_POINT('',#9945);
#9945 = CARTESIAN_POINT('',(3.48,0.225,1.205429339611));
#9946 = LINE('',#9947,#9948);
#9947 = CARTESIAN_POINT('',(3.48,0.225,1.205429339611));
#9948 = VECTOR('',#9949,1.);
#9949 = DIRECTION('',(0.,-2.2E-16,1.));
#9950 = ORIENTED_EDGE('',*,*,#9951,.F.);
#9951 = EDGE_CURVE('',#9952,#9944,#9954,.T.);
#9952 = VERTEX_POINT('',#9953);
#9953 = CARTESIAN_POINT('',(2.84794798338,0.225,1.205429339611));
#9954 = LINE('',#9955,#9956);
#9955 = CARTESIAN_POINT('',(2.84794798338,0.225,1.205429339611));
#9956 = VECTOR('',#9957,1.);
#9957 = DIRECTION('',(1.,0.,0.));
#9958 = ORIENTED_EDGE('',*,*,#9959,.F.);
#9959 = EDGE_CURVE('',#9960,#9952,#9962,.T.);
#9960 = VERTEX_POINT('',#9961);
#9961 = CARTESIAN_POINT('',(0.39999999999,0.225,0.45789158409));
#9962 = LINE('',#9963,#9964);
#9963 = CARTESIAN_POINT('',(0.39999999999,0.225,0.45789158409));
#9964 = VECTOR('',#9965,1.);
#9965 = DIRECTION('',(0.956400292518,-6.000000000001E-17,0.292059035935)
  );
#9966 = ORIENTED_EDGE('',*,*,#9967,.F.);
#9967 = EDGE_CURVE('',#9968,#9960,#9970,.T.);
#9968 = VERTEX_POINT('',#9969);
#9969 = CARTESIAN_POINT('',(0.39999999999,0.225,-3.4));
#9970 = LINE('',#9971,#9972);
#9971 = CARTESIAN_POINT('',(0.39999999999,0.225,-4.6));
#9972 = VECTOR('',#9973,1.);
#9973 = DIRECTION('',(0.,-2.2E-16,1.));
#9974 = ORIENTED_EDGE('',*,*,#9975,.T.);
#9975 = EDGE_CURVE('',#9968,#9839,#9976,.T.);
#9976 = CIRCLE('',#9977,0.2);
#9977 = AXIS2_PLACEMENT_3D('',#9978,#9979,#9980);
#9978 = CARTESIAN_POINT('',(0.39999999999,0.225,-3.6));
#9979 = DIRECTION('',(0.,-1.,2.2E-16));
#9980 = DIRECTION('',(1.,0.,0.));
#9981 = PLANE('',#9982);
#9982 = AXIS2_PLACEMENT_3D('',#9983,#9984,#9985);
#9983 = CARTESIAN_POINT('',(1.032787097361,0.225,-0.356779882318));
#9984 = DIRECTION('',(0.,1.,2.2E-16));
#9985 = DIRECTION('',(0.,-2.2E-16,1.));
#9986 = ADVANCED_FACE('',(#9987),#10005,.F.);
#9987 = FACE_BOUND('',#9988,.F.);
#9988 = EDGE_LOOP('',(#9989,#9990,#9991,#9999));
#9989 = ORIENTED_EDGE('',*,*,#9846,.F.);
#9990 = ORIENTED_EDGE('',*,*,#9806,.T.);
#9991 = ORIENTED_EDGE('',*,*,#9992,.T.);
#9992 = EDGE_CURVE('',#9807,#9993,#9995,.T.);
#9993 = VERTEX_POINT('',#9994);
#9994 = CARTESIAN_POINT('',(0.39999999999,-0.225,-4.45));
#9995 = LINE('',#9996,#9997);
#9996 = CARTESIAN_POINT('',(1.544001803753,-0.225,-3.305998196237));
#9997 = VECTOR('',#9998,1.);
#9998 = DIRECTION('',(0.707106781187,0.,0.707106781187));
#9999 = ORIENTED_EDGE('',*,*,#10000,.F.);
#10000 = EDGE_CURVE('',#9837,#9993,#10001,.T.);
#10001 = LINE('',#10002,#10003);
#10002 = CARTESIAN_POINT('',(0.39999999999,0.225,-4.45));
#10003 = VECTOR('',#10004,1.);
#10004 = DIRECTION('',(0.,-1.,2.2E-16));
#10005 = PLANE('',#10006);
#10006 = AXIS2_PLACEMENT_3D('',#10007,#10008,#10009);
#10007 = CARTESIAN_POINT('',(0.32499999999,0.225,-4.525));
#10008 = DIRECTION('',(-0.707106781187,1.599999999999E-16,0.707106781187
    ));
#10009 = DIRECTION('',(-3.137084989799E-18,-1.,2.231370849898E-16));
#10010 = ADVANCED_FACE('',(#10011),#10029,.T.);
#10011 = FACE_BOUND('',#10012,.T.);
#10012 = EDGE_LOOP('',(#10013,#10014,#10015,#10023));
#10013 = ORIENTED_EDGE('',*,*,#9853,.F.);
#10014 = ORIENTED_EDGE('',*,*,#9822,.T.);
#10015 = ORIENTED_EDGE('',*,*,#10016,.T.);
#10016 = EDGE_CURVE('',#9815,#10017,#10019,.T.);
#10017 = VERTEX_POINT('',#10018);
#10018 = CARTESIAN_POINT('',(-0.4,-0.225,-4.45));
#10019 = LINE('',#10020,#10021);
#10020 = CARTESIAN_POINT('',(-1.02760825508,-0.225,-3.82239174492));
#10021 = VECTOR('',#10022,1.);
#10022 = DIRECTION('',(-0.707106781187,0.,0.707106781187));
#10023 = ORIENTED_EDGE('',*,*,#10024,.F.);
#10024 = EDGE_CURVE('',#9854,#10017,#10025,.T.);
#10025 = LINE('',#10026,#10027);
#10026 = CARTESIAN_POINT('',(-0.4,0.225,-4.45));
#10027 = VECTOR('',#10028,1.);
#10028 = DIRECTION('',(0.,-1.,2.2E-16));
#10029 = PLANE('',#10030);
#10030 = AXIS2_PLACEMENT_3D('',#10031,#10032,#10033);
#10031 = CARTESIAN_POINT('',(-0.325,0.225,-4.525));
#10032 = DIRECTION('',(-0.707106781187,-1.599999999999E-16,
    -0.707106781187));
#10033 = DIRECTION('',(3.137084989799E-18,-1.,2.231370849898E-16));
#10034 = ADVANCED_FACE('',(#10035),#10169,.F.);
#10035 = FACE_BOUND('',#10036,.F.);
#10036 = EDGE_LOOP('',(#10037,#10045,#10046,#10047,#10048,#10056,#10065,
    #10074,#10082,#10090,#10098,#10106,#10114,#10122,#10130,#10138,
    #10146,#10154,#10162));
#10037 = ORIENTED_EDGE('',*,*,#10038,.F.);
#10038 = EDGE_CURVE('',#9993,#10039,#10041,.T.);
#10039 = VERTEX_POINT('',#10040);
#10040 = CARTESIAN_POINT('',(0.39999999999,-0.225,-3.8));
#10041 = LINE('',#10042,#10043);
#10042 = CARTESIAN_POINT('',(0.39999999999,-0.225,-4.6));
#10043 = VECTOR('',#10044,1.);
#10044 = DIRECTION('',(0.,-2.2E-16,1.));
#10045 = ORIENTED_EDGE('',*,*,#9992,.F.);
#10046 = ORIENTED_EDGE('',*,*,#9814,.T.);
#10047 = ORIENTED_EDGE('',*,*,#10016,.T.);
#10048 = ORIENTED_EDGE('',*,*,#10049,.T.);
#10049 = EDGE_CURVE('',#10017,#10050,#10052,.T.);
#10050 = VERTEX_POINT('',#10051);
#10051 = CARTESIAN_POINT('',(-0.4,-0.225,-3.8));
#10052 = LINE('',#10053,#10054);
#10053 = CARTESIAN_POINT('',(-0.4,-0.225,-4.6));
#10054 = VECTOR('',#10055,1.);
#10055 = DIRECTION('',(0.,-2.2E-16,1.));
#10056 = ORIENTED_EDGE('',*,*,#10057,.T.);
#10057 = EDGE_CURVE('',#10050,#10058,#10060,.T.);
#10058 = VERTEX_POINT('',#10059);
#10059 = CARTESIAN_POINT('',(-0.2,-0.225,-3.6));
#10060 = CIRCLE('',#10061,0.2);
#10061 = AXIS2_PLACEMENT_3D('',#10062,#10063,#10064);
#10062 = CARTESIAN_POINT('',(-0.4,-0.225,-3.6));
#10063 = DIRECTION('',(0.,-1.,2.2E-16));
#10064 = DIRECTION('',(1.,0.,0.));
#10065 = ORIENTED_EDGE('',*,*,#10066,.T.);
#10066 = EDGE_CURVE('',#10058,#10067,#10069,.T.);
#10067 = VERTEX_POINT('',#10068);
#10068 = CARTESIAN_POINT('',(-0.4,-0.225,-3.4));
#10069 = CIRCLE('',#10070,0.2);
#10070 = AXIS2_PLACEMENT_3D('',#10071,#10072,#10073);
#10071 = CARTESIAN_POINT('',(-0.4,-0.225,-3.6));
#10072 = DIRECTION('',(0.,-1.,2.2E-16));
#10073 = DIRECTION('',(1.,0.,0.));
#10074 = ORIENTED_EDGE('',*,*,#10075,.T.);
#10075 = EDGE_CURVE('',#10067,#10076,#10078,.T.);
#10076 = VERTEX_POINT('',#10077);
#10077 = CARTESIAN_POINT('',(-0.4,-0.225,0.90957187021));
#10078 = LINE('',#10079,#10080);
#10079 = CARTESIAN_POINT('',(-0.4,-0.225,-4.6));
#10080 = VECTOR('',#10081,1.);
#10081 = DIRECTION('',(0.,-2.2E-16,1.));
#10082 = ORIENTED_EDGE('',*,*,#10083,.F.);
#10083 = EDGE_CURVE('',#10084,#10076,#10086,.T.);
#10084 = VERTEX_POINT('',#10085);
#10085 = CARTESIAN_POINT('',(0.437956929931,-0.225,0.90957187021));
#10086 = LINE('',#10087,#10088);
#10087 = CARTESIAN_POINT('',(0.437956929931,-0.225,0.90957187021));
#10088 = VECTOR('',#10089,1.);
#10089 = DIRECTION('',(-1.,0.,0.));
#10090 = ORIENTED_EDGE('',*,*,#10091,.F.);
#10091 = EDGE_CURVE('',#10092,#10084,#10094,.T.);
#10092 = VERTEX_POINT('',#10093);
#10093 = CARTESIAN_POINT('',(2.487124850331,-0.225,1.535332874241));
#10094 = LINE('',#10095,#10096);
#10095 = CARTESIAN_POINT('',(2.487124850331,-0.225,1.535332874241));
#10096 = VECTOR('',#10097,1.);
#10097 = DIRECTION('',(-0.956400292518,6.000000000001E-17,
    -0.292059035935));
#10098 = ORIENTED_EDGE('',*,*,#10099,.F.);
#10099 = EDGE_CURVE('',#10100,#10092,#10102,.T.);
#10100 = VERTEX_POINT('',#10101);
#10101 = CARTESIAN_POINT('',(2.487124850331,-0.225,2.48242));
#10102 = LINE('',#10103,#10104);
#10103 = CARTESIAN_POINT('',(2.487124850331,-0.225,2.48242));
#10104 = VECTOR('',#10105,1.);
#10105 = DIRECTION('',(0.,2.2E-16,-1.));
#10106 = ORIENTED_EDGE('',*,*,#10107,.F.);
#10107 = EDGE_CURVE('',#10108,#10100,#10110,.T.);
#10108 = VERTEX_POINT('',#10109);
#10109 = CARTESIAN_POINT('',(2.98,-0.225,2.48242));
#10110 = LINE('',#10111,#10112);
#10111 = CARTESIAN_POINT('',(2.98,-0.225,2.48242));
#10112 = VECTOR('',#10113,1.);
#10113 = DIRECTION('',(-1.,0.,0.));
#10114 = ORIENTED_EDGE('',*,*,#10115,.F.);
#10115 = EDGE_CURVE('',#10116,#10108,#10118,.T.);
#10116 = VERTEX_POINT('',#10117);
#10117 = CARTESIAN_POINT('',(2.98,-0.225,3.062715999999));
#10118 = LINE('',#10119,#10120);
#10119 = CARTESIAN_POINT('',(2.98,-0.225,3.062715999999));
#10120 = VECTOR('',#10121,1.);
#10121 = DIRECTION('',(0.,2.2E-16,-1.));
#10122 = ORIENTED_EDGE('',*,*,#10123,.F.);
#10123 = EDGE_CURVE('',#10124,#10116,#10126,.T.);
#10124 = VERTEX_POINT('',#10125);
#10125 = CARTESIAN_POINT('',(3.48,-0.225,3.062715999999));
#10126 = LINE('',#10127,#10128);
#10127 = CARTESIAN_POINT('',(3.48,-0.225,3.062715999999));
#10128 = VECTOR('',#10129,1.);
#10129 = DIRECTION('',(-1.,0.,0.));
#10130 = ORIENTED_EDGE('',*,*,#10131,.F.);
#10131 = EDGE_CURVE('',#10132,#10124,#10134,.T.);
#10132 = VERTEX_POINT('',#10133);
#10133 = CARTESIAN_POINT('',(3.48,-0.225,1.205429339611));
#10134 = LINE('',#10135,#10136);
#10135 = CARTESIAN_POINT('',(3.48,-0.225,1.205429339611));
#10136 = VECTOR('',#10137,1.);
#10137 = DIRECTION('',(0.,-2.2E-16,1.));
#10138 = ORIENTED_EDGE('',*,*,#10139,.F.);
#10139 = EDGE_CURVE('',#10140,#10132,#10142,.T.);
#10140 = VERTEX_POINT('',#10141);
#10141 = CARTESIAN_POINT('',(2.84794798338,-0.225,1.205429339611));
#10142 = LINE('',#10143,#10144);
#10143 = CARTESIAN_POINT('',(2.84794798338,-0.225,1.205429339611));
#10144 = VECTOR('',#10145,1.);
#10145 = DIRECTION('',(1.,0.,0.));
#10146 = ORIENTED_EDGE('',*,*,#10147,.F.);
#10147 = EDGE_CURVE('',#10148,#10140,#10150,.T.);
#10148 = VERTEX_POINT('',#10149);
#10149 = CARTESIAN_POINT('',(0.39999999999,-0.225,0.45789158409));
#10150 = LINE('',#10151,#10152);
#10151 = CARTESIAN_POINT('',(0.39999999999,-0.225,0.45789158409));
#10152 = VECTOR('',#10153,1.);
#10153 = DIRECTION('',(0.956400292518,-6.000000000001E-17,0.292059035935
    ));
#10154 = ORIENTED_EDGE('',*,*,#10155,.F.);
#10155 = EDGE_CURVE('',#10156,#10148,#10158,.T.);
#10156 = VERTEX_POINT('',#10157);
#10157 = CARTESIAN_POINT('',(0.39999999999,-0.225,-3.4));
#10158 = LINE('',#10159,#10160);
#10159 = CARTESIAN_POINT('',(0.39999999999,-0.225,-4.6));
#10160 = VECTOR('',#10161,1.);
#10161 = DIRECTION('',(0.,-2.2E-16,1.));
#10162 = ORIENTED_EDGE('',*,*,#10163,.T.);
#10163 = EDGE_CURVE('',#10156,#10039,#10164,.T.);
#10164 = CIRCLE('',#10165,0.2);
#10165 = AXIS2_PLACEMENT_3D('',#10166,#10167,#10168);
#10166 = CARTESIAN_POINT('',(0.39999999999,-0.225,-3.6));
#10167 = DIRECTION('',(0.,-1.,2.2E-16));
#10168 = DIRECTION('',(1.,0.,0.));
#10169 = PLANE('',#10170);
#10170 = AXIS2_PLACEMENT_3D('',#10171,#10172,#10173);
#10171 = CARTESIAN_POINT('',(1.032787097361,-0.225,-0.356779882318));
#10172 = DIRECTION('',(0.,1.,2.2E-16));
#10173 = DIRECTION('',(0.,-2.2E-16,1.));
#10174 = ADVANCED_FACE('',(#10175),#10186,.F.);
#10175 = FACE_BOUND('',#10176,.F.);
#10176 = EDGE_LOOP('',(#10177,#10178,#10179,#10180));
#10177 = ORIENTED_EDGE('',*,*,#9836,.F.);
#10178 = ORIENTED_EDGE('',*,*,#10000,.T.);
#10179 = ORIENTED_EDGE('',*,*,#10038,.T.);
#10180 = ORIENTED_EDGE('',*,*,#10181,.F.);
#10181 = EDGE_CURVE('',#9839,#10039,#10182,.T.);
#10182 = LINE('',#10183,#10184);
#10183 = CARTESIAN_POINT('',(0.39999999999,-8.77980611621,-3.8));
#10184 = VECTOR('',#10185,1.);
#10185 = DIRECTION('',(0.,-1.,2.2E-16));
#10186 = PLANE('',#10187);
#10187 = AXIS2_PLACEMENT_3D('',#10188,#10189,#10190);
#10188 = CARTESIAN_POINT('',(0.39999999999,0.225,-4.6));
#10189 = DIRECTION('',(-1.,0.,0.));
#10190 = DIRECTION('',(0.,2.2E-16,1.));
#10191 = ADVANCED_FACE('',(#10192),#10203,.F.);
#10192 = FACE_BOUND('',#10193,.F.);
#10193 = EDGE_LOOP('',(#10194,#10200,#10201,#10202));
#10194 = ORIENTED_EDGE('',*,*,#10195,.F.);
#10195 = EDGE_CURVE('',#9968,#10156,#10196,.T.);
#10196 = LINE('',#10197,#10198);
#10197 = CARTESIAN_POINT('',(0.39999999999,-8.77980611621,-3.4));
#10198 = VECTOR('',#10199,1.);
#10199 = DIRECTION('',(0.,-1.,2.2E-16));
#10200 = ORIENTED_EDGE('',*,*,#9975,.T.);
#10201 = ORIENTED_EDGE('',*,*,#10181,.T.);
#10202 = ORIENTED_EDGE('',*,*,#10163,.F.);
#10203 = CYLINDRICAL_SURFACE('',#10204,0.2);
#10204 = AXIS2_PLACEMENT_3D('',#10205,#10206,#10207);
#10205 = CARTESIAN_POINT('',(0.39999999999,-8.77980611621,-3.6));
#10206 = DIRECTION('',(0.,-1.,2.2E-16));
#10207 = DIRECTION('',(1.,0.,0.));
#10208 = ADVANCED_FACE('',(#10209),#10220,.F.);
#10209 = FACE_BOUND('',#10210,.F.);
#10210 = EDGE_LOOP('',(#10211,#10212,#10213,#10214));
#10211 = ORIENTED_EDGE('',*,*,#9967,.F.);
#10212 = ORIENTED_EDGE('',*,*,#10195,.T.);
#10213 = ORIENTED_EDGE('',*,*,#10155,.T.);
#10214 = ORIENTED_EDGE('',*,*,#10215,.F.);
#10215 = EDGE_CURVE('',#9960,#10148,#10216,.T.);
#10216 = LINE('',#10217,#10218);
#10217 = CARTESIAN_POINT('',(0.39999999999,0.225,0.45789158409));
#10218 = VECTOR('',#10219,1.);
#10219 = DIRECTION('',(0.,-1.,2.2E-16));
#10220 = PLANE('',#10221);
#10221 = AXIS2_PLACEMENT_3D('',#10222,#10223,#10224);
#10222 = CARTESIAN_POINT('',(0.39999999999,0.225,-4.6));
#10223 = DIRECTION('',(-1.,0.,0.));
#10224 = DIRECTION('',(0.,2.2E-16,1.));
#10225 = ADVANCED_FACE('',(#10226),#10237,.F.);
#10226 = FACE_BOUND('',#10227,.F.);
#10227 = EDGE_LOOP('',(#10228,#10229,#10230,#10236));
#10228 = ORIENTED_EDGE('',*,*,#10215,.T.);
#10229 = ORIENTED_EDGE('',*,*,#10147,.T.);
#10230 = ORIENTED_EDGE('',*,*,#10231,.F.);
#10231 = EDGE_CURVE('',#9952,#10140,#10232,.T.);
#10232 = LINE('',#10233,#10234);
#10233 = CARTESIAN_POINT('',(2.84794798338,0.225,1.205429339611));
#10234 = VECTOR('',#10235,1.);
#10235 = DIRECTION('',(0.,-1.,2.2E-16));
#10236 = ORIENTED_EDGE('',*,*,#9959,.F.);
#10237 = PLANE('',#10238);
#10238 = AXIS2_PLACEMENT_3D('',#10239,#10240,#10241);
#10239 = CARTESIAN_POINT('',(0.39999999999,0.225,0.45789158409));
#10240 = DIRECTION('',(-0.292059035935,2.1E-16,0.956400292518));
#10241 = DIRECTION('',(0.956400292518,6.000000000001E-17,0.292059035935)
  );
#10242 = ADVANCED_FACE('',(#10243),#10254,.T.);
#10243 = FACE_BOUND('',#10244,.T.);
#10244 = EDGE_LOOP('',(#10245,#10246,#10247,#10248));
#10245 = ORIENTED_EDGE('',*,*,#9861,.F.);
#10246 = ORIENTED_EDGE('',*,*,#10024,.T.);
#10247 = ORIENTED_EDGE('',*,*,#10049,.T.);
#10248 = ORIENTED_EDGE('',*,*,#10249,.F.);
#10249 = EDGE_CURVE('',#9862,#10050,#10250,.T.);
#10250 = LINE('',#10251,#10252);
#10251 = CARTESIAN_POINT('',(-0.4,-8.77980611621,-3.8));
#10252 = VECTOR('',#10253,1.);
#10253 = DIRECTION('',(0.,-1.,2.2E-16));
#10254 = PLANE('',#10255);
#10255 = AXIS2_PLACEMENT_3D('',#10256,#10257,#10258);
#10256 = CARTESIAN_POINT('',(-0.4,0.225,-4.6));
#10257 = DIRECTION('',(-1.,0.,0.));
#10258 = DIRECTION('',(0.,2.2E-16,1.));
#10259 = ADVANCED_FACE('',(#10260),#10271,.F.);
#10260 = FACE_BOUND('',#10261,.F.);
#10261 = EDGE_LOOP('',(#10262,#10263,#10264,#10270));
#10262 = ORIENTED_EDGE('',*,*,#10231,.T.);
#10263 = ORIENTED_EDGE('',*,*,#10139,.T.);
#10264 = ORIENTED_EDGE('',*,*,#10265,.F.);
#10265 = EDGE_CURVE('',#9944,#10132,#10266,.T.);
#10266 = LINE('',#10267,#10268);
#10267 = CARTESIAN_POINT('',(3.48,0.225,1.205429339611));
#10268 = VECTOR('',#10269,1.);
#10269 = DIRECTION('',(0.,-1.,2.2E-16));
#10270 = ORIENTED_EDGE('',*,*,#9951,.F.);
#10271 = PLANE('',#10272);
#10272 = AXIS2_PLACEMENT_3D('',#10273,#10274,#10275);
#10273 = CARTESIAN_POINT('',(2.84794798338,0.225,1.205429339611));
#10274 = DIRECTION('',(0.,2.2E-16,1.));
#10275 = DIRECTION('',(1.,0.,-0.));
#10276 = ADVANCED_FACE('',(#10277),#10288,.F.);
#10277 = FACE_BOUND('',#10278,.F.);
#10278 = EDGE_LOOP('',(#10279,#10285,#10286,#10287));
#10279 = ORIENTED_EDGE('',*,*,#10280,.F.);
#10280 = EDGE_CURVE('',#10058,#9870,#10281,.T.);
#10281 = LINE('',#10282,#10283);
#10282 = CARTESIAN_POINT('',(-0.2,-8.77980611621,-3.6));
#10283 = VECTOR('',#10284,1.);
#10284 = DIRECTION('',(0.,1.,-2.2E-16));
#10285 = ORIENTED_EDGE('',*,*,#10057,.F.);
#10286 = ORIENTED_EDGE('',*,*,#10249,.F.);
#10287 = ORIENTED_EDGE('',*,*,#9869,.T.);
#10288 = CYLINDRICAL_SURFACE('',#10289,0.2);
#10289 = AXIS2_PLACEMENT_3D('',#10290,#10291,#10292);
#10290 = CARTESIAN_POINT('',(-0.4,-8.77980611621,-3.6));
#10291 = DIRECTION('',(0.,-1.,2.2E-16));
#10292 = DIRECTION('',(1.,0.,0.));
#10293 = ADVANCED_FACE('',(#10294),#10305,.F.);
#10294 = FACE_BOUND('',#10295,.F.);
#10295 = EDGE_LOOP('',(#10296,#10297,#10298,#10304));
#10296 = ORIENTED_EDGE('',*,*,#10265,.T.);
#10297 = ORIENTED_EDGE('',*,*,#10131,.T.);
#10298 = ORIENTED_EDGE('',*,*,#10299,.F.);
#10299 = EDGE_CURVE('',#9936,#10124,#10300,.T.);
#10300 = LINE('',#10301,#10302);
#10301 = CARTESIAN_POINT('',(3.48,0.225,3.062715999999));
#10302 = VECTOR('',#10303,1.);
#10303 = DIRECTION('',(0.,-1.,2.2E-16));
#10304 = ORIENTED_EDGE('',*,*,#9943,.F.);
#10305 = PLANE('',#10306);
#10306 = AXIS2_PLACEMENT_3D('',#10307,#10308,#10309);
#10307 = CARTESIAN_POINT('',(3.48,0.225,1.205429339611));
#10308 = DIRECTION('',(-1.,0.,0.));
#10309 = DIRECTION('',(0.,2.2E-16,1.));
#10310 = ADVANCED_FACE('',(#10311),#10322,.F.);
#10311 = FACE_BOUND('',#10312,.F.);
#10312 = EDGE_LOOP('',(#10313,#10314,#10315,#10316));
#10313 = ORIENTED_EDGE('',*,*,#10066,.F.);
#10314 = ORIENTED_EDGE('',*,*,#10280,.T.);
#10315 = ORIENTED_EDGE('',*,*,#9878,.T.);
#10316 = ORIENTED_EDGE('',*,*,#10317,.T.);
#10317 = EDGE_CURVE('',#9879,#10067,#10318,.T.);
#10318 = LINE('',#10319,#10320);
#10319 = CARTESIAN_POINT('',(-0.4,-8.77980611621,-3.4));
#10320 = VECTOR('',#10321,1.);
#10321 = DIRECTION('',(0.,-1.,2.2E-16));
#10322 = CYLINDRICAL_SURFACE('',#10323,0.2);
#10323 = AXIS2_PLACEMENT_3D('',#10324,#10325,#10326);
#10324 = CARTESIAN_POINT('',(-0.4,-8.77980611621,-3.6));
#10325 = DIRECTION('',(0.,-1.,2.2E-16));
#10326 = DIRECTION('',(1.,0.,0.));
#10327 = ADVANCED_FACE('',(#10328),#10339,.F.);
#10328 = FACE_BOUND('',#10329,.F.);
#10329 = EDGE_LOOP('',(#10330,#10331,#10332,#10338));
#10330 = ORIENTED_EDGE('',*,*,#10299,.T.);
#10331 = ORIENTED_EDGE('',*,*,#10123,.T.);
#10332 = ORIENTED_EDGE('',*,*,#10333,.F.);
#10333 = EDGE_CURVE('',#9928,#10116,#10334,.T.);
#10334 = LINE('',#10335,#10336);
#10335 = CARTESIAN_POINT('',(2.98,0.225,3.062715999999));
#10336 = VECTOR('',#10337,1.);
#10337 = DIRECTION('',(0.,-1.,2.2E-16));
#10338 = ORIENTED_EDGE('',*,*,#9935,.F.);
#10339 = PLANE('',#10340);
#10340 = AXIS2_PLACEMENT_3D('',#10341,#10342,#10343);
#10341 = CARTESIAN_POINT('',(3.48,0.225,3.062715999999));
#10342 = DIRECTION('',(0.,-2.2E-16,-1.));
#10343 = DIRECTION('',(-1.,-0.,0.));
#10344 = ADVANCED_FACE('',(#10345),#10356,.T.);
#10345 = FACE_BOUND('',#10346,.T.);
#10346 = EDGE_LOOP('',(#10347,#10348,#10349,#10350));
#10347 = ORIENTED_EDGE('',*,*,#9887,.F.);
#10348 = ORIENTED_EDGE('',*,*,#10317,.T.);
#10349 = ORIENTED_EDGE('',*,*,#10075,.T.);
#10350 = ORIENTED_EDGE('',*,*,#10351,.F.);
#10351 = EDGE_CURVE('',#9888,#10076,#10352,.T.);
#10352 = LINE('',#10353,#10354);
#10353 = CARTESIAN_POINT('',(-0.4,0.225,0.90957187021));
#10354 = VECTOR('',#10355,1.);
#10355 = DIRECTION('',(0.,-1.,2.2E-16));
#10356 = PLANE('',#10357);
#10357 = AXIS2_PLACEMENT_3D('',#10358,#10359,#10360);
#10358 = CARTESIAN_POINT('',(-0.4,0.225,-4.6));
#10359 = DIRECTION('',(-1.,0.,0.));
#10360 = DIRECTION('',(0.,2.2E-16,1.));
#10361 = ADVANCED_FACE('',(#10362),#10373,.F.);
#10362 = FACE_BOUND('',#10363,.F.);
#10363 = EDGE_LOOP('',(#10364,#10365,#10366,#10372));
#10364 = ORIENTED_EDGE('',*,*,#10333,.T.);
#10365 = ORIENTED_EDGE('',*,*,#10115,.T.);
#10366 = ORIENTED_EDGE('',*,*,#10367,.F.);
#10367 = EDGE_CURVE('',#9920,#10108,#10368,.T.);
#10368 = LINE('',#10369,#10370);
#10369 = CARTESIAN_POINT('',(2.98,0.225,2.48242));
#10370 = VECTOR('',#10371,1.);
#10371 = DIRECTION('',(0.,-1.,2.2E-16));
#10372 = ORIENTED_EDGE('',*,*,#9927,.F.);
#10373 = PLANE('',#10374);
#10374 = AXIS2_PLACEMENT_3D('',#10375,#10376,#10377);
#10375 = CARTESIAN_POINT('',(2.98,0.225,3.062715999999));
#10376 = DIRECTION('',(1.,0.,0.));
#10377 = DIRECTION('',(0.,-2.2E-16,-1.));
#10378 = ADVANCED_FACE('',(#10379),#10390,.F.);
#10379 = FACE_BOUND('',#10380,.F.);
#10380 = EDGE_LOOP('',(#10381,#10387,#10388,#10389));
#10381 = ORIENTED_EDGE('',*,*,#10382,.T.);
#10382 = EDGE_CURVE('',#9896,#10084,#10383,.T.);
#10383 = LINE('',#10384,#10385);
#10384 = CARTESIAN_POINT('',(0.437956929931,0.225,0.90957187021));
#10385 = VECTOR('',#10386,1.);
#10386 = DIRECTION('',(0.,-1.,2.2E-16));
#10387 = ORIENTED_EDGE('',*,*,#10083,.T.);
#10388 = ORIENTED_EDGE('',*,*,#10351,.F.);
#10389 = ORIENTED_EDGE('',*,*,#9895,.F.);
#10390 = PLANE('',#10391);
#10391 = AXIS2_PLACEMENT_3D('',#10392,#10393,#10394);
#10392 = CARTESIAN_POINT('',(0.437956929931,0.225,0.90957187021));
#10393 = DIRECTION('',(0.,-2.2E-16,-1.));
#10394 = DIRECTION('',(-1.,-0.,0.));
#10395 = ADVANCED_FACE('',(#10396),#10407,.F.);
#10396 = FACE_BOUND('',#10397,.F.);
#10397 = EDGE_LOOP('',(#10398,#10399,#10400,#10406));
#10398 = ORIENTED_EDGE('',*,*,#10367,.T.);
#10399 = ORIENTED_EDGE('',*,*,#10107,.T.);
#10400 = ORIENTED_EDGE('',*,*,#10401,.F.);
#10401 = EDGE_CURVE('',#9912,#10100,#10402,.T.);
#10402 = LINE('',#10403,#10404);
#10403 = CARTESIAN_POINT('',(2.487124850331,0.225,2.48242));
#10404 = VECTOR('',#10405,1.);
#10405 = DIRECTION('',(0.,-1.,2.2E-16));
#10406 = ORIENTED_EDGE('',*,*,#9919,.F.);
#10407 = PLANE('',#10408);
#10408 = AXIS2_PLACEMENT_3D('',#10409,#10410,#10411);
#10409 = CARTESIAN_POINT('',(2.98,0.225,2.48242));
#10410 = DIRECTION('',(0.,-2.2E-16,-1.));
#10411 = DIRECTION('',(-1.,-0.,0.));
#10412 = ADVANCED_FACE('',(#10413),#10424,.F.);
#10413 = FACE_BOUND('',#10414,.F.);
#10414 = EDGE_LOOP('',(#10415,#10421,#10422,#10423));
#10415 = ORIENTED_EDGE('',*,*,#10416,.T.);
#10416 = EDGE_CURVE('',#9904,#10092,#10417,.T.);
#10417 = LINE('',#10418,#10419);
#10418 = CARTESIAN_POINT('',(2.487124850331,0.225,1.535332874241));
#10419 = VECTOR('',#10420,1.);
#10420 = DIRECTION('',(0.,-1.,2.2E-16));
#10421 = ORIENTED_EDGE('',*,*,#10091,.T.);
#10422 = ORIENTED_EDGE('',*,*,#10382,.F.);
#10423 = ORIENTED_EDGE('',*,*,#9903,.F.);
#10424 = PLANE('',#10425);
#10425 = AXIS2_PLACEMENT_3D('',#10426,#10427,#10428);
#10426 = CARTESIAN_POINT('',(2.487124850331,0.225,1.535332874241));
#10427 = DIRECTION('',(0.292059035935,-2.1E-16,-0.956400292518));
#10428 = DIRECTION('',(-0.956400292518,-6.000000000001E-17,
    -0.292059035935));
#10429 = ADVANCED_FACE('',(#10430),#10436,.F.);
#10430 = FACE_BOUND('',#10431,.F.);
#10431 = EDGE_LOOP('',(#10432,#10433,#10434,#10435));
#10432 = ORIENTED_EDGE('',*,*,#10401,.T.);
#10433 = ORIENTED_EDGE('',*,*,#10099,.T.);
#10434 = ORIENTED_EDGE('',*,*,#10416,.F.);
#10435 = ORIENTED_EDGE('',*,*,#9911,.F.);
#10436 = PLANE('',#10437);
#10437 = AXIS2_PLACEMENT_3D('',#10438,#10439,#10440);
#10438 = CARTESIAN_POINT('',(2.487124850331,0.225,2.48242));
#10439 = DIRECTION('',(1.,0.,0.));
#10440 = DIRECTION('',(0.,-2.2E-16,-1.));
#10441 = ( GEOMETRIC_REPRESENTATION_CONTEXT(3) 
GLOBAL_UNCERTAINTY_ASSIGNED_CONTEXT((#10445)) 
GLOBAL_UNIT_ASSIGNED_CONTEXT((#10442,#10443,#10444)) 
REPRESENTATION_CONTEXT('Context #1',
  '3D Context with UNIT and UNCERTAINTY') );
#10442 = ( LENGTH_UNIT() NAMED_UNIT(*) SI_UNIT(.MILLI.,.METRE.) );
#10443 = ( NAMED_UNIT(*) PLANE_ANGLE_UNIT() SI_UNIT($,.RADIAN.) );
#10444 = ( NAMED_UNIT(*) SI_UNIT($,.STERADIAN.) SOLID_ANGLE_UNIT() );
#10445 = UNCERTAINTY_MEASURE_WITH_UNIT(LENGTH_MEASURE(1.E-07),#10442,
  'distance_accuracy_value','confusion accuracy');
#10446 = CONTEXT_DEPENDENT_SHAPE_REPRESENTATION(#10447,#10449);
#10447 = ( REPRESENTATION_RELATIONSHIP('','',#9789,#5340) 
REPRESENTATION_RELATIONSHIP_WITH_TRANSFORMATION(#10448) 
SHAPE_REPRESENTATION_RELATIONSHIP() );
#10448 = ITEM_DEFINED_TRANSFORMATION('','',#11,#5357);
#10449 = PRODUCT_DEFINITION_SHAPE('Placement','Placement of an item',
  #10450);
#10450 = NEXT_ASSEMBLY_USAGE_OCCURRENCE('11','Pin_NO005','',#5335,#9784,
  $);
#10451 = PRODUCT_RELATED_PRODUCT_CATEGORY('part',$,(#9786));
#10452 = SHAPE_DEFINITION_REPRESENTATION(#10453,#10459);
#10453 = PRODUCT_DEFINITION_SHAPE('','',#10454);
#10454 = PRODUCT_DEFINITION('design','',#10455,#10458);
#10455 = PRODUCT_DEFINITION_FORMATION('','',#10456);
#10456 = PRODUCT('Pin_C005','Pin_C005','',(#10457));
#10457 = PRODUCT_CONTEXT('',#2,'mechanical');
#10458 = PRODUCT_DEFINITION_CONTEXT('part definition',#2,'design');
#10459 = ADVANCED_BREP_SHAPE_REPRESENTATION('',(#11,#10460),#11276);
#10460 = MANIFOLD_SOLID_BREP('',#10461);
#10461 = CLOSED_SHELL('',(#10462,#10665,#10696,#10720,#10745,#10769,
    #10794,#10818,#10842,#10866,#10890,#10915,#10939,#10963,#10987,
    #11011,#11035,#11059,#11083,#11107,#11131,#11155,#11179,#11203,
    #11227,#11244));
#10462 = ADVANCED_FACE('',(#10463),#10660,.T.);
#10463 = FACE_BOUND('',#10464,.T.);
#10464 = EDGE_LOOP('',(#10465,#10475,#10484,#10493,#10501,#10509,#10517,
    #10525,#10533,#10541,#10549,#10557,#10565,#10573,#10581,#10589,
    #10597,#10605,#10613,#10621,#10630,#10638,#10646,#10654));
#10465 = ORIENTED_EDGE('',*,*,#10466,.F.);
#10466 = EDGE_CURVE('',#10467,#10469,#10471,.T.);
#10467 = VERTEX_POINT('',#10468);
#10468 = CARTESIAN_POINT('',(-5.48,0.225,-3.8));
#10469 = VERTEX_POINT('',#10470);
#10470 = CARTESIAN_POINT('',(-5.48,0.225,-4.45));
#10471 = LINE('',#10472,#10473);
#10472 = CARTESIAN_POINT('',(-5.48,0.225,0.573115));
#10473 = VECTOR('',#10474,1.);
#10474 = DIRECTION('',(0.,2.2E-16,-1.));
#10475 = ORIENTED_EDGE('',*,*,#10476,.T.);
#10476 = EDGE_CURVE('',#10467,#10477,#10479,.T.);
#10477 = VERTEX_POINT('',#10478);
#10478 = CARTESIAN_POINT('',(-5.28,0.225,-3.6));
#10479 = CIRCLE('',#10480,0.2);
#10480 = AXIS2_PLACEMENT_3D('',#10481,#10482,#10483);
#10481 = CARTESIAN_POINT('',(-5.48,0.225,-3.6));
#10482 = DIRECTION('',(0.,-1.,2.2E-16));
#10483 = DIRECTION('',(1.,0.,0.));
#10484 = ORIENTED_EDGE('',*,*,#10485,.T.);
#10485 = EDGE_CURVE('',#10477,#10486,#10488,.T.);
#10486 = VERTEX_POINT('',#10487);
#10487 = CARTESIAN_POINT('',(-5.48,0.225,-3.4));
#10488 = CIRCLE('',#10489,0.2);
#10489 = AXIS2_PLACEMENT_3D('',#10490,#10491,#10492);
#10490 = CARTESIAN_POINT('',(-5.48,0.225,-3.6));
#10491 = DIRECTION('',(0.,-1.,2.2E-16));
#10492 = DIRECTION('',(1.,0.,0.));
#10493 = ORIENTED_EDGE('',*,*,#10494,.F.);
#10494 = EDGE_CURVE('',#10495,#10486,#10497,.T.);
#10495 = VERTEX_POINT('',#10496);
#10496 = CARTESIAN_POINT('',(-5.48,0.225,0.573115));
#10497 = LINE('',#10498,#10499);
#10498 = CARTESIAN_POINT('',(-5.48,0.225,0.573115));
#10499 = VECTOR('',#10500,1.);
#10500 = DIRECTION('',(0.,2.2E-16,-1.));
#10501 = ORIENTED_EDGE('',*,*,#10502,.F.);
#10502 = EDGE_CURVE('',#10503,#10495,#10505,.T.);
#10503 = VERTEX_POINT('',#10504);
#10504 = CARTESIAN_POINT('',(-5.276876,0.225,1.094923));
#10505 = LINE('',#10506,#10507);
#10506 = CARTESIAN_POINT('',(-5.276876,0.225,1.094923));
#10507 = VECTOR('',#10508,1.);
#10508 = DIRECTION('',(-0.362754427168,2.1E-16,-0.931884770543));
#10509 = ORIENTED_EDGE('',*,*,#10510,.F.);
#10510 = EDGE_CURVE('',#10511,#10503,#10513,.T.);
#10511 = VERTEX_POINT('',#10512);
#10512 = CARTESIAN_POINT('',(-5.276876,0.225,1.901539999995));
#10513 = LINE('',#10514,#10515);
#10514 = CARTESIAN_POINT('',(-5.276876,0.225,1.901539999995));
#10515 = VECTOR('',#10516,1.);
#10516 = DIRECTION('',(0.,2.2E-16,-1.));
#10517 = ORIENTED_EDGE('',*,*,#10518,.F.);
#10518 = EDGE_CURVE('',#10519,#10511,#10521,.T.);
#10519 = VERTEX_POINT('',#10520);
#10520 = CARTESIAN_POINT('',(-5.746886,0.225,1.901539999995));
#10521 = LINE('',#10522,#10523);
#10522 = CARTESIAN_POINT('',(-5.746886,0.225,1.901539999995));
#10523 = VECTOR('',#10524,1.);
#10524 = DIRECTION('',(1.,0.,0.));
#10525 = ORIENTED_EDGE('',*,*,#10526,.F.);
#10526 = EDGE_CURVE('',#10527,#10519,#10529,.T.);
#10527 = VERTEX_POINT('',#10528);
#10528 = CARTESIAN_POINT('',(-5.487080321881,0.225,3.699999999998));
#10529 = LINE('',#10530,#10531);
#10530 = CARTESIAN_POINT('',(-5.487080321881,0.225,3.699999999998));
#10531 = VECTOR('',#10532,1.);
#10532 = DIRECTION('',(-0.142975922708,2.2E-16,-0.98972616694));
#10533 = ORIENTED_EDGE('',*,*,#10534,.F.);
#10534 = EDGE_CURVE('',#10535,#10527,#10537,.T.);
#10535 = VERTEX_POINT('',#10536);
#10536 = CARTESIAN_POINT('',(-4.637080321881,0.225,3.699999999998));
#10537 = LINE('',#10538,#10539);
#10538 = CARTESIAN_POINT('',(-4.637080321881,0.225,3.699999999998));
#10539 = VECTOR('',#10540,1.);
#10540 = DIRECTION('',(-1.,0.,0.));
#10541 = ORIENTED_EDGE('',*,*,#10542,.F.);
#10542 = EDGE_CURVE('',#10543,#10535,#10545,.T.);
#10543 = VERTEX_POINT('',#10544);
#10544 = CARTESIAN_POINT('',(-4.637080321881,0.225,2.234428));
#10545 = LINE('',#10546,#10547);
#10546 = CARTESIAN_POINT('',(-4.637080321881,0.225,2.234428));
#10547 = VECTOR('',#10548,1.);
#10548 = DIRECTION('',(0.,-2.2E-16,1.));
#10549 = ORIENTED_EDGE('',*,*,#10550,.F.);
#10550 = EDGE_CURVE('',#10551,#10543,#10553,.T.);
#10551 = VERTEX_POINT('',#10552);
#10552 = CARTESIAN_POINT('',(-1.536305,0.225,2.234428));
#10553 = LINE('',#10554,#10555);
#10554 = CARTESIAN_POINT('',(-1.536305,0.225,2.234428));
#10555 = VECTOR('',#10556,1.);
#10556 = DIRECTION('',(-1.,0.,0.));
#10557 = ORIENTED_EDGE('',*,*,#10558,.F.);
#10558 = EDGE_CURVE('',#10559,#10551,#10561,.T.);
#10559 = VERTEX_POINT('',#10560);
#10560 = CARTESIAN_POINT('',(-1.536305,0.225,3.699999999998));
#10561 = LINE('',#10562,#10563);
#10562 = CARTESIAN_POINT('',(-1.536305,0.225,3.699999999998));
#10563 = VECTOR('',#10564,1.);
#10564 = DIRECTION('',(0.,2.2E-16,-1.));
#10565 = ORIENTED_EDGE('',*,*,#10566,.F.);
#10566 = EDGE_CURVE('',#10567,#10559,#10569,.T.);
#10567 = VERTEX_POINT('',#10568);
#10568 = CARTESIAN_POINT('',(-1.036305,0.225,3.699999999998));
#10569 = LINE('',#10570,#10571);
#10570 = CARTESIAN_POINT('',(-1.036305,0.225,3.699999999998));
#10571 = VECTOR('',#10572,1.);
#10572 = DIRECTION('',(-1.,0.,0.));
#10573 = ORIENTED_EDGE('',*,*,#10574,.F.);
#10574 = EDGE_CURVE('',#10575,#10567,#10577,.T.);
#10575 = VERTEX_POINT('',#10576);
#10576 = CARTESIAN_POINT('',(-0.654846,0.225,1.901539999995));
#10577 = LINE('',#10578,#10579);
#10578 = CARTESIAN_POINT('',(-0.654846,0.225,1.901539999995));
#10579 = VECTOR('',#10580,1.);
#10580 = DIRECTION('',(-0.207487283856,-2.199999999999E-16,
    0.978237714995));
#10581 = ORIENTED_EDGE('',*,*,#10582,.F.);
#10582 = EDGE_CURVE('',#10583,#10575,#10585,.T.);
#10583 = VERTEX_POINT('',#10584);
#10584 = CARTESIAN_POINT('',(-1.124856,0.225,1.901539999995));
#10585 = LINE('',#10586,#10587);
#10586 = CARTESIAN_POINT('',(-1.124856,0.225,1.901539999995));
#10587 = VECTOR('',#10588,1.);
#10588 = DIRECTION('',(1.,0.,0.));
#10589 = ORIENTED_EDGE('',*,*,#10590,.F.);
#10590 = EDGE_CURVE('',#10591,#10583,#10593,.T.);
#10591 = VERTEX_POINT('',#10592);
#10592 = CARTESIAN_POINT('',(-1.124856,0.225,1.126079));
#10593 = LINE('',#10594,#10595);
#10594 = CARTESIAN_POINT('',(-1.124856,0.225,1.126079));
#10595 = VECTOR('',#10596,1.);
#10596 = DIRECTION('',(0.,-2.2E-16,1.));
#10597 = ORIENTED_EDGE('',*,*,#10598,.F.);
#10598 = EDGE_CURVE('',#10599,#10591,#10601,.T.);
#10599 = VERTEX_POINT('',#10600);
#10600 = CARTESIAN_POINT('',(-4.297031,0.225,1.126079));
#10601 = LINE('',#10602,#10603);
#10602 = CARTESIAN_POINT('',(-4.297031,0.225,1.126079));
#10603 = VECTOR('',#10604,1.);
#10604 = DIRECTION('',(1.,0.,0.));
#10605 = ORIENTED_EDGE('',*,*,#10606,.F.);
#10606 = EDGE_CURVE('',#10607,#10599,#10609,.T.);
#10607 = VERTEX_POINT('',#10608);
#10608 = CARTESIAN_POINT('',(-4.68,0.225,0.531664));
#10609 = LINE('',#10610,#10611);
#10610 = CARTESIAN_POINT('',(-4.68,0.225,0.531664));
#10611 = VECTOR('',#10612,1.);
#10612 = DIRECTION('',(0.541602961197,-1.9E-16,0.840634422578));
#10613 = ORIENTED_EDGE('',*,*,#10614,.F.);
#10614 = EDGE_CURVE('',#10615,#10607,#10617,.T.);
#10615 = VERTEX_POINT('',#10616);
#10616 = CARTESIAN_POINT('',(-4.68,0.225,-3.4));
#10617 = LINE('',#10618,#10619);
#10618 = CARTESIAN_POINT('',(-4.68,0.225,-4.6));
#10619 = VECTOR('',#10620,1.);
#10620 = DIRECTION('',(0.,-2.2E-16,1.));
#10621 = ORIENTED_EDGE('',*,*,#10622,.T.);
#10622 = EDGE_CURVE('',#10615,#10623,#10625,.T.);
#10623 = VERTEX_POINT('',#10624);
#10624 = CARTESIAN_POINT('',(-4.68,0.225,-3.8));
#10625 = CIRCLE('',#10626,0.2);
#10626 = AXIS2_PLACEMENT_3D('',#10627,#10628,#10629);
#10627 = CARTESIAN_POINT('',(-4.68,0.225,-3.6));
#10628 = DIRECTION('',(0.,-1.,2.2E-16));
#10629 = DIRECTION('',(1.,0.,0.));
#10630 = ORIENTED_EDGE('',*,*,#10631,.F.);
#10631 = EDGE_CURVE('',#10632,#10623,#10634,.T.);
#10632 = VERTEX_POINT('',#10633);
#10633 = CARTESIAN_POINT('',(-4.68,0.225,-4.45));
#10634 = LINE('',#10635,#10636);
#10635 = CARTESIAN_POINT('',(-4.68,0.225,-4.6));
#10636 = VECTOR('',#10637,1.);
#10637 = DIRECTION('',(0.,-2.2E-16,1.));
#10638 = ORIENTED_EDGE('',*,*,#10639,.F.);
#10639 = EDGE_CURVE('',#10640,#10632,#10642,.T.);
#10640 = VERTEX_POINT('',#10641);
#10641 = CARTESIAN_POINT('',(-4.83,0.225,-4.6));
#10642 = LINE('',#10643,#10644);
#10643 = CARTESIAN_POINT('',(-3.290198649095,0.225,-3.060198649095));
#10644 = VECTOR('',#10645,1.);
#10645 = DIRECTION('',(0.707106781187,0.,0.707106781187));
#10646 = ORIENTED_EDGE('',*,*,#10647,.F.);
#10647 = EDGE_CURVE('',#10648,#10640,#10650,.T.);
#10648 = VERTEX_POINT('',#10649);
#10649 = CARTESIAN_POINT('',(-5.33,0.225,-4.6));
#10650 = LINE('',#10651,#10652);
#10651 = CARTESIAN_POINT('',(-5.48,0.225,-4.6));
#10652 = VECTOR('',#10653,1.);
#10653 = DIRECTION('',(1.,0.,0.));
#10654 = ORIENTED_EDGE('',*,*,#10655,.F.);
#10655 = EDGE_CURVE('',#10469,#10648,#10656,.T.);
#10656 = LINE('',#10657,#10658);
#10657 = CARTESIAN_POINT('',(-6.299959349767,0.225,-3.630040650233));
#10658 = VECTOR('',#10659,1.);
#10659 = DIRECTION('',(0.707106781187,0.,-0.707106781187));
#10660 = PLANE('',#10661);
#10661 = AXIS2_PLACEMENT_3D('',#10662,#10663,#10664);
#10662 = CARTESIAN_POINT('',(-3.940315997723,0.225,0.519521401344));
#10663 = DIRECTION('',(0.,1.,2.2E-16));
#10664 = DIRECTION('',(0.,-2.2E-16,1.));
#10665 = ADVANCED_FACE('',(#10666),#10691,.F.);
#10666 = FACE_BOUND('',#10667,.F.);
#10667 = EDGE_LOOP('',(#10668,#10669,#10677,#10685));
#10668 = ORIENTED_EDGE('',*,*,#10466,.F.);
#10669 = ORIENTED_EDGE('',*,*,#10670,.T.);
#10670 = EDGE_CURVE('',#10467,#10671,#10673,.T.);
#10671 = VERTEX_POINT('',#10672);
#10672 = CARTESIAN_POINT('',(-5.48,-0.225,-3.8));
#10673 = LINE('',#10674,#10675);
#10674 = CARTESIAN_POINT('',(-5.48,-9.845369516983,-3.8));
#10675 = VECTOR('',#10676,1.);
#10676 = DIRECTION('',(0.,-1.,2.2E-16));
#10677 = ORIENTED_EDGE('',*,*,#10678,.T.);
#10678 = EDGE_CURVE('',#10671,#10679,#10681,.T.);
#10679 = VERTEX_POINT('',#10680);
#10680 = CARTESIAN_POINT('',(-5.48,-0.225,-4.45));
#10681 = LINE('',#10682,#10683);
#10682 = CARTESIAN_POINT('',(-5.48,-0.225,0.573115));
#10683 = VECTOR('',#10684,1.);
#10684 = DIRECTION('',(0.,2.2E-16,-1.));
#10685 = ORIENTED_EDGE('',*,*,#10686,.F.);
#10686 = EDGE_CURVE('',#10469,#10679,#10687,.T.);
#10687 = LINE('',#10688,#10689);
#10688 = CARTESIAN_POINT('',(-5.48,0.225,-4.45));
#10689 = VECTOR('',#10690,1.);
#10690 = DIRECTION('',(0.,-1.,2.2E-16));
#10691 = PLANE('',#10692);
#10692 = AXIS2_PLACEMENT_3D('',#10693,#10694,#10695);
#10693 = CARTESIAN_POINT('',(-5.48,0.225,0.573115));
#10694 = DIRECTION('',(1.,0.,0.));
#10695 = DIRECTION('',(0.,-2.2E-16,-1.));
#10696 = ADVANCED_FACE('',(#10697),#10715,.T.);
#10697 = FACE_BOUND('',#10698,.F.);
#10698 = EDGE_LOOP('',(#10699,#10700,#10701,#10709));
#10699 = ORIENTED_EDGE('',*,*,#10655,.F.);
#10700 = ORIENTED_EDGE('',*,*,#10686,.T.);
#10701 = ORIENTED_EDGE('',*,*,#10702,.T.);
#10702 = EDGE_CURVE('',#10679,#10703,#10705,.T.);
#10703 = VERTEX_POINT('',#10704);
#10704 = CARTESIAN_POINT('',(-5.33,-0.225,-4.6));
#10705 = LINE('',#10706,#10707);
#10706 = CARTESIAN_POINT('',(-6.299959349767,-0.225,-3.630040650233));
#10707 = VECTOR('',#10708,1.);
#10708 = DIRECTION('',(0.707106781187,0.,-0.707106781187));
#10709 = ORIENTED_EDGE('',*,*,#10710,.F.);
#10710 = EDGE_CURVE('',#10648,#10703,#10711,.T.);
#10711 = LINE('',#10712,#10713);
#10712 = CARTESIAN_POINT('',(-5.33,0.225,-4.6));
#10713 = VECTOR('',#10714,1.);
#10714 = DIRECTION('',(0.,-1.,2.2E-16));
#10715 = PLANE('',#10716);
#10716 = AXIS2_PLACEMENT_3D('',#10717,#10718,#10719);
#10717 = CARTESIAN_POINT('',(-5.405,0.225,-4.525));
#10718 = DIRECTION('',(-0.707106781187,-1.599999999999E-16,
    -0.707106781187));
#10719 = DIRECTION('',(-3.137084989799E-18,1.,-2.231370849898E-16));
#10720 = ADVANCED_FACE('',(#10721),#10740,.F.);
#10721 = FACE_BOUND('',#10722,.F.);
#10722 = EDGE_LOOP('',(#10723,#10731,#10738,#10739));
#10723 = ORIENTED_EDGE('',*,*,#10724,.F.);
#10724 = EDGE_CURVE('',#10725,#10477,#10727,.T.);
#10725 = VERTEX_POINT('',#10726);
#10726 = CARTESIAN_POINT('',(-5.28,-0.225,-3.6));
#10727 = LINE('',#10728,#10729);
#10728 = CARTESIAN_POINT('',(-5.28,-9.845369516983,-3.6));
#10729 = VECTOR('',#10730,1.);
#10730 = DIRECTION('',(0.,1.,-2.2E-16));
#10731 = ORIENTED_EDGE('',*,*,#10732,.F.);
#10732 = EDGE_CURVE('',#10671,#10725,#10733,.T.);
#10733 = CIRCLE('',#10734,0.2);
#10734 = AXIS2_PLACEMENT_3D('',#10735,#10736,#10737);
#10735 = CARTESIAN_POINT('',(-5.48,-0.225,-3.6));
#10736 = DIRECTION('',(0.,-1.,2.2E-16));
#10737 = DIRECTION('',(1.,0.,0.));
#10738 = ORIENTED_EDGE('',*,*,#10670,.F.);
#10739 = ORIENTED_EDGE('',*,*,#10476,.T.);
#10740 = CYLINDRICAL_SURFACE('',#10741,0.2);
#10741 = AXIS2_PLACEMENT_3D('',#10742,#10743,#10744);
#10742 = CARTESIAN_POINT('',(-5.48,-9.845369516983,-3.6));
#10743 = DIRECTION('',(0.,-1.,2.2E-16));
#10744 = DIRECTION('',(1.,0.,0.));
#10745 = ADVANCED_FACE('',(#10746),#10764,.F.);
#10746 = FACE_BOUND('',#10747,.F.);
#10747 = EDGE_LOOP('',(#10748,#10749,#10750,#10758));
#10748 = ORIENTED_EDGE('',*,*,#10647,.F.);
#10749 = ORIENTED_EDGE('',*,*,#10710,.T.);
#10750 = ORIENTED_EDGE('',*,*,#10751,.T.);
#10751 = EDGE_CURVE('',#10703,#10752,#10754,.T.);
#10752 = VERTEX_POINT('',#10753);
#10753 = CARTESIAN_POINT('',(-4.83,-0.225,-4.6));
#10754 = LINE('',#10755,#10756);
#10755 = CARTESIAN_POINT('',(-5.48,-0.225,-4.6));
#10756 = VECTOR('',#10757,1.);
#10757 = DIRECTION('',(1.,0.,0.));
#10758 = ORIENTED_EDGE('',*,*,#10759,.F.);
#10759 = EDGE_CURVE('',#10640,#10752,#10760,.T.);
#10760 = LINE('',#10761,#10762);
#10761 = CARTESIAN_POINT('',(-4.83,0.225,-4.6));
#10762 = VECTOR('',#10763,1.);
#10763 = DIRECTION('',(0.,-1.,2.2E-16));
#10764 = PLANE('',#10765);
#10765 = AXIS2_PLACEMENT_3D('',#10766,#10767,#10768);
#10766 = CARTESIAN_POINT('',(-5.48,0.225,-4.6));
#10767 = DIRECTION('',(0.,2.2E-16,1.));
#10768 = DIRECTION('',(1.,0.,-0.));
#10769 = ADVANCED_FACE('',(#10770),#10789,.F.);
#10770 = FACE_BOUND('',#10771,.F.);
#10771 = EDGE_LOOP('',(#10772,#10781,#10782,#10783));
#10772 = ORIENTED_EDGE('',*,*,#10773,.F.);
#10773 = EDGE_CURVE('',#10725,#10774,#10776,.T.);
#10774 = VERTEX_POINT('',#10775);
#10775 = CARTESIAN_POINT('',(-5.48,-0.225,-3.4));
#10776 = CIRCLE('',#10777,0.2);
#10777 = AXIS2_PLACEMENT_3D('',#10778,#10779,#10780);
#10778 = CARTESIAN_POINT('',(-5.48,-0.225,-3.6));
#10779 = DIRECTION('',(0.,-1.,2.2E-16));
#10780 = DIRECTION('',(1.,0.,0.));
#10781 = ORIENTED_EDGE('',*,*,#10724,.T.);
#10782 = ORIENTED_EDGE('',*,*,#10485,.T.);
#10783 = ORIENTED_EDGE('',*,*,#10784,.T.);
#10784 = EDGE_CURVE('',#10486,#10774,#10785,.T.);
#10785 = LINE('',#10786,#10787);
#10786 = CARTESIAN_POINT('',(-5.48,-9.845369516983,-3.4));
#10787 = VECTOR('',#10788,1.);
#10788 = DIRECTION('',(0.,-1.,2.2E-16));
#10789 = CYLINDRICAL_SURFACE('',#10790,0.2);
#10790 = AXIS2_PLACEMENT_3D('',#10791,#10792,#10793);
#10791 = CARTESIAN_POINT('',(-5.48,-9.845369516983,-3.6));
#10792 = DIRECTION('',(0.,-1.,2.2E-16));
#10793 = DIRECTION('',(1.,0.,0.));
#10794 = ADVANCED_FACE('',(#10795),#10813,.T.);
#10795 = FACE_BOUND('',#10796,.F.);
#10796 = EDGE_LOOP('',(#10797,#10798,#10799,#10807));
#10797 = ORIENTED_EDGE('',*,*,#10639,.F.);
#10798 = ORIENTED_EDGE('',*,*,#10759,.T.);
#10799 = ORIENTED_EDGE('',*,*,#10800,.T.);
#10800 = EDGE_CURVE('',#10752,#10801,#10803,.T.);
#10801 = VERTEX_POINT('',#10802);
#10802 = CARTESIAN_POINT('',(-4.68,-0.225,-4.45));
#10803 = LINE('',#10804,#10805);
#10804 = CARTESIAN_POINT('',(-3.290198649095,-0.225,-3.060198649095));
#10805 = VECTOR('',#10806,1.);
#10806 = DIRECTION('',(0.707106781187,0.,0.707106781187));
#10807 = ORIENTED_EDGE('',*,*,#10808,.F.);
#10808 = EDGE_CURVE('',#10632,#10801,#10809,.T.);
#10809 = LINE('',#10810,#10811);
#10810 = CARTESIAN_POINT('',(-4.68,0.225,-4.45));
#10811 = VECTOR('',#10812,1.);
#10812 = DIRECTION('',(0.,-1.,2.2E-16));
#10813 = PLANE('',#10814);
#10814 = AXIS2_PLACEMENT_3D('',#10815,#10816,#10817);
#10815 = CARTESIAN_POINT('',(-4.755,0.225,-4.525));
#10816 = DIRECTION('',(0.707106781187,-1.599999999999E-16,
    -0.707106781187));
#10817 = DIRECTION('',(3.137084989799E-18,1.,-2.231370849898E-16));
#10818 = ADVANCED_FACE('',(#10819),#10837,.F.);
#10819 = FACE_BOUND('',#10820,.F.);
#10820 = EDGE_LOOP('',(#10821,#10822,#10830,#10836));
#10821 = ORIENTED_EDGE('',*,*,#10494,.F.);
#10822 = ORIENTED_EDGE('',*,*,#10823,.T.);
#10823 = EDGE_CURVE('',#10495,#10824,#10826,.T.);
#10824 = VERTEX_POINT('',#10825);
#10825 = CARTESIAN_POINT('',(-5.48,-0.225,0.573115));
#10826 = LINE('',#10827,#10828);
#10827 = CARTESIAN_POINT('',(-5.48,0.225,0.573115));
#10828 = VECTOR('',#10829,1.);
#10829 = DIRECTION('',(0.,-1.,2.2E-16));
#10830 = ORIENTED_EDGE('',*,*,#10831,.T.);
#10831 = EDGE_CURVE('',#10824,#10774,#10832,.T.);
#10832 = LINE('',#10833,#10834);
#10833 = CARTESIAN_POINT('',(-5.48,-0.225,0.573115));
#10834 = VECTOR('',#10835,1.);
#10835 = DIRECTION('',(0.,2.2E-16,-1.));
#10836 = ORIENTED_EDGE('',*,*,#10784,.F.);
#10837 = PLANE('',#10838);
#10838 = AXIS2_PLACEMENT_3D('',#10839,#10840,#10841);
#10839 = CARTESIAN_POINT('',(-5.48,0.225,0.573115));
#10840 = DIRECTION('',(1.,0.,0.));
#10841 = DIRECTION('',(0.,-2.2E-16,-1.));
#10842 = ADVANCED_FACE('',(#10843),#10861,.F.);
#10843 = FACE_BOUND('',#10844,.F.);
#10844 = EDGE_LOOP('',(#10845,#10846,#10847,#10855));
#10845 = ORIENTED_EDGE('',*,*,#10631,.F.);
#10846 = ORIENTED_EDGE('',*,*,#10808,.T.);
#10847 = ORIENTED_EDGE('',*,*,#10848,.T.);
#10848 = EDGE_CURVE('',#10801,#10849,#10851,.T.);
#10849 = VERTEX_POINT('',#10850);
#10850 = CARTESIAN_POINT('',(-4.68,-0.225,-3.8));
#10851 = LINE('',#10852,#10853);
#10852 = CARTESIAN_POINT('',(-4.68,-0.225,-4.6));
#10853 = VECTOR('',#10854,1.);
#10854 = DIRECTION('',(0.,-2.2E-16,1.));
#10855 = ORIENTED_EDGE('',*,*,#10856,.F.);
#10856 = EDGE_CURVE('',#10623,#10849,#10857,.T.);
#10857 = LINE('',#10858,#10859);
#10858 = CARTESIAN_POINT('',(-4.68,-9.845369516983,-3.8));
#10859 = VECTOR('',#10860,1.);
#10860 = DIRECTION('',(0.,-1.,2.2E-16));
#10861 = PLANE('',#10862);
#10862 = AXIS2_PLACEMENT_3D('',#10863,#10864,#10865);
#10863 = CARTESIAN_POINT('',(-4.68,0.225,-4.6));
#10864 = DIRECTION('',(-1.,0.,0.));
#10865 = DIRECTION('',(0.,2.2E-16,1.));
#10866 = ADVANCED_FACE('',(#10867),#10885,.F.);
#10867 = FACE_BOUND('',#10868,.F.);
#10868 = EDGE_LOOP('',(#10869,#10877,#10883,#10884));
#10869 = ORIENTED_EDGE('',*,*,#10870,.T.);
#10870 = EDGE_CURVE('',#10503,#10871,#10873,.T.);
#10871 = VERTEX_POINT('',#10872);
#10872 = CARTESIAN_POINT('',(-5.276876,-0.225,1.094923));
#10873 = LINE('',#10874,#10875);
#10874 = CARTESIAN_POINT('',(-5.276876,0.225,1.094923));
#10875 = VECTOR('',#10876,1.);
#10876 = DIRECTION('',(0.,-1.,2.2E-16));
#10877 = ORIENTED_EDGE('',*,*,#10878,.T.);
#10878 = EDGE_CURVE('',#10871,#10824,#10879,.T.);
#10879 = LINE('',#10880,#10881);
#10880 = CARTESIAN_POINT('',(-5.276876,-0.225,1.094923));
#10881 = VECTOR('',#10882,1.);
#10882 = DIRECTION('',(-0.362754427168,2.1E-16,-0.931884770543));
#10883 = ORIENTED_EDGE('',*,*,#10823,.F.);
#10884 = ORIENTED_EDGE('',*,*,#10502,.F.);
#10885 = PLANE('',#10886);
#10886 = AXIS2_PLACEMENT_3D('',#10887,#10888,#10889);
#10887 = CARTESIAN_POINT('',(-5.276876,0.225,1.094923));
#10888 = DIRECTION('',(0.931884770543,-8.E-17,-0.362754427168));
#10889 = DIRECTION('',(-0.362754427168,-2.1E-16,-0.931884770543));
#10890 = ADVANCED_FACE('',(#10891),#10910,.F.);
#10891 = FACE_BOUND('',#10892,.F.);
#10892 = EDGE_LOOP('',(#10893,#10901,#10902,#10903));
#10893 = ORIENTED_EDGE('',*,*,#10894,.F.);
#10894 = EDGE_CURVE('',#10615,#10895,#10897,.T.);
#10895 = VERTEX_POINT('',#10896);
#10896 = CARTESIAN_POINT('',(-4.68,-0.225,-3.4));
#10897 = LINE('',#10898,#10899);
#10898 = CARTESIAN_POINT('',(-4.68,-9.845369516983,-3.4));
#10899 = VECTOR('',#10900,1.);
#10900 = DIRECTION('',(0.,-1.,2.2E-16));
#10901 = ORIENTED_EDGE('',*,*,#10622,.T.);
#10902 = ORIENTED_EDGE('',*,*,#10856,.T.);
#10903 = ORIENTED_EDGE('',*,*,#10904,.F.);
#10904 = EDGE_CURVE('',#10895,#10849,#10905,.T.);
#10905 = CIRCLE('',#10906,0.2);
#10906 = AXIS2_PLACEMENT_3D('',#10907,#10908,#10909);
#10907 = CARTESIAN_POINT('',(-4.68,-0.225,-3.6));
#10908 = DIRECTION('',(0.,-1.,2.2E-16));
#10909 = DIRECTION('',(1.,0.,0.));
#10910 = CYLINDRICAL_SURFACE('',#10911,0.2);
#10911 = AXIS2_PLACEMENT_3D('',#10912,#10913,#10914);
#10912 = CARTESIAN_POINT('',(-4.68,-9.845369516983,-3.6));
#10913 = DIRECTION('',(0.,-1.,2.2E-16));
#10914 = DIRECTION('',(1.,0.,0.));
#10915 = ADVANCED_FACE('',(#10916),#10934,.F.);
#10916 = FACE_BOUND('',#10917,.F.);
#10917 = EDGE_LOOP('',(#10918,#10926,#10932,#10933));
#10918 = ORIENTED_EDGE('',*,*,#10919,.T.);
#10919 = EDGE_CURVE('',#10511,#10920,#10922,.T.);
#10920 = VERTEX_POINT('',#10921);
#10921 = CARTESIAN_POINT('',(-5.276876,-0.225,1.901539999995));
#10922 = LINE('',#10923,#10924);
#10923 = CARTESIAN_POINT('',(-5.276876,0.225,1.901539999995));
#10924 = VECTOR('',#10925,1.);
#10925 = DIRECTION('',(0.,-1.,2.2E-16));
#10926 = ORIENTED_EDGE('',*,*,#10927,.T.);
#10927 = EDGE_CURVE('',#10920,#10871,#10928,.T.);
#10928 = LINE('',#10929,#10930);
#10929 = CARTESIAN_POINT('',(-5.276876,-0.225,1.901539999995));
#10930 = VECTOR('',#10931,1.);
#10931 = DIRECTION('',(0.,2.2E-16,-1.));
#10932 = ORIENTED_EDGE('',*,*,#10870,.F.);
#10933 = ORIENTED_EDGE('',*,*,#10510,.F.);
#10934 = PLANE('',#10935);
#10935 = AXIS2_PLACEMENT_3D('',#10936,#10937,#10938);
#10936 = CARTESIAN_POINT('',(-5.276876,0.225,1.901539999995));
#10937 = DIRECTION('',(1.,0.,0.));
#10938 = DIRECTION('',(0.,-2.2E-16,-1.));
#10939 = ADVANCED_FACE('',(#10940),#10958,.F.);
#10940 = FACE_BOUND('',#10941,.F.);
#10941 = EDGE_LOOP('',(#10942,#10943,#10944,#10952));
#10942 = ORIENTED_EDGE('',*,*,#10614,.F.);
#10943 = ORIENTED_EDGE('',*,*,#10894,.T.);
#10944 = ORIENTED_EDGE('',*,*,#10945,.T.);
#10945 = EDGE_CURVE('',#10895,#10946,#10948,.T.);
#10946 = VERTEX_POINT('',#10947);
#10947 = CARTESIAN_POINT('',(-4.68,-0.225,0.531664));
#10948 = LINE('',#10949,#10950);
#10949 = CARTESIAN_POINT('',(-4.68,-0.225,-4.6));
#10950 = VECTOR('',#10951,1.);
#10951 = DIRECTION('',(0.,-2.2E-16,1.));
#10952 = ORIENTED_EDGE('',*,*,#10953,.F.);
#10953 = EDGE_CURVE('',#10607,#10946,#10954,.T.);
#10954 = LINE('',#10955,#10956);
#10955 = CARTESIAN_POINT('',(-4.68,0.225,0.531664));
#10956 = VECTOR('',#10957,1.);
#10957 = DIRECTION('',(0.,-1.,2.2E-16));
#10958 = PLANE('',#10959);
#10959 = AXIS2_PLACEMENT_3D('',#10960,#10961,#10962);
#10960 = CARTESIAN_POINT('',(-4.68,0.225,-4.6));
#10961 = DIRECTION('',(-1.,0.,0.));
#10962 = DIRECTION('',(0.,2.2E-16,1.));
#10963 = ADVANCED_FACE('',(#10964),#10982,.F.);
#10964 = FACE_BOUND('',#10965,.F.);
#10965 = EDGE_LOOP('',(#10966,#10974,#10980,#10981));
#10966 = ORIENTED_EDGE('',*,*,#10967,.T.);
#10967 = EDGE_CURVE('',#10519,#10968,#10970,.T.);
#10968 = VERTEX_POINT('',#10969);
#10969 = CARTESIAN_POINT('',(-5.746886,-0.225,1.901539999995));
#10970 = LINE('',#10971,#10972);
#10971 = CARTESIAN_POINT('',(-5.746886,0.225,1.901539999995));
#10972 = VECTOR('',#10973,1.);
#10973 = DIRECTION('',(0.,-1.,2.2E-16));
#10974 = ORIENTED_EDGE('',*,*,#10975,.T.);
#10975 = EDGE_CURVE('',#10968,#10920,#10976,.T.);
#10976 = LINE('',#10977,#10978);
#10977 = CARTESIAN_POINT('',(-5.746886,-0.225,1.901539999995));
#10978 = VECTOR('',#10979,1.);
#10979 = DIRECTION('',(1.,0.,0.));
#10980 = ORIENTED_EDGE('',*,*,#10919,.F.);
#10981 = ORIENTED_EDGE('',*,*,#10518,.F.);
#10982 = PLANE('',#10983);
#10983 = AXIS2_PLACEMENT_3D('',#10984,#10985,#10986);
#10984 = CARTESIAN_POINT('',(-5.746886,0.225,1.901539999995));
#10985 = DIRECTION('',(0.,2.2E-16,1.));
#10986 = DIRECTION('',(1.,0.,-0.));
#10987 = ADVANCED_FACE('',(#10988),#11006,.F.);
#10988 = FACE_BOUND('',#10989,.F.);
#10989 = EDGE_LOOP('',(#10990,#10991,#10999,#11005));
#10990 = ORIENTED_EDGE('',*,*,#10953,.T.);
#10991 = ORIENTED_EDGE('',*,*,#10992,.T.);
#10992 = EDGE_CURVE('',#10946,#10993,#10995,.T.);
#10993 = VERTEX_POINT('',#10994);
#10994 = CARTESIAN_POINT('',(-4.297031,-0.225,1.126079));
#10995 = LINE('',#10996,#10997);
#10996 = CARTESIAN_POINT('',(-4.68,-0.225,0.531664));
#10997 = VECTOR('',#10998,1.);
#10998 = DIRECTION('',(0.541602961197,-1.9E-16,0.840634422578));
#10999 = ORIENTED_EDGE('',*,*,#11000,.F.);
#11000 = EDGE_CURVE('',#10599,#10993,#11001,.T.);
#11001 = LINE('',#11002,#11003);
#11002 = CARTESIAN_POINT('',(-4.297031,0.225,1.126079));
#11003 = VECTOR('',#11004,1.);
#11004 = DIRECTION('',(0.,-1.,2.2E-16));
#11005 = ORIENTED_EDGE('',*,*,#10606,.F.);
#11006 = PLANE('',#11007);
#11007 = AXIS2_PLACEMENT_3D('',#11008,#11009,#11010);
#11008 = CARTESIAN_POINT('',(-4.68,0.225,0.531664));
#11009 = DIRECTION('',(-0.840634422578,1.2E-16,0.541602961197));
#11010 = DIRECTION('',(0.541602961197,1.9E-16,0.840634422578));
#11011 = ADVANCED_FACE('',(#11012),#11030,.F.);
#11012 = FACE_BOUND('',#11013,.F.);
#11013 = EDGE_LOOP('',(#11014,#11022,#11028,#11029));
#11014 = ORIENTED_EDGE('',*,*,#11015,.T.);
#11015 = EDGE_CURVE('',#10527,#11016,#11018,.T.);
#11016 = VERTEX_POINT('',#11017);
#11017 = CARTESIAN_POINT('',(-5.487080321881,-0.225,3.699999999998));
#11018 = LINE('',#11019,#11020);
#11019 = CARTESIAN_POINT('',(-5.487080321881,0.225,3.699999999998));
#11020 = VECTOR('',#11021,1.);
#11021 = DIRECTION('',(0.,-1.,2.2E-16));
#11022 = ORIENTED_EDGE('',*,*,#11023,.T.);
#11023 = EDGE_CURVE('',#11016,#10968,#11024,.T.);
#11024 = LINE('',#11025,#11026);
#11025 = CARTESIAN_POINT('',(-5.487080321881,-0.225,3.699999999998));
#11026 = VECTOR('',#11027,1.);
#11027 = DIRECTION('',(-0.142975922708,2.2E-16,-0.98972616694));
#11028 = ORIENTED_EDGE('',*,*,#10967,.F.);
#11029 = ORIENTED_EDGE('',*,*,#10526,.F.);
#11030 = PLANE('',#11031);
#11031 = AXIS2_PLACEMENT_3D('',#11032,#11033,#11034);
#11032 = CARTESIAN_POINT('',(-5.487080321881,0.225,3.699999999998));
#11033 = DIRECTION('',(0.98972616694,-3.E-17,-0.142975922708));
#11034 = DIRECTION('',(-0.142975922708,-2.2E-16,-0.98972616694));
#11035 = ADVANCED_FACE('',(#11036),#11054,.F.);
#11036 = FACE_BOUND('',#11037,.F.);
#11037 = EDGE_LOOP('',(#11038,#11039,#11047,#11053));
#11038 = ORIENTED_EDGE('',*,*,#11000,.T.);
#11039 = ORIENTED_EDGE('',*,*,#11040,.T.);
#11040 = EDGE_CURVE('',#10993,#11041,#11043,.T.);
#11041 = VERTEX_POINT('',#11042);
#11042 = CARTESIAN_POINT('',(-1.124856,-0.225,1.126079));
#11043 = LINE('',#11044,#11045);
#11044 = CARTESIAN_POINT('',(-4.297031,-0.225,1.126079));
#11045 = VECTOR('',#11046,1.);
#11046 = DIRECTION('',(1.,0.,0.));
#11047 = ORIENTED_EDGE('',*,*,#11048,.F.);
#11048 = EDGE_CURVE('',#10591,#11041,#11049,.T.);
#11049 = LINE('',#11050,#11051);
#11050 = CARTESIAN_POINT('',(-1.124856,0.225,1.126079));
#11051 = VECTOR('',#11052,1.);
#11052 = DIRECTION('',(0.,-1.,2.2E-16));
#11053 = ORIENTED_EDGE('',*,*,#10598,.F.);
#11054 = PLANE('',#11055);
#11055 = AXIS2_PLACEMENT_3D('',#11056,#11057,#11058);
#11056 = CARTESIAN_POINT('',(-4.297031,0.225,1.126079));
#11057 = DIRECTION('',(0.,2.2E-16,1.));
#11058 = DIRECTION('',(1.,0.,-0.));
#11059 = ADVANCED_FACE('',(#11060),#11078,.F.);
#11060 = FACE_BOUND('',#11061,.F.);
#11061 = EDGE_LOOP('',(#11062,#11070,#11076,#11077));
#11062 = ORIENTED_EDGE('',*,*,#11063,.T.);
#11063 = EDGE_CURVE('',#10535,#11064,#11066,.T.);
#11064 = VERTEX_POINT('',#11065);
#11065 = CARTESIAN_POINT('',(-4.637080321881,-0.225,3.699999999998));
#11066 = LINE('',#11067,#11068);
#11067 = CARTESIAN_POINT('',(-4.637080321881,0.225,3.699999999998));
#11068 = VECTOR('',#11069,1.);
#11069 = DIRECTION('',(0.,-1.,2.2E-16));
#11070 = ORIENTED_EDGE('',*,*,#11071,.T.);
#11071 = EDGE_CURVE('',#11064,#11016,#11072,.T.);
#11072 = LINE('',#11073,#11074);
#11073 = CARTESIAN_POINT('',(-4.637080321881,-0.225,3.699999999998));
#11074 = VECTOR('',#11075,1.);
#11075 = DIRECTION('',(-1.,0.,0.));
#11076 = ORIENTED_EDGE('',*,*,#11015,.F.);
#11077 = ORIENTED_EDGE('',*,*,#10534,.F.);
#11078 = PLANE('',#11079);
#11079 = AXIS2_PLACEMENT_3D('',#11080,#11081,#11082);
#11080 = CARTESIAN_POINT('',(-4.637080321881,0.225,3.699999999998));
#11081 = DIRECTION('',(0.,-2.2E-16,-1.));
#11082 = DIRECTION('',(-1.,-0.,0.));
#11083 = ADVANCED_FACE('',(#11084),#11102,.F.);
#11084 = FACE_BOUND('',#11085,.F.);
#11085 = EDGE_LOOP('',(#11086,#11087,#11095,#11101));
#11086 = ORIENTED_EDGE('',*,*,#11048,.T.);
#11087 = ORIENTED_EDGE('',*,*,#11088,.T.);
#11088 = EDGE_CURVE('',#11041,#11089,#11091,.T.);
#11089 = VERTEX_POINT('',#11090);
#11090 = CARTESIAN_POINT('',(-1.124856,-0.225,1.901539999995));
#11091 = LINE('',#11092,#11093);
#11092 = CARTESIAN_POINT('',(-1.124856,-0.225,1.126079));
#11093 = VECTOR('',#11094,1.);
#11094 = DIRECTION('',(0.,-2.2E-16,1.));
#11095 = ORIENTED_EDGE('',*,*,#11096,.F.);
#11096 = EDGE_CURVE('',#10583,#11089,#11097,.T.);
#11097 = LINE('',#11098,#11099);
#11098 = CARTESIAN_POINT('',(-1.124856,0.225,1.901539999995));
#11099 = VECTOR('',#11100,1.);
#11100 = DIRECTION('',(0.,-1.,2.2E-16));
#11101 = ORIENTED_EDGE('',*,*,#10590,.F.);
#11102 = PLANE('',#11103);
#11103 = AXIS2_PLACEMENT_3D('',#11104,#11105,#11106);
#11104 = CARTESIAN_POINT('',(-1.124856,0.225,1.126079));
#11105 = DIRECTION('',(-1.,0.,0.));
#11106 = DIRECTION('',(0.,2.2E-16,1.));
#11107 = ADVANCED_FACE('',(#11108),#11126,.F.);
#11108 = FACE_BOUND('',#11109,.F.);
#11109 = EDGE_LOOP('',(#11110,#11118,#11124,#11125));
#11110 = ORIENTED_EDGE('',*,*,#11111,.T.);
#11111 = EDGE_CURVE('',#10543,#11112,#11114,.T.);
#11112 = VERTEX_POINT('',#11113);
#11113 = CARTESIAN_POINT('',(-4.637080321881,-0.225,2.234428));
#11114 = LINE('',#11115,#11116);
#11115 = CARTESIAN_POINT('',(-4.637080321881,0.225,2.234428));
#11116 = VECTOR('',#11117,1.);
#11117 = DIRECTION('',(0.,-1.,2.2E-16));
#11118 = ORIENTED_EDGE('',*,*,#11119,.T.);
#11119 = EDGE_CURVE('',#11112,#11064,#11120,.T.);
#11120 = LINE('',#11121,#11122);
#11121 = CARTESIAN_POINT('',(-4.637080321881,-0.225,2.234428));
#11122 = VECTOR('',#11123,1.);
#11123 = DIRECTION('',(0.,-2.2E-16,1.));
#11124 = ORIENTED_EDGE('',*,*,#11063,.F.);
#11125 = ORIENTED_EDGE('',*,*,#10542,.F.);
#11126 = PLANE('',#11127);
#11127 = AXIS2_PLACEMENT_3D('',#11128,#11129,#11130);
#11128 = CARTESIAN_POINT('',(-4.637080321881,0.225,2.234428));
#11129 = DIRECTION('',(-1.,0.,0.));
#11130 = DIRECTION('',(0.,2.2E-16,1.));
#11131 = ADVANCED_FACE('',(#11132),#11150,.F.);
#11132 = FACE_BOUND('',#11133,.F.);
#11133 = EDGE_LOOP('',(#11134,#11135,#11143,#11149));
#11134 = ORIENTED_EDGE('',*,*,#11096,.T.);
#11135 = ORIENTED_EDGE('',*,*,#11136,.T.);
#11136 = EDGE_CURVE('',#11089,#11137,#11139,.T.);
#11137 = VERTEX_POINT('',#11138);
#11138 = CARTESIAN_POINT('',(-0.654846,-0.225,1.901539999995));
#11139 = LINE('',#11140,#11141);
#11140 = CARTESIAN_POINT('',(-1.124856,-0.225,1.901539999995));
#11141 = VECTOR('',#11142,1.);
#11142 = DIRECTION('',(1.,0.,0.));
#11143 = ORIENTED_EDGE('',*,*,#11144,.F.);
#11144 = EDGE_CURVE('',#10575,#11137,#11145,.T.);
#11145 = LINE('',#11146,#11147);
#11146 = CARTESIAN_POINT('',(-0.654846,0.225,1.901539999995));
#11147 = VECTOR('',#11148,1.);
#11148 = DIRECTION('',(0.,-1.,2.2E-16));
#11149 = ORIENTED_EDGE('',*,*,#10582,.F.);
#11150 = PLANE('',#11151);
#11151 = AXIS2_PLACEMENT_3D('',#11152,#11153,#11154);
#11152 = CARTESIAN_POINT('',(-1.124856,0.225,1.901539999995));
#11153 = DIRECTION('',(0.,2.2E-16,1.));
#11154 = DIRECTION('',(1.,0.,-0.));
#11155 = ADVANCED_FACE('',(#11156),#11174,.F.);
#11156 = FACE_BOUND('',#11157,.F.);
#11157 = EDGE_LOOP('',(#11158,#11166,#11172,#11173));
#11158 = ORIENTED_EDGE('',*,*,#11159,.T.);
#11159 = EDGE_CURVE('',#10551,#11160,#11162,.T.);
#11160 = VERTEX_POINT('',#11161);
#11161 = CARTESIAN_POINT('',(-1.536305,-0.225,2.234428));
#11162 = LINE('',#11163,#11164);
#11163 = CARTESIAN_POINT('',(-1.536305,0.225,2.234428));
#11164 = VECTOR('',#11165,1.);
#11165 = DIRECTION('',(0.,-1.,2.2E-16));
#11166 = ORIENTED_EDGE('',*,*,#11167,.T.);
#11167 = EDGE_CURVE('',#11160,#11112,#11168,.T.);
#11168 = LINE('',#11169,#11170);
#11169 = CARTESIAN_POINT('',(-1.536305,-0.225,2.234428));
#11170 = VECTOR('',#11171,1.);
#11171 = DIRECTION('',(-1.,0.,0.));
#11172 = ORIENTED_EDGE('',*,*,#11111,.F.);
#11173 = ORIENTED_EDGE('',*,*,#10550,.F.);
#11174 = PLANE('',#11175);
#11175 = AXIS2_PLACEMENT_3D('',#11176,#11177,#11178);
#11176 = CARTESIAN_POINT('',(-1.536305,0.225,2.234428));
#11177 = DIRECTION('',(0.,-2.2E-16,-1.));
#11178 = DIRECTION('',(-1.,-0.,0.));
#11179 = ADVANCED_FACE('',(#11180),#11198,.F.);
#11180 = FACE_BOUND('',#11181,.F.);
#11181 = EDGE_LOOP('',(#11182,#11183,#11191,#11197));
#11182 = ORIENTED_EDGE('',*,*,#11144,.T.);
#11183 = ORIENTED_EDGE('',*,*,#11184,.T.);
#11184 = EDGE_CURVE('',#11137,#11185,#11187,.T.);
#11185 = VERTEX_POINT('',#11186);
#11186 = CARTESIAN_POINT('',(-1.036305,-0.225,3.699999999998));
#11187 = LINE('',#11188,#11189);
#11188 = CARTESIAN_POINT('',(-0.654846,-0.225,1.901539999995));
#11189 = VECTOR('',#11190,1.);
#11190 = DIRECTION('',(-0.207487283856,-2.199999999999E-16,
    0.978237714995));
#11191 = ORIENTED_EDGE('',*,*,#11192,.F.);
#11192 = EDGE_CURVE('',#10567,#11185,#11193,.T.);
#11193 = LINE('',#11194,#11195);
#11194 = CARTESIAN_POINT('',(-1.036305,0.225,3.699999999998));
#11195 = VECTOR('',#11196,1.);
#11196 = DIRECTION('',(0.,-1.,2.2E-16));
#11197 = ORIENTED_EDGE('',*,*,#10574,.F.);
#11198 = PLANE('',#11199);
#11199 = AXIS2_PLACEMENT_3D('',#11200,#11201,#11202);
#11200 = CARTESIAN_POINT('',(-0.654846,0.225,1.901539999995));
#11201 = DIRECTION('',(-0.978237714995,-4.999999999999E-17,
    -0.207487283856));
#11202 = DIRECTION('',(-0.207487283856,2.199999999999E-16,0.978237714995
    ));
#11203 = ADVANCED_FACE('',(#11204),#11222,.F.);
#11204 = FACE_BOUND('',#11205,.F.);
#11205 = EDGE_LOOP('',(#11206,#11214,#11220,#11221));
#11206 = ORIENTED_EDGE('',*,*,#11207,.T.);
#11207 = EDGE_CURVE('',#10559,#11208,#11210,.T.);
#11208 = VERTEX_POINT('',#11209);
#11209 = CARTESIAN_POINT('',(-1.536305,-0.225,3.699999999998));
#11210 = LINE('',#11211,#11212);
#11211 = CARTESIAN_POINT('',(-1.536305,0.225,3.699999999998));
#11212 = VECTOR('',#11213,1.);
#11213 = DIRECTION('',(0.,-1.,2.2E-16));
#11214 = ORIENTED_EDGE('',*,*,#11215,.T.);
#11215 = EDGE_CURVE('',#11208,#11160,#11216,.T.);
#11216 = LINE('',#11217,#11218);
#11217 = CARTESIAN_POINT('',(-1.536305,-0.225,3.699999999998));
#11218 = VECTOR('',#11219,1.);
#11219 = DIRECTION('',(0.,2.2E-16,-1.));
#11220 = ORIENTED_EDGE('',*,*,#11159,.F.);
#11221 = ORIENTED_EDGE('',*,*,#10558,.F.);
#11222 = PLANE('',#11223);
#11223 = AXIS2_PLACEMENT_3D('',#11224,#11225,#11226);
#11224 = CARTESIAN_POINT('',(-1.536305,0.225,3.699999999998));
#11225 = DIRECTION('',(1.,0.,0.));
#11226 = DIRECTION('',(0.,-2.2E-16,-1.));
#11227 = ADVANCED_FACE('',(#11228),#11239,.F.);
#11228 = FACE_BOUND('',#11229,.F.);
#11229 = EDGE_LOOP('',(#11230,#11231,#11237,#11238));
#11230 = ORIENTED_EDGE('',*,*,#11192,.T.);
#11231 = ORIENTED_EDGE('',*,*,#11232,.T.);
#11232 = EDGE_CURVE('',#11185,#11208,#11233,.T.);
#11233 = LINE('',#11234,#11235);
#11234 = CARTESIAN_POINT('',(-1.036305,-0.225,3.699999999998));
#11235 = VECTOR('',#11236,1.);
#11236 = DIRECTION('',(-1.,0.,0.));
#11237 = ORIENTED_EDGE('',*,*,#11207,.F.);
#11238 = ORIENTED_EDGE('',*,*,#10566,.F.);
#11239 = PLANE('',#11240);
#11240 = AXIS2_PLACEMENT_3D('',#11241,#11242,#11243);
#11241 = CARTESIAN_POINT('',(-1.036305,0.225,3.699999999998));
#11242 = DIRECTION('',(0.,-2.2E-16,-1.));
#11243 = DIRECTION('',(-1.,-0.,0.));
#11244 = ADVANCED_FACE('',(#11245),#11271,.F.);
#11245 = FACE_BOUND('',#11246,.F.);
#11246 = EDGE_LOOP('',(#11247,#11248,#11249,#11250,#11251,#11252,#11253,
    #11254,#11255,#11256,#11257,#11258,#11259,#11260,#11261,#11262,
    #11263,#11264,#11265,#11266,#11267,#11268,#11269,#11270));
#11247 = ORIENTED_EDGE('',*,*,#10678,.F.);
#11248 = ORIENTED_EDGE('',*,*,#10732,.T.);
#11249 = ORIENTED_EDGE('',*,*,#10773,.T.);
#11250 = ORIENTED_EDGE('',*,*,#10831,.F.);
#11251 = ORIENTED_EDGE('',*,*,#10878,.F.);
#11252 = ORIENTED_EDGE('',*,*,#10927,.F.);
#11253 = ORIENTED_EDGE('',*,*,#10975,.F.);
#11254 = ORIENTED_EDGE('',*,*,#11023,.F.);
#11255 = ORIENTED_EDGE('',*,*,#11071,.F.);
#11256 = ORIENTED_EDGE('',*,*,#11119,.F.);
#11257 = ORIENTED_EDGE('',*,*,#11167,.F.);
#11258 = ORIENTED_EDGE('',*,*,#11215,.F.);
#11259 = ORIENTED_EDGE('',*,*,#11232,.F.);
#11260 = ORIENTED_EDGE('',*,*,#11184,.F.);
#11261 = ORIENTED_EDGE('',*,*,#11136,.F.);
#11262 = ORIENTED_EDGE('',*,*,#11088,.F.);
#11263 = ORIENTED_EDGE('',*,*,#11040,.F.);
#11264 = ORIENTED_EDGE('',*,*,#10992,.F.);
#11265 = ORIENTED_EDGE('',*,*,#10945,.F.);
#11266 = ORIENTED_EDGE('',*,*,#10904,.T.);
#11267 = ORIENTED_EDGE('',*,*,#10848,.F.);
#11268 = ORIENTED_EDGE('',*,*,#10800,.F.);
#11269 = ORIENTED_EDGE('',*,*,#10751,.F.);
#11270 = ORIENTED_EDGE('',*,*,#10702,.F.);
#11271 = PLANE('',#11272);
#11272 = AXIS2_PLACEMENT_3D('',#11273,#11274,#11275);
#11273 = CARTESIAN_POINT('',(-3.940315997723,-0.225,0.519521401344));
#11274 = DIRECTION('',(0.,1.,2.2E-16));
#11275 = DIRECTION('',(0.,-2.2E-16,1.));
#11276 = ( GEOMETRIC_REPRESENTATION_CONTEXT(3) 
GLOBAL_UNCERTAINTY_ASSIGNED_CONTEXT((#11280)) 
GLOBAL_UNIT_ASSIGNED_CONTEXT((#11277,#11278,#11279)) 
REPRESENTATION_CONTEXT('Context #1',
  '3D Context with UNIT and UNCERTAINTY') );
#11277 = ( LENGTH_UNIT() NAMED_UNIT(*) SI_UNIT(.MILLI.,.METRE.) );
#11278 = ( NAMED_UNIT(*) PLANE_ANGLE_UNIT() SI_UNIT($,.RADIAN.) );
#11279 = ( NAMED_UNIT(*) SI_UNIT($,.STERADIAN.) SOLID_ANGLE_UNIT() );
#11280 = UNCERTAINTY_MEASURE_WITH_UNIT(LENGTH_MEASURE(1.E-07),#11277,
  'distance_accuracy_value','confusion accuracy');
#11281 = CONTEXT_DEPENDENT_SHAPE_REPRESENTATION(#11282,#11284);
#11282 = ( REPRESENTATION_RELATIONSHIP('','',#10459,#5340) 
REPRESENTATION_RELATIONSHIP_WITH_TRANSFORMATION(#11283) 
SHAPE_REPRESENTATION_RELATIONSHIP() );
#11283 = ITEM_DEFINED_TRANSFORMATION('','',#11,#5361);
#11284 = PRODUCT_DEFINITION_SHAPE('Placement','Placement of an item',
  #11285);
#11285 = NEXT_ASSEMBLY_USAGE_OCCURRENCE('12','Pin_C005','',#5335,#10454,
  $);
#11286 = PRODUCT_RELATED_PRODUCT_CATEGORY('part',$,(#10456));
#11287 = SHAPE_DEFINITION_REPRESENTATION(#11288,#11294);
#11288 = PRODUCT_DEFINITION_SHAPE('','',#11289);
#11289 = PRODUCT_DEFINITION('design','',#11290,#11293);
#11290 = PRODUCT_DEFINITION_FORMATION('','',#11291);
#11291 = PRODUCT('Pin_NC005','Pin_NC005','',(#11292));
#11292 = PRODUCT_CONTEXT('',#2,'mechanical');
#11293 = PRODUCT_DEFINITION_CONTEXT('part definition',#2,'design');
#11294 = ADVANCED_BREP_SHAPE_REPRESENTATION('',(#11,#11295),#11880);
#11295 = MANIFOLD_SOLID_BREP('',#11296);
#11296 = CLOSED_SHELL('',(#11297,#11337,#11475,#11499,#11524,#11647,
    #11664,#11681,#11698,#11715,#11732,#11749,#11766,#11783,#11800,
    #11817,#11834,#11851,#11868));
#11297 = ADVANCED_FACE('',(#11298),#11332,.F.);
#11298 = FACE_BOUND('',#11299,.F.);
#11299 = EDGE_LOOP('',(#11300,#11310,#11318,#11326));
#11300 = ORIENTED_EDGE('',*,*,#11301,.F.);
#11301 = EDGE_CURVE('',#11302,#11304,#11306,.T.);
#11302 = VERTEX_POINT('',#11303);
#11303 = CARTESIAN_POINT('',(5.48,0.225,-4.45));
#11304 = VERTEX_POINT('',#11305);
#11305 = CARTESIAN_POINT('',(5.48,0.225,-3.8));
#11306 = LINE('',#11307,#11308);
#11307 = CARTESIAN_POINT('',(5.48,0.225,-4.6));
#11308 = VECTOR('',#11309,1.);
#11309 = DIRECTION('',(0.,-2.2E-16,1.));
#11310 = ORIENTED_EDGE('',*,*,#11311,.T.);
#11311 = EDGE_CURVE('',#11302,#11312,#11314,.T.);
#11312 = VERTEX_POINT('',#11313);
#11313 = CARTESIAN_POINT('',(5.48,-0.225,-4.45));
#11314 = LINE('',#11315,#11316);
#11315 = CARTESIAN_POINT('',(5.48,0.225,-4.45));
#11316 = VECTOR('',#11317,1.);
#11317 = DIRECTION('',(0.,-1.,2.2E-16));
#11318 = ORIENTED_EDGE('',*,*,#11319,.T.);
#11319 = EDGE_CURVE('',#11312,#11320,#11322,.T.);
#11320 = VERTEX_POINT('',#11321);
#11321 = CARTESIAN_POINT('',(5.48,-0.225,-3.8));
#11322 = LINE('',#11323,#11324);
#11323 = CARTESIAN_POINT('',(5.48,-0.225,-4.6));
#11324 = VECTOR('',#11325,1.);
#11325 = DIRECTION('',(0.,-2.2E-16,1.));
#11326 = ORIENTED_EDGE('',*,*,#11327,.F.);
#11327 = EDGE_CURVE('',#11304,#11320,#11328,.T.);
#11328 = LINE('',#11329,#11330);
#11329 = CARTESIAN_POINT('',(5.48,-9.784106205985,-3.8));
#11330 = VECTOR('',#11331,1.);
#11331 = DIRECTION('',(0.,-1.,2.2E-16));
#11332 = PLANE('',#11333);
#11333 = AXIS2_PLACEMENT_3D('',#11334,#11335,#11336);
#11334 = CARTESIAN_POINT('',(5.48,0.225,-4.6));
#11335 = DIRECTION('',(-1.,0.,0.));
#11336 = DIRECTION('',(0.,2.2E-16,1.));
#11337 = ADVANCED_FACE('',(#11338),#11470,.T.);
#11338 = FACE_BOUND('',#11339,.T.);
#11339 = EDGE_LOOP('',(#11340,#11341,#11349,#11357,#11365,#11373,#11382,
    #11391,#11399,#11407,#11415,#11423,#11431,#11439,#11447,#11455,
    #11463));
#11340 = ORIENTED_EDGE('',*,*,#11301,.F.);
#11341 = ORIENTED_EDGE('',*,*,#11342,.T.);
#11342 = EDGE_CURVE('',#11302,#11343,#11345,.T.);
#11343 = VERTEX_POINT('',#11344);
#11344 = CARTESIAN_POINT('',(5.33,0.225,-4.6));
#11345 = LINE('',#11346,#11347);
#11346 = CARTESIAN_POINT('',(6.557582644628,0.225,-3.372417355372));
#11347 = VECTOR('',#11348,1.);
#11348 = DIRECTION('',(-0.707106781187,0.,-0.707106781187));
#11349 = ORIENTED_EDGE('',*,*,#11350,.F.);
#11350 = EDGE_CURVE('',#11351,#11343,#11353,.T.);
#11351 = VERTEX_POINT('',#11352);
#11352 = CARTESIAN_POINT('',(4.83,0.225,-4.6));
#11353 = LINE('',#11354,#11355);
#11354 = CARTESIAN_POINT('',(4.68,0.225,-4.6));
#11355 = VECTOR('',#11356,1.);
#11356 = DIRECTION('',(1.,0.,0.));
#11357 = ORIENTED_EDGE('',*,*,#11358,.T.);
#11358 = EDGE_CURVE('',#11351,#11359,#11361,.T.);
#11359 = VERTEX_POINT('',#11360);
#11360 = CARTESIAN_POINT('',(4.68,0.225,-4.45));
#11361 = LINE('',#11362,#11363);
#11362 = CARTESIAN_POINT('',(3.446012396694,0.225,-3.216012396694));
#11363 = VECTOR('',#11364,1.);
#11364 = DIRECTION('',(-0.707106781187,0.,0.707106781187));
#11365 = ORIENTED_EDGE('',*,*,#11366,.F.);
#11366 = EDGE_CURVE('',#11367,#11359,#11369,.T.);
#11367 = VERTEX_POINT('',#11368);
#11368 = CARTESIAN_POINT('',(4.68,0.225,-3.8));
#11369 = LINE('',#11370,#11371);
#11370 = CARTESIAN_POINT('',(4.68,0.225,3.799999999998));
#11371 = VECTOR('',#11372,1.);
#11372 = DIRECTION('',(0.,2.2E-16,-1.));
#11373 = ORIENTED_EDGE('',*,*,#11374,.T.);
#11374 = EDGE_CURVE('',#11367,#11375,#11377,.T.);
#11375 = VERTEX_POINT('',#11376);
#11376 = CARTESIAN_POINT('',(4.88,0.225,-3.6));
#11377 = CIRCLE('',#11378,0.2);
#11378 = AXIS2_PLACEMENT_3D('',#11379,#11380,#11381);
#11379 = CARTESIAN_POINT('',(4.68,0.225,-3.6));
#11380 = DIRECTION('',(0.,-1.,2.2E-16));
#11381 = DIRECTION('',(1.,0.,0.));
#11382 = ORIENTED_EDGE('',*,*,#11383,.T.);
#11383 = EDGE_CURVE('',#11375,#11384,#11386,.T.);
#11384 = VERTEX_POINT('',#11385);
#11385 = CARTESIAN_POINT('',(4.68,0.225,-3.4));
#11386 = CIRCLE('',#11387,0.2);
#11387 = AXIS2_PLACEMENT_3D('',#11388,#11389,#11390);
#11388 = CARTESIAN_POINT('',(4.68,0.225,-3.6));
#11389 = DIRECTION('',(0.,-1.,2.2E-16));
#11390 = DIRECTION('',(1.,0.,0.));
#11391 = ORIENTED_EDGE('',*,*,#11392,.F.);
#11392 = EDGE_CURVE('',#11393,#11384,#11395,.T.);
#11393 = VERTEX_POINT('',#11394);
#11394 = CARTESIAN_POINT('',(4.68,0.225,3.799999999998));
#11395 = LINE('',#11396,#11397);
#11396 = CARTESIAN_POINT('',(4.68,0.225,3.799999999998));
#11397 = VECTOR('',#11398,1.);
#11398 = DIRECTION('',(0.,2.2E-16,-1.));
#11399 = ORIENTED_EDGE('',*,*,#11400,.F.);
#11400 = EDGE_CURVE('',#11401,#11393,#11403,.T.);
#11401 = VERTEX_POINT('',#11402);
#11402 = CARTESIAN_POINT('',(3.48,0.225,3.799999999998));
#11403 = LINE('',#11404,#11405);
#11404 = CARTESIAN_POINT('',(3.48,0.225,3.799999999998));
#11405 = VECTOR('',#11406,1.);
#11406 = DIRECTION('',(1.,0.,0.));
#11407 = ORIENTED_EDGE('',*,*,#11408,.F.);
#11408 = EDGE_CURVE('',#11409,#11401,#11411,.T.);
#11409 = VERTEX_POINT('',#11410);
#11410 = CARTESIAN_POINT('',(3.48,0.225,3.699999999998));
#11411 = LINE('',#11412,#11413);
#11412 = CARTESIAN_POINT('',(3.48,0.225,3.699999999998));
#11413 = VECTOR('',#11414,1.);
#11414 = DIRECTION('',(0.,-2.2E-16,1.));
#11415 = ORIENTED_EDGE('',*,*,#11416,.F.);
#11416 = EDGE_CURVE('',#11417,#11409,#11419,.T.);
#11417 = VERTEX_POINT('',#11418);
#11418 = CARTESIAN_POINT('',(2.98,0.225,3.699999999998));
#11419 = LINE('',#11420,#11421);
#11420 = CARTESIAN_POINT('',(2.98,0.225,3.699999999998));
#11421 = VECTOR('',#11422,1.);
#11422 = DIRECTION('',(1.,0.,0.));
#11423 = ORIENTED_EDGE('',*,*,#11424,.F.);
#11424 = EDGE_CURVE('',#11425,#11417,#11427,.T.);
#11425 = VERTEX_POINT('',#11426);
#11426 = CARTESIAN_POINT('',(2.98,0.225,3.799999999998));
#11427 = LINE('',#11428,#11429);
#11428 = CARTESIAN_POINT('',(2.98,0.225,3.799999999998));
#11429 = VECTOR('',#11430,1.);
#11430 = DIRECTION('',(0.,2.2E-16,-1.));
#11431 = ORIENTED_EDGE('',*,*,#11432,.F.);
#11432 = EDGE_CURVE('',#11433,#11425,#11435,.T.);
#11433 = VERTEX_POINT('',#11434);
#11434 = CARTESIAN_POINT('',(2.68,0.225,3.799999999998));
#11435 = LINE('',#11436,#11437);
#11436 = CARTESIAN_POINT('',(2.68,0.225,3.799999999998));
#11437 = VECTOR('',#11438,1.);
#11438 = DIRECTION('',(1.,0.,0.));
#11439 = ORIENTED_EDGE('',*,*,#11440,.F.);
#11440 = EDGE_CURVE('',#11441,#11433,#11443,.T.);
#11441 = VERTEX_POINT('',#11442);
#11442 = CARTESIAN_POINT('',(2.68,0.225,4.6));
#11443 = LINE('',#11444,#11445);
#11444 = CARTESIAN_POINT('',(2.68,0.225,4.6));
#11445 = VECTOR('',#11446,1.);
#11446 = DIRECTION('',(0.,2.2E-16,-1.));
#11447 = ORIENTED_EDGE('',*,*,#11448,.F.);
#11448 = EDGE_CURVE('',#11449,#11441,#11451,.T.);
#11449 = VERTEX_POINT('',#11450);
#11450 = CARTESIAN_POINT('',(5.48,0.225,4.6));
#11451 = LINE('',#11452,#11453);
#11452 = CARTESIAN_POINT('',(5.48,0.225,4.6));
#11453 = VECTOR('',#11454,1.);
#11454 = DIRECTION('',(-1.,0.,0.));
#11455 = ORIENTED_EDGE('',*,*,#11456,.F.);
#11456 = EDGE_CURVE('',#11457,#11449,#11459,.T.);
#11457 = VERTEX_POINT('',#11458);
#11458 = CARTESIAN_POINT('',(5.48,0.225,-3.4));
#11459 = LINE('',#11460,#11461);
#11460 = CARTESIAN_POINT('',(5.48,0.225,-4.6));
#11461 = VECTOR('',#11462,1.);
#11462 = DIRECTION('',(0.,-2.2E-16,1.));
#11463 = ORIENTED_EDGE('',*,*,#11464,.T.);
#11464 = EDGE_CURVE('',#11457,#11304,#11465,.T.);
#11465 = CIRCLE('',#11466,0.2);
#11466 = AXIS2_PLACEMENT_3D('',#11467,#11468,#11469);
#11467 = CARTESIAN_POINT('',(5.48,0.225,-3.6));
#11468 = DIRECTION('',(0.,-1.,2.2E-16));
#11469 = DIRECTION('',(1.,0.,0.));
#11470 = PLANE('',#11471);
#11471 = AXIS2_PLACEMENT_3D('',#11472,#11473,#11474);
#11472 = CARTESIAN_POINT('',(4.767190082644,0.225,0.723140495868));
#11473 = DIRECTION('',(0.,1.,2.2E-16));
#11474 = DIRECTION('',(0.,-2.2E-16,1.));
#11475 = ADVANCED_FACE('',(#11476),#11494,.T.);
#11476 = FACE_BOUND('',#11477,.T.);
#11477 = EDGE_LOOP('',(#11478,#11479,#11480,#11488));
#11478 = ORIENTED_EDGE('',*,*,#11342,.F.);
#11479 = ORIENTED_EDGE('',*,*,#11311,.T.);
#11480 = ORIENTED_EDGE('',*,*,#11481,.T.);
#11481 = EDGE_CURVE('',#11312,#11482,#11484,.T.);
#11482 = VERTEX_POINT('',#11483);
#11483 = CARTESIAN_POINT('',(5.33,-0.225,-4.6));
#11484 = LINE('',#11485,#11486);
#11485 = CARTESIAN_POINT('',(6.557582644628,-0.225,-3.372417355372));
#11486 = VECTOR('',#11487,1.);
#11487 = DIRECTION('',(-0.707106781187,0.,-0.707106781187));
#11488 = ORIENTED_EDGE('',*,*,#11489,.F.);
#11489 = EDGE_CURVE('',#11343,#11482,#11490,.T.);
#11490 = LINE('',#11491,#11492);
#11491 = CARTESIAN_POINT('',(5.33,0.225,-4.6));
#11492 = VECTOR('',#11493,1.);
#11493 = DIRECTION('',(0.,-1.,2.2E-16));
#11494 = PLANE('',#11495);
#11495 = AXIS2_PLACEMENT_3D('',#11496,#11497,#11498);
#11496 = CARTESIAN_POINT('',(5.405,0.225,-4.525));
#11497 = DIRECTION('',(0.707106781187,-1.599999999999E-16,
    -0.707106781187));
#11498 = DIRECTION('',(-3.137084989799E-18,-1.,2.231370849898E-16));
#11499 = ADVANCED_FACE('',(#11500),#11519,.F.);
#11500 = FACE_BOUND('',#11501,.F.);
#11501 = EDGE_LOOP('',(#11502,#11510,#11511,#11512));
#11502 = ORIENTED_EDGE('',*,*,#11503,.F.);
#11503 = EDGE_CURVE('',#11457,#11504,#11506,.T.);
#11504 = VERTEX_POINT('',#11505);
#11505 = CARTESIAN_POINT('',(5.48,-0.225,-3.4));
#11506 = LINE('',#11507,#11508);
#11507 = CARTESIAN_POINT('',(5.48,-9.784106205985,-3.4));
#11508 = VECTOR('',#11509,1.);
#11509 = DIRECTION('',(0.,-1.,2.2E-16));
#11510 = ORIENTED_EDGE('',*,*,#11464,.T.);
#11511 = ORIENTED_EDGE('',*,*,#11327,.T.);
#11512 = ORIENTED_EDGE('',*,*,#11513,.F.);
#11513 = EDGE_CURVE('',#11504,#11320,#11514,.T.);
#11514 = CIRCLE('',#11515,0.2);
#11515 = AXIS2_PLACEMENT_3D('',#11516,#11517,#11518);
#11516 = CARTESIAN_POINT('',(5.48,-0.225,-3.6));
#11517 = DIRECTION('',(0.,-1.,2.2E-16));
#11518 = DIRECTION('',(1.,0.,0.));
#11519 = CYLINDRICAL_SURFACE('',#11520,0.2);
#11520 = AXIS2_PLACEMENT_3D('',#11521,#11522,#11523);
#11521 = CARTESIAN_POINT('',(5.48,-9.784106205985,-3.6));
#11522 = DIRECTION('',(0.,-1.,2.2E-16));
#11523 = DIRECTION('',(1.,0.,0.));
#11524 = ADVANCED_FACE('',(#11525),#11642,.F.);
#11525 = FACE_BOUND('',#11526,.F.);
#11526 = EDGE_LOOP('',(#11527,#11528,#11529,#11537,#11545,#11553,#11562,
    #11571,#11579,#11587,#11595,#11603,#11611,#11619,#11627,#11635,
    #11641));
#11527 = ORIENTED_EDGE('',*,*,#11319,.F.);
#11528 = ORIENTED_EDGE('',*,*,#11481,.T.);
#11529 = ORIENTED_EDGE('',*,*,#11530,.F.);
#11530 = EDGE_CURVE('',#11531,#11482,#11533,.T.);
#11531 = VERTEX_POINT('',#11532);
#11532 = CARTESIAN_POINT('',(4.83,-0.225,-4.6));
#11533 = LINE('',#11534,#11535);
#11534 = CARTESIAN_POINT('',(4.68,-0.225,-4.6));
#11535 = VECTOR('',#11536,1.);
#11536 = DIRECTION('',(1.,0.,0.));
#11537 = ORIENTED_EDGE('',*,*,#11538,.T.);
#11538 = EDGE_CURVE('',#11531,#11539,#11541,.T.);
#11539 = VERTEX_POINT('',#11540);
#11540 = CARTESIAN_POINT('',(4.68,-0.225,-4.45));
#11541 = LINE('',#11542,#11543);
#11542 = CARTESIAN_POINT('',(3.446012396694,-0.225,-3.216012396694));
#11543 = VECTOR('',#11544,1.);
#11544 = DIRECTION('',(-0.707106781187,0.,0.707106781187));
#11545 = ORIENTED_EDGE('',*,*,#11546,.F.);
#11546 = EDGE_CURVE('',#11547,#11539,#11549,.T.);
#11547 = VERTEX_POINT('',#11548);
#11548 = CARTESIAN_POINT('',(4.68,-0.225,-3.8));
#11549 = LINE('',#11550,#11551);
#11550 = CARTESIAN_POINT('',(4.68,-0.225,3.799999999998));
#11551 = VECTOR('',#11552,1.);
#11552 = DIRECTION('',(0.,2.2E-16,-1.));
#11553 = ORIENTED_EDGE('',*,*,#11554,.T.);
#11554 = EDGE_CURVE('',#11547,#11555,#11557,.T.);
#11555 = VERTEX_POINT('',#11556);
#11556 = CARTESIAN_POINT('',(4.88,-0.225,-3.6));
#11557 = CIRCLE('',#11558,0.2);
#11558 = AXIS2_PLACEMENT_3D('',#11559,#11560,#11561);
#11559 = CARTESIAN_POINT('',(4.68,-0.225,-3.6));
#11560 = DIRECTION('',(0.,-1.,2.2E-16));
#11561 = DIRECTION('',(1.,0.,0.));
#11562 = ORIENTED_EDGE('',*,*,#11563,.T.);
#11563 = EDGE_CURVE('',#11555,#11564,#11566,.T.);
#11564 = VERTEX_POINT('',#11565);
#11565 = CARTESIAN_POINT('',(4.68,-0.225,-3.4));
#11566 = CIRCLE('',#11567,0.2);
#11567 = AXIS2_PLACEMENT_3D('',#11568,#11569,#11570);
#11568 = CARTESIAN_POINT('',(4.68,-0.225,-3.6));
#11569 = DIRECTION('',(0.,-1.,2.2E-16));
#11570 = DIRECTION('',(1.,0.,0.));
#11571 = ORIENTED_EDGE('',*,*,#11572,.F.);
#11572 = EDGE_CURVE('',#11573,#11564,#11575,.T.);
#11573 = VERTEX_POINT('',#11574);
#11574 = CARTESIAN_POINT('',(4.68,-0.225,3.799999999998));
#11575 = LINE('',#11576,#11577);
#11576 = CARTESIAN_POINT('',(4.68,-0.225,3.799999999998));
#11577 = VECTOR('',#11578,1.);
#11578 = DIRECTION('',(0.,2.2E-16,-1.));
#11579 = ORIENTED_EDGE('',*,*,#11580,.F.);
#11580 = EDGE_CURVE('',#11581,#11573,#11583,.T.);
#11581 = VERTEX_POINT('',#11582);
#11582 = CARTESIAN_POINT('',(3.48,-0.225,3.799999999998));
#11583 = LINE('',#11584,#11585);
#11584 = CARTESIAN_POINT('',(3.48,-0.225,3.799999999998));
#11585 = VECTOR('',#11586,1.);
#11586 = DIRECTION('',(1.,0.,0.));
#11587 = ORIENTED_EDGE('',*,*,#11588,.F.);
#11588 = EDGE_CURVE('',#11589,#11581,#11591,.T.);
#11589 = VERTEX_POINT('',#11590);
#11590 = CARTESIAN_POINT('',(3.48,-0.225,3.699999999998));
#11591 = LINE('',#11592,#11593);
#11592 = CARTESIAN_POINT('',(3.48,-0.225,3.699999999998));
#11593 = VECTOR('',#11594,1.);
#11594 = DIRECTION('',(0.,-2.2E-16,1.));
#11595 = ORIENTED_EDGE('',*,*,#11596,.F.);
#11596 = EDGE_CURVE('',#11597,#11589,#11599,.T.);
#11597 = VERTEX_POINT('',#11598);
#11598 = CARTESIAN_POINT('',(2.98,-0.225,3.699999999998));
#11599 = LINE('',#11600,#11601);
#11600 = CARTESIAN_POINT('',(2.98,-0.225,3.699999999998));
#11601 = VECTOR('',#11602,1.);
#11602 = DIRECTION('',(1.,0.,0.));
#11603 = ORIENTED_EDGE('',*,*,#11604,.F.);
#11604 = EDGE_CURVE('',#11605,#11597,#11607,.T.);
#11605 = VERTEX_POINT('',#11606);
#11606 = CARTESIAN_POINT('',(2.98,-0.225,3.799999999998));
#11607 = LINE('',#11608,#11609);
#11608 = CARTESIAN_POINT('',(2.98,-0.225,3.799999999998));
#11609 = VECTOR('',#11610,1.);
#11610 = DIRECTION('',(0.,2.2E-16,-1.));
#11611 = ORIENTED_EDGE('',*,*,#11612,.F.);
#11612 = EDGE_CURVE('',#11613,#11605,#11615,.T.);
#11613 = VERTEX_POINT('',#11614);
#11614 = CARTESIAN_POINT('',(2.68,-0.225,3.799999999998));
#11615 = LINE('',#11616,#11617);
#11616 = CARTESIAN_POINT('',(2.68,-0.225,3.799999999998));
#11617 = VECTOR('',#11618,1.);
#11618 = DIRECTION('',(1.,0.,0.));
#11619 = ORIENTED_EDGE('',*,*,#11620,.F.);
#11620 = EDGE_CURVE('',#11621,#11613,#11623,.T.);
#11621 = VERTEX_POINT('',#11622);
#11622 = CARTESIAN_POINT('',(2.68,-0.225,4.6));
#11623 = LINE('',#11624,#11625);
#11624 = CARTESIAN_POINT('',(2.68,-0.225,4.6));
#11625 = VECTOR('',#11626,1.);
#11626 = DIRECTION('',(0.,2.2E-16,-1.));
#11627 = ORIENTED_EDGE('',*,*,#11628,.F.);
#11628 = EDGE_CURVE('',#11629,#11621,#11631,.T.);
#11629 = VERTEX_POINT('',#11630);
#11630 = CARTESIAN_POINT('',(5.48,-0.225,4.6));
#11631 = LINE('',#11632,#11633);
#11632 = CARTESIAN_POINT('',(5.48,-0.225,4.6));
#11633 = VECTOR('',#11634,1.);
#11634 = DIRECTION('',(-1.,0.,0.));
#11635 = ORIENTED_EDGE('',*,*,#11636,.F.);
#11636 = EDGE_CURVE('',#11504,#11629,#11637,.T.);
#11637 = LINE('',#11638,#11639);
#11638 = CARTESIAN_POINT('',(5.48,-0.225,-4.6));
#11639 = VECTOR('',#11640,1.);
#11640 = DIRECTION('',(0.,-2.2E-16,1.));
#11641 = ORIENTED_EDGE('',*,*,#11513,.T.);
#11642 = PLANE('',#11643);
#11643 = AXIS2_PLACEMENT_3D('',#11644,#11645,#11646);
#11644 = CARTESIAN_POINT('',(4.767190082644,-0.225,0.723140495868));
#11645 = DIRECTION('',(0.,1.,2.2E-16));
#11646 = DIRECTION('',(0.,-2.2E-16,1.));
#11647 = ADVANCED_FACE('',(#11648),#11659,.F.);
#11648 = FACE_BOUND('',#11649,.F.);
#11649 = EDGE_LOOP('',(#11650,#11651,#11657,#11658));
#11650 = ORIENTED_EDGE('',*,*,#11350,.F.);
#11651 = ORIENTED_EDGE('',*,*,#11652,.T.);
#11652 = EDGE_CURVE('',#11351,#11531,#11653,.T.);
#11653 = LINE('',#11654,#11655);
#11654 = CARTESIAN_POINT('',(4.83,0.225,-4.6));
#11655 = VECTOR('',#11656,1.);
#11656 = DIRECTION('',(0.,-1.,2.2E-16));
#11657 = ORIENTED_EDGE('',*,*,#11530,.T.);
#11658 = ORIENTED_EDGE('',*,*,#11489,.F.);
#11659 = PLANE('',#11660);
#11660 = AXIS2_PLACEMENT_3D('',#11661,#11662,#11663);
#11661 = CARTESIAN_POINT('',(4.68,0.225,-4.6));
#11662 = DIRECTION('',(0.,2.2E-16,1.));
#11663 = DIRECTION('',(1.,0.,-0.));
#11664 = ADVANCED_FACE('',(#11665),#11676,.F.);
#11665 = FACE_BOUND('',#11666,.F.);
#11666 = EDGE_LOOP('',(#11667,#11668,#11669,#11670));
#11667 = ORIENTED_EDGE('',*,*,#11456,.F.);
#11668 = ORIENTED_EDGE('',*,*,#11503,.T.);
#11669 = ORIENTED_EDGE('',*,*,#11636,.T.);
#11670 = ORIENTED_EDGE('',*,*,#11671,.F.);
#11671 = EDGE_CURVE('',#11449,#11629,#11672,.T.);
#11672 = LINE('',#11673,#11674);
#11673 = CARTESIAN_POINT('',(5.48,0.225,4.6));
#11674 = VECTOR('',#11675,1.);
#11675 = DIRECTION('',(0.,-1.,2.2E-16));
#11676 = PLANE('',#11677);
#11677 = AXIS2_PLACEMENT_3D('',#11678,#11679,#11680);
#11678 = CARTESIAN_POINT('',(5.48,0.225,-4.6));
#11679 = DIRECTION('',(-1.,0.,0.));
#11680 = DIRECTION('',(0.,2.2E-16,1.));
#11681 = ADVANCED_FACE('',(#11682),#11693,.T.);
#11682 = FACE_BOUND('',#11683,.T.);
#11683 = EDGE_LOOP('',(#11684,#11685,#11686,#11687));
#11684 = ORIENTED_EDGE('',*,*,#11358,.F.);
#11685 = ORIENTED_EDGE('',*,*,#11652,.T.);
#11686 = ORIENTED_EDGE('',*,*,#11538,.T.);
#11687 = ORIENTED_EDGE('',*,*,#11688,.F.);
#11688 = EDGE_CURVE('',#11359,#11539,#11689,.T.);
#11689 = LINE('',#11690,#11691);
#11690 = CARTESIAN_POINT('',(4.68,0.225,-4.45));
#11691 = VECTOR('',#11692,1.);
#11692 = DIRECTION('',(0.,-1.,2.2E-16));
#11693 = PLANE('',#11694);
#11694 = AXIS2_PLACEMENT_3D('',#11695,#11696,#11697);
#11695 = CARTESIAN_POINT('',(4.755,0.225,-4.525));
#11696 = DIRECTION('',(-0.707106781187,-1.599999999999E-16,
    -0.707106781187));
#11697 = DIRECTION('',(3.137084989799E-18,-1.,2.231370849898E-16));
#11698 = ADVANCED_FACE('',(#11699),#11710,.F.);
#11699 = FACE_BOUND('',#11700,.F.);
#11700 = EDGE_LOOP('',(#11701,#11702,#11703,#11709));
#11701 = ORIENTED_EDGE('',*,*,#11671,.T.);
#11702 = ORIENTED_EDGE('',*,*,#11628,.T.);
#11703 = ORIENTED_EDGE('',*,*,#11704,.F.);
#11704 = EDGE_CURVE('',#11441,#11621,#11705,.T.);
#11705 = LINE('',#11706,#11707);
#11706 = CARTESIAN_POINT('',(2.68,0.225,4.6));
#11707 = VECTOR('',#11708,1.);
#11708 = DIRECTION('',(0.,-1.,2.2E-16));
#11709 = ORIENTED_EDGE('',*,*,#11448,.F.);
#11710 = PLANE('',#11711);
#11711 = AXIS2_PLACEMENT_3D('',#11712,#11713,#11714);
#11712 = CARTESIAN_POINT('',(5.48,0.225,4.6));
#11713 = DIRECTION('',(0.,-2.2E-16,-1.));
#11714 = DIRECTION('',(-1.,-0.,0.));
#11715 = ADVANCED_FACE('',(#11716),#11727,.F.);
#11716 = FACE_BOUND('',#11717,.F.);
#11717 = EDGE_LOOP('',(#11718,#11719,#11725,#11726));
#11718 = ORIENTED_EDGE('',*,*,#11366,.F.);
#11719 = ORIENTED_EDGE('',*,*,#11720,.T.);
#11720 = EDGE_CURVE('',#11367,#11547,#11721,.T.);
#11721 = LINE('',#11722,#11723);
#11722 = CARTESIAN_POINT('',(4.68,-9.784106205985,-3.8));
#11723 = VECTOR('',#11724,1.);
#11724 = DIRECTION('',(0.,-1.,2.2E-16));
#11725 = ORIENTED_EDGE('',*,*,#11546,.T.);
#11726 = ORIENTED_EDGE('',*,*,#11688,.F.);
#11727 = PLANE('',#11728);
#11728 = AXIS2_PLACEMENT_3D('',#11729,#11730,#11731);
#11729 = CARTESIAN_POINT('',(4.68,0.225,3.799999999998));
#11730 = DIRECTION('',(1.,0.,0.));
#11731 = DIRECTION('',(0.,-2.2E-16,-1.));
#11732 = ADVANCED_FACE('',(#11733),#11744,.F.);
#11733 = FACE_BOUND('',#11734,.F.);
#11734 = EDGE_LOOP('',(#11735,#11736,#11737,#11743));
#11735 = ORIENTED_EDGE('',*,*,#11704,.T.);
#11736 = ORIENTED_EDGE('',*,*,#11620,.T.);
#11737 = ORIENTED_EDGE('',*,*,#11738,.F.);
#11738 = EDGE_CURVE('',#11433,#11613,#11739,.T.);
#11739 = LINE('',#11740,#11741);
#11740 = CARTESIAN_POINT('',(2.68,0.225,3.799999999998));
#11741 = VECTOR('',#11742,1.);
#11742 = DIRECTION('',(0.,-1.,2.2E-16));
#11743 = ORIENTED_EDGE('',*,*,#11440,.F.);
#11744 = PLANE('',#11745);
#11745 = AXIS2_PLACEMENT_3D('',#11746,#11747,#11748);
#11746 = CARTESIAN_POINT('',(2.68,0.225,4.6));
#11747 = DIRECTION('',(1.,0.,0.));
#11748 = DIRECTION('',(0.,-2.2E-16,-1.));
#11749 = ADVANCED_FACE('',(#11750),#11761,.F.);
#11750 = FACE_BOUND('',#11751,.F.);
#11751 = EDGE_LOOP('',(#11752,#11758,#11759,#11760));
#11752 = ORIENTED_EDGE('',*,*,#11753,.F.);
#11753 = EDGE_CURVE('',#11555,#11375,#11754,.T.);
#11754 = LINE('',#11755,#11756);
#11755 = CARTESIAN_POINT('',(4.88,-9.784106205985,-3.6));
#11756 = VECTOR('',#11757,1.);
#11757 = DIRECTION('',(0.,1.,-2.2E-16));
#11758 = ORIENTED_EDGE('',*,*,#11554,.F.);
#11759 = ORIENTED_EDGE('',*,*,#11720,.F.);
#11760 = ORIENTED_EDGE('',*,*,#11374,.T.);
#11761 = CYLINDRICAL_SURFACE('',#11762,0.2);
#11762 = AXIS2_PLACEMENT_3D('',#11763,#11764,#11765);
#11763 = CARTESIAN_POINT('',(4.68,-9.784106205985,-3.6));
#11764 = DIRECTION('',(0.,-1.,2.2E-16));
#11765 = DIRECTION('',(1.,0.,0.));
#11766 = ADVANCED_FACE('',(#11767),#11778,.F.);
#11767 = FACE_BOUND('',#11768,.F.);
#11768 = EDGE_LOOP('',(#11769,#11770,#11771,#11777));
#11769 = ORIENTED_EDGE('',*,*,#11738,.T.);
#11770 = ORIENTED_EDGE('',*,*,#11612,.T.);
#11771 = ORIENTED_EDGE('',*,*,#11772,.F.);
#11772 = EDGE_CURVE('',#11425,#11605,#11773,.T.);
#11773 = LINE('',#11774,#11775);
#11774 = CARTESIAN_POINT('',(2.98,0.225,3.799999999998));
#11775 = VECTOR('',#11776,1.);
#11776 = DIRECTION('',(0.,-1.,2.2E-16));
#11777 = ORIENTED_EDGE('',*,*,#11432,.F.);
#11778 = PLANE('',#11779);
#11779 = AXIS2_PLACEMENT_3D('',#11780,#11781,#11782);
#11780 = CARTESIAN_POINT('',(2.68,0.225,3.799999999998));
#11781 = DIRECTION('',(0.,2.2E-16,1.));
#11782 = DIRECTION('',(1.,0.,-0.));
#11783 = ADVANCED_FACE('',(#11784),#11795,.F.);
#11784 = FACE_BOUND('',#11785,.F.);
#11785 = EDGE_LOOP('',(#11786,#11787,#11788,#11789));
#11786 = ORIENTED_EDGE('',*,*,#11563,.F.);
#11787 = ORIENTED_EDGE('',*,*,#11753,.T.);
#11788 = ORIENTED_EDGE('',*,*,#11383,.T.);
#11789 = ORIENTED_EDGE('',*,*,#11790,.T.);
#11790 = EDGE_CURVE('',#11384,#11564,#11791,.T.);
#11791 = LINE('',#11792,#11793);
#11792 = CARTESIAN_POINT('',(4.68,-9.784106205985,-3.4));
#11793 = VECTOR('',#11794,1.);
#11794 = DIRECTION('',(0.,-1.,2.2E-16));
#11795 = CYLINDRICAL_SURFACE('',#11796,0.2);
#11796 = AXIS2_PLACEMENT_3D('',#11797,#11798,#11799);
#11797 = CARTESIAN_POINT('',(4.68,-9.784106205985,-3.6));
#11798 = DIRECTION('',(0.,-1.,2.2E-16));
#11799 = DIRECTION('',(1.,0.,0.));
#11800 = ADVANCED_FACE('',(#11801),#11812,.F.);
#11801 = FACE_BOUND('',#11802,.F.);
#11802 = EDGE_LOOP('',(#11803,#11804,#11805,#11811));
#11803 = ORIENTED_EDGE('',*,*,#11772,.T.);
#11804 = ORIENTED_EDGE('',*,*,#11604,.T.);
#11805 = ORIENTED_EDGE('',*,*,#11806,.F.);
#11806 = EDGE_CURVE('',#11417,#11597,#11807,.T.);
#11807 = LINE('',#11808,#11809);
#11808 = CARTESIAN_POINT('',(2.98,0.225,3.699999999998));
#11809 = VECTOR('',#11810,1.);
#11810 = DIRECTION('',(0.,-1.,2.2E-16));
#11811 = ORIENTED_EDGE('',*,*,#11424,.F.);
#11812 = PLANE('',#11813);
#11813 = AXIS2_PLACEMENT_3D('',#11814,#11815,#11816);
#11814 = CARTESIAN_POINT('',(2.98,0.225,3.799999999998));
#11815 = DIRECTION('',(1.,0.,0.));
#11816 = DIRECTION('',(0.,-2.2E-16,-1.));
#11817 = ADVANCED_FACE('',(#11818),#11829,.F.);
#11818 = FACE_BOUND('',#11819,.F.);
#11819 = EDGE_LOOP('',(#11820,#11821,#11827,#11828));
#11820 = ORIENTED_EDGE('',*,*,#11392,.F.);
#11821 = ORIENTED_EDGE('',*,*,#11822,.T.);
#11822 = EDGE_CURVE('',#11393,#11573,#11823,.T.);
#11823 = LINE('',#11824,#11825);
#11824 = CARTESIAN_POINT('',(4.68,0.225,3.799999999998));
#11825 = VECTOR('',#11826,1.);
#11826 = DIRECTION('',(0.,-1.,2.2E-16));
#11827 = ORIENTED_EDGE('',*,*,#11572,.T.);
#11828 = ORIENTED_EDGE('',*,*,#11790,.F.);
#11829 = PLANE('',#11830);
#11830 = AXIS2_PLACEMENT_3D('',#11831,#11832,#11833);
#11831 = CARTESIAN_POINT('',(4.68,0.225,3.799999999998));
#11832 = DIRECTION('',(1.,0.,0.));
#11833 = DIRECTION('',(0.,-2.2E-16,-1.));
#11834 = ADVANCED_FACE('',(#11835),#11846,.F.);
#11835 = FACE_BOUND('',#11836,.F.);
#11836 = EDGE_LOOP('',(#11837,#11838,#11839,#11845));
#11837 = ORIENTED_EDGE('',*,*,#11806,.T.);
#11838 = ORIENTED_EDGE('',*,*,#11596,.T.);
#11839 = ORIENTED_EDGE('',*,*,#11840,.F.);
#11840 = EDGE_CURVE('',#11409,#11589,#11841,.T.);
#11841 = LINE('',#11842,#11843);
#11842 = CARTESIAN_POINT('',(3.48,0.225,3.699999999998));
#11843 = VECTOR('',#11844,1.);
#11844 = DIRECTION('',(0.,-1.,2.2E-16));
#11845 = ORIENTED_EDGE('',*,*,#11416,.F.);
#11846 = PLANE('',#11847);
#11847 = AXIS2_PLACEMENT_3D('',#11848,#11849,#11850);
#11848 = CARTESIAN_POINT('',(2.98,0.225,3.699999999998));
#11849 = DIRECTION('',(0.,2.2E-16,1.));
#11850 = DIRECTION('',(1.,0.,-0.));
#11851 = ADVANCED_FACE('',(#11852),#11863,.F.);
#11852 = FACE_BOUND('',#11853,.F.);
#11853 = EDGE_LOOP('',(#11854,#11860,#11861,#11862));
#11854 = ORIENTED_EDGE('',*,*,#11855,.T.);
#11855 = EDGE_CURVE('',#11401,#11581,#11856,.T.);
#11856 = LINE('',#11857,#11858);
#11857 = CARTESIAN_POINT('',(3.48,0.225,3.799999999998));
#11858 = VECTOR('',#11859,1.);
#11859 = DIRECTION('',(0.,-1.,2.2E-16));
#11860 = ORIENTED_EDGE('',*,*,#11580,.T.);
#11861 = ORIENTED_EDGE('',*,*,#11822,.F.);
#11862 = ORIENTED_EDGE('',*,*,#11400,.F.);
#11863 = PLANE('',#11864);
#11864 = AXIS2_PLACEMENT_3D('',#11865,#11866,#11867);
#11865 = CARTESIAN_POINT('',(3.48,0.225,3.799999999998));
#11866 = DIRECTION('',(0.,2.2E-16,1.));
#11867 = DIRECTION('',(1.,0.,-0.));
#11868 = ADVANCED_FACE('',(#11869),#11875,.F.);
#11869 = FACE_BOUND('',#11870,.F.);
#11870 = EDGE_LOOP('',(#11871,#11872,#11873,#11874));
#11871 = ORIENTED_EDGE('',*,*,#11840,.T.);
#11872 = ORIENTED_EDGE('',*,*,#11588,.T.);
#11873 = ORIENTED_EDGE('',*,*,#11855,.F.);
#11874 = ORIENTED_EDGE('',*,*,#11408,.F.);
#11875 = PLANE('',#11876);
#11876 = AXIS2_PLACEMENT_3D('',#11877,#11878,#11879);
#11877 = CARTESIAN_POINT('',(3.48,0.225,3.699999999998));
#11878 = DIRECTION('',(-1.,0.,0.));
#11879 = DIRECTION('',(0.,2.2E-16,1.));
#11880 = ( GEOMETRIC_REPRESENTATION_CONTEXT(3) 
GLOBAL_UNCERTAINTY_ASSIGNED_CONTEXT((#11884)) 
GLOBAL_UNIT_ASSIGNED_CONTEXT((#11881,#11882,#11883)) 
REPRESENTATION_CONTEXT('Context #1',
  '3D Context with UNIT and UNCERTAINTY') );
#11881 = ( LENGTH_UNIT() NAMED_UNIT(*) SI_UNIT(.MILLI.,.METRE.) );
#11882 = ( NAMED_UNIT(*) PLANE_ANGLE_UNIT() SI_UNIT($,.RADIAN.) );
#11883 = ( NAMED_UNIT(*) SI_UNIT($,.STERADIAN.) SOLID_ANGLE_UNIT() );
#11884 = UNCERTAINTY_MEASURE_WITH_UNIT(LENGTH_MEASURE(1.E-07),#11881,
  'distance_accuracy_value','confusion accuracy');
#11885 = CONTEXT_DEPENDENT_SHAPE_REPRESENTATION(#11886,#11888);
#11886 = ( REPRESENTATION_RELATIONSHIP('','',#11294,#5340) 
REPRESENTATION_RELATIONSHIP_WITH_TRANSFORMATION(#11887) 
SHAPE_REPRESENTATION_RELATIONSHIP() );
#11887 = ITEM_DEFINED_TRANSFORMATION('','',#11,#5365);
#11888 = PRODUCT_DEFINITION_SHAPE('Placement','Placement of an item',
  #11889);
#11889 = NEXT_ASSEMBLY_USAGE_OCCURRENCE('13','Pin_NC005','',#5335,#11289
  ,$);
#11890 = PRODUCT_RELATED_PRODUCT_CATEGORY('part',$,(#11291));
#11891 = SHAPE_DEFINITION_REPRESENTATION(#11892,#11898);
#11892 = PRODUCT_DEFINITION_SHAPE('','',#11893);
#11893 = PRODUCT_DEFINITION('design','',#11894,#11897);
#11894 = PRODUCT_DEFINITION_FORMATION('','',#11895);
#11895 = PRODUCT('Buzzer_12x9.5RM7.6','Buzzer_12x9.5RM7.6','',(#11896));
#11896 = PRODUCT_CONTEXT('',#2,'mechanical');
#11897 = PRODUCT_DEFINITION_CONTEXT('part definition',#2,'design');
#11898 = SHAPE_REPRESENTATION('',(#11,#11899),#11903);
#11899 = AXIS2_PLACEMENT_3D('',#11900,#11901,#11902);
#11900 = CARTESIAN_POINT('',(0.,0.,0.));
#11901 = DIRECTION('',(0.,0.,1.));
#11902 = DIRECTION('',(1.,0.,-0.));
#11903 = ( GEOMETRIC_REPRESENTATION_CONTEXT(3) 
GLOBAL_UNCERTAINTY_ASSIGNED_CONTEXT((#11907)) 
GLOBAL_UNIT_ASSIGNED_CONTEXT((#11904,#11905,#11906)) 
REPRESENTATION_CONTEXT('Context #1',
  '3D Context with UNIT and UNCERTAINTY') );
#11904 = ( LENGTH_UNIT() NAMED_UNIT(*) SI_UNIT(.MILLI.,.METRE.) );
#11905 = ( NAMED_UNIT(*) PLANE_ANGLE_UNIT() SI_UNIT($,.RADIAN.) );
#11906 = ( NAMED_UNIT(*) SI_UNIT($,.STERADIAN.) SOLID_ANGLE_UNIT() );
#11907 = UNCERTAINTY_MEASURE_WITH_UNIT(LENGTH_MEASURE(1.E-07),#11904,
  'distance_accuracy_value','confusion accuracy');
#11908 = CONTEXT_DEPENDENT_SHAPE_REPRESENTATION(#11909,#11911);
#11909 = ( REPRESENTATION_RELATIONSHIP('','',#11898,#10) 
REPRESENTATION_RELATIONSHIP_WITH_TRANSFORMATION(#11910) 
SHAPE_REPRESENTATION_RELATIONSHIP() );
#11910 = ITEM_DEFINED_TRANSFORMATION('','',#11,#31);
#11911 = PRODUCT_DEFINITION_SHAPE('Placement','Placement of an item',
  #11912);
#11912 = NEXT_ASSEMBLY_USAGE_OCCURRENCE('17','BZ1','',#5,#11893,$);
#11913 = PRODUCT_RELATED_PRODUCT_CATEGORY('part',$,(#11895));
#11914 = SHAPE_DEFINITION_REPRESENTATION(#11915,#11921);
#11915 = PRODUCT_DEFINITION_SHAPE('','',#11916);
#11916 = PRODUCT_DEFINITION('design','',#11917,#11920);
#11917 = PRODUCT_DEFINITION_FORMATION('','',#11918);
#11918 = PRODUCT('Buzzer_12x95RM76','Buzzer_12x95RM76','',(#11919));
#11919 = PRODUCT_CONTEXT('',#2,'mechanical');
#11920 = PRODUCT_DEFINITION_CONTEXT('part definition',#2,'design');
#11921 = ADVANCED_BREP_SHAPE_REPRESENTATION('',(#11,#11922),#12214);
#11922 = MANIFOLD_SOLID_BREP('',#11923);
#11923 = CLOSED_SHELL('',(#11924,#11957,#11983,#12009,#12040,#12060,
    #12085,#12110,#12135,#12161,#12187,#12196,#12205));
#11924 = ADVANCED_FACE('',(#11925),#11952,.T.);
#11925 = FACE_BOUND('',#11926,.T.);
#11926 = EDGE_LOOP('',(#11927,#11936,#11944,#11951));
#11927 = ORIENTED_EDGE('',*,*,#11928,.T.);
#11928 = EDGE_CURVE('',#11929,#11929,#11931,.T.);
#11929 = VERTEX_POINT('',#11930);
#11930 = CARTESIAN_POINT('',(9.8,1.804356723968E-35,0.33));
#11931 = CIRCLE('',#11932,6.);
#11932 = AXIS2_PLACEMENT_3D('',#11933,#11934,#11935);
#11933 = CARTESIAN_POINT('',(3.8,1.804356723968E-35,0.33));
#11934 = DIRECTION('',(-8.559688641721E-35,6.014522413226E-35,1.));
#11935 = DIRECTION('',(1.,6.690258951221E-52,8.559688641721E-35));
#11936 = ORIENTED_EDGE('',*,*,#11937,.T.);
#11937 = EDGE_CURVE('',#11929,#11938,#11940,.T.);
#11938 = VERTEX_POINT('',#11939);
#11939 = CARTESIAN_POINT('',(9.8,-8.91040357515E-35,8.048518518519));
#11940 = LINE('',#11941,#11942);
#11941 = CARTESIAN_POINT('',(9.8,0.,3.E-02));
#11942 = VECTOR('',#11943,1.);
#11943 = DIRECTION('',(0.,0.,1.));
#11944 = ORIENTED_EDGE('',*,*,#11945,.F.);
#11945 = EDGE_CURVE('',#11938,#11938,#11946,.T.);
#11946 = CIRCLE('',#11947,6.);
#11947 = AXIS2_PLACEMENT_3D('',#11948,#11949,#11950);
#11948 = CARTESIAN_POINT('',(3.8,-8.91040357515E-35,8.048518518519));
#11949 = DIRECTION('',(-8.559688641721E-35,6.014522413226E-35,1.));
#11950 = DIRECTION('',(1.,8.259101077374E-51,8.559688641721E-35));
#11951 = ORIENTED_EDGE('',*,*,#11937,.F.);
#11952 = CYLINDRICAL_SURFACE('',#11953,6.);
#11953 = AXIS2_PLACEMENT_3D('',#11954,#11955,#11956);
#11954 = CARTESIAN_POINT('',(3.8,0.,3.E-02));
#11955 = DIRECTION('',(-0.,-0.,-1.));
#11956 = DIRECTION('',(1.,0.,0.));
#11957 = ADVANCED_FACE('',(#11958),#11978,.T.);
#11958 = FACE_BOUND('',#11959,.T.);
#11959 = EDGE_LOOP('',(#11960,#11969,#11976,#11977));
#11960 = ORIENTED_EDGE('',*,*,#11961,.T.);
#11961 = EDGE_CURVE('',#11962,#11962,#11964,.T.);
#11962 = VERTEX_POINT('',#11963);
#11963 = CARTESIAN_POINT('',(9.5,2.672764710092E-51,3.E-02));
#11964 = CIRCLE('',#11965,5.7);
#11965 = AXIS2_PLACEMENT_3D('',#11966,#11967,#11968);
#11966 = CARTESIAN_POINT('',(3.8,0.,3.E-02));
#11967 = DIRECTION('',(-8.559688641721E-35,6.014522413226E-35,1.));
#11968 = DIRECTION('',(1.,6.690258951221E-52,8.559688641721E-35));
#11969 = ORIENTED_EDGE('',*,*,#11970,.F.);
#11970 = EDGE_CURVE('',#11929,#11962,#11971,.T.);
#11971 = CIRCLE('',#11972,0.3);
#11972 = AXIS2_PLACEMENT_3D('',#11973,#11974,#11975);
#11973 = CARTESIAN_POINT('',(9.5,9.021783619839E-37,0.33));
#11974 = DIRECTION('',(3.007261206613E-36,1.,-6.014522413226E-35));
#11975 = DIRECTION('',(1.,-3.007261206613E-36,8.559688641721E-35));
#11976 = ORIENTED_EDGE('',*,*,#11928,.F.);
#11977 = ORIENTED_EDGE('',*,*,#11970,.T.);
#11978 = TOROIDAL_SURFACE('',#11979,5.7,0.3);
#11979 = AXIS2_PLACEMENT_3D('',#11980,#11981,#11982);
#11980 = CARTESIAN_POINT('',(3.8,1.804356723968E-35,0.33));
#11981 = DIRECTION('',(8.559688641721E-35,-6.014522413226E-35,-1.));
#11982 = DIRECTION('',(1.,6.690258951221E-52,8.559688641721E-35));
#11983 = ADVANCED_FACE('',(#11984),#12004,.T.);
#11984 = FACE_BOUND('',#11985,.T.);
#11985 = EDGE_LOOP('',(#11986,#11995,#11996,#11997));
#11986 = ORIENTED_EDGE('',*,*,#11987,.F.);
#11987 = EDGE_CURVE('',#11938,#11988,#11990,.T.);
#11988 = VERTEX_POINT('',#11989);
#11989 = CARTESIAN_POINT('',(8.318518518519,3.207317652111E-50,9.53));
#11990 = CIRCLE('',#11991,1.481481481481);
#11991 = AXIS2_PLACEMENT_3D('',#11992,#11993,#11994);
#11992 = CARTESIAN_POINT('',(8.318518518519,-8.91040357515E-35,
    8.048518518519));
#11993 = DIRECTION('',(8.259101077374E-51,-1.,6.014522413226E-35));
#11994 = DIRECTION('',(1.,8.259101077374E-51,8.559688641721E-35));
#11995 = ORIENTED_EDGE('',*,*,#11945,.T.);
#11996 = ORIENTED_EDGE('',*,*,#11987,.T.);
#11997 = ORIENTED_EDGE('',*,*,#11998,.F.);
#11998 = EDGE_CURVE('',#11988,#11988,#11999,.T.);
#11999 = CIRCLE('',#12000,4.518518518519);
#12000 = AXIS2_PLACEMENT_3D('',#12001,#12002,#12003);
#12001 = CARTESIAN_POINT('',(3.8,0.,9.53));
#12002 = DIRECTION('',(-8.559688641721E-35,6.014522413226E-35,1.));
#12003 = DIRECTION('',(1.,8.259101077374E-51,8.559688641721E-35));
#12004 = TOROIDAL_SURFACE('',#12005,4.518518518519,1.481481481481);
#12005 = AXIS2_PLACEMENT_3D('',#12006,#12007,#12008);
#12006 = CARTESIAN_POINT('',(3.8,-8.91040357515E-35,8.048518518519));
#12007 = DIRECTION('',(-8.559688641721E-35,6.014522413226E-35,1.));
#12008 = DIRECTION('',(1.,8.259101077374E-51,8.559688641721E-35));
#12009 = ADVANCED_FACE('',(#12010,#12013,#12024),#12035,.F.);
#12010 = FACE_BOUND('',#12011,.F.);
#12011 = EDGE_LOOP('',(#12012));
#12012 = ORIENTED_EDGE('',*,*,#11961,.T.);
#12013 = FACE_BOUND('',#12014,.F.);
#12014 = EDGE_LOOP('',(#12015));
#12015 = ORIENTED_EDGE('',*,*,#12016,.F.);
#12016 = EDGE_CURVE('',#12017,#12017,#12019,.T.);
#12017 = VERTEX_POINT('',#12018);
#12018 = CARTESIAN_POINT('',(0.45,0.,3.E-02));
#12019 = CIRCLE('',#12020,0.45);
#12020 = AXIS2_PLACEMENT_3D('',#12021,#12022,#12023);
#12021 = CARTESIAN_POINT('',(0.,0.,3.E-02));
#12022 = DIRECTION('',(0.,0.,1.));
#12023 = DIRECTION('',(1.,0.,-0.));
#12024 = FACE_BOUND('',#12025,.F.);
#12025 = EDGE_LOOP('',(#12026));
#12026 = ORIENTED_EDGE('',*,*,#12027,.F.);
#12027 = EDGE_CURVE('',#12028,#12028,#12030,.T.);
#12028 = VERTEX_POINT('',#12029);
#12029 = CARTESIAN_POINT('',(8.05,0.,3.E-02));
#12030 = CIRCLE('',#12031,0.45);
#12031 = AXIS2_PLACEMENT_3D('',#12032,#12033,#12034);
#12032 = CARTESIAN_POINT('',(7.6,0.,3.E-02));
#12033 = DIRECTION('',(0.,0.,1.));
#12034 = DIRECTION('',(1.,0.,-0.));
#12035 = PLANE('',#12036);
#12036 = AXIS2_PLACEMENT_3D('',#12037,#12038,#12039);
#12037 = CARTESIAN_POINT('',(3.8,2.108840176837E-16,3.E-02));
#12038 = DIRECTION('',(-8.559688641721E-35,6.014522413226E-35,1.));
#12039 = DIRECTION('',(1.,0.,8.559688641721E-35));
#12040 = ADVANCED_FACE('',(#12041,#12044),#12055,.T.);
#12041 = FACE_BOUND('',#12042,.T.);
#12042 = EDGE_LOOP('',(#12043));
#12043 = ORIENTED_EDGE('',*,*,#11998,.T.);
#12044 = FACE_BOUND('',#12045,.T.);
#12045 = EDGE_LOOP('',(#12046));
#12046 = ORIENTED_EDGE('',*,*,#12047,.T.);
#12047 = EDGE_CURVE('',#12048,#12048,#12050,.T.);
#12048 = VERTEX_POINT('',#12049);
#12049 = CARTESIAN_POINT('',(4.8,0.,9.53));
#12050 = CIRCLE('',#12051,1.);
#12051 = AXIS2_PLACEMENT_3D('',#12052,#12053,#12054);
#12052 = CARTESIAN_POINT('',(3.8,0.,9.53));
#12053 = DIRECTION('',(0.,0.,-1.));
#12054 = DIRECTION('',(1.,0.,0.));
#12055 = PLANE('',#12056);
#12056 = AXIS2_PLACEMENT_3D('',#12057,#12058,#12059);
#12057 = CARTESIAN_POINT('',(3.8,2.108840176837E-16,9.53));
#12058 = DIRECTION('',(-8.559688641721E-35,6.014522413226E-35,1.));
#12059 = DIRECTION('',(1.,0.,8.559688641721E-35));
#12060 = ADVANCED_FACE('',(#12061),#12080,.T.);
#12061 = FACE_BOUND('',#12062,.T.);
#12062 = EDGE_LOOP('',(#12063,#12064,#12072,#12079));
#12063 = ORIENTED_EDGE('',*,*,#12016,.F.);
#12064 = ORIENTED_EDGE('',*,*,#12065,.T.);
#12065 = EDGE_CURVE('',#12017,#12066,#12068,.T.);
#12066 = VERTEX_POINT('',#12067);
#12067 = CARTESIAN_POINT('',(0.45,0.,-2.82));
#12068 = LINE('',#12069,#12070);
#12069 = CARTESIAN_POINT('',(0.45,0.,1.03));
#12070 = VECTOR('',#12071,1.);
#12071 = DIRECTION('',(-0.,-0.,-1.));
#12072 = ORIENTED_EDGE('',*,*,#12073,.T.);
#12073 = EDGE_CURVE('',#12066,#12066,#12074,.T.);
#12074 = CIRCLE('',#12075,0.45);
#12075 = AXIS2_PLACEMENT_3D('',#12076,#12077,#12078);
#12076 = CARTESIAN_POINT('',(0.,0.,-2.82));
#12077 = DIRECTION('',(0.,0.,1.));
#12078 = DIRECTION('',(1.,0.,-0.));
#12079 = ORIENTED_EDGE('',*,*,#12065,.F.);
#12080 = CYLINDRICAL_SURFACE('',#12081,0.45);
#12081 = AXIS2_PLACEMENT_3D('',#12082,#12083,#12084);
#12082 = CARTESIAN_POINT('',(0.,0.,1.03));
#12083 = DIRECTION('',(0.,0.,1.));
#12084 = DIRECTION('',(1.,0.,-0.));
#12085 = ADVANCED_FACE('',(#12086),#12105,.T.);
#12086 = FACE_BOUND('',#12087,.T.);
#12087 = EDGE_LOOP('',(#12088,#12089,#12097,#12104));
#12088 = ORIENTED_EDGE('',*,*,#12027,.F.);
#12089 = ORIENTED_EDGE('',*,*,#12090,.T.);
#12090 = EDGE_CURVE('',#12028,#12091,#12093,.T.);
#12091 = VERTEX_POINT('',#12092);
#12092 = CARTESIAN_POINT('',(8.05,6.042804770876E-33,-2.82));
#12093 = LINE('',#12094,#12095);
#12094 = CARTESIAN_POINT('',(8.05,0.,1.03));
#12095 = VECTOR('',#12096,1.);
#12096 = DIRECTION('',(-0.,-0.,-1.));
#12097 = ORIENTED_EDGE('',*,*,#12098,.T.);
#12098 = EDGE_CURVE('',#12091,#12091,#12099,.T.);
#12099 = CIRCLE('',#12100,0.45);
#12100 = AXIS2_PLACEMENT_3D('',#12101,#12102,#12103);
#12101 = CARTESIAN_POINT('',(7.6,-1.29542663314E-31,-2.82));
#12102 = DIRECTION('',(-1.19708830782E-30,3.357113761597E-32,1.));
#12103 = DIRECTION('',(1.,3.013010401886E-31,1.19708830782E-30));
#12104 = ORIENTED_EDGE('',*,*,#12090,.F.);
#12105 = CYLINDRICAL_SURFACE('',#12106,0.45);
#12106 = AXIS2_PLACEMENT_3D('',#12107,#12108,#12109);
#12107 = CARTESIAN_POINT('',(7.6,0.,1.03));
#12108 = DIRECTION('',(0.,0.,1.));
#12109 = DIRECTION('',(1.,0.,-0.));
#12110 = ADVANCED_FACE('',(#12111),#12130,.F.);
#12111 = FACE_BOUND('',#12112,.F.);
#12112 = EDGE_LOOP('',(#12113,#12121,#12122,#12123));
#12113 = ORIENTED_EDGE('',*,*,#12114,.T.);
#12114 = EDGE_CURVE('',#12115,#12048,#12117,.T.);
#12115 = VERTEX_POINT('',#12116);
#12116 = CARTESIAN_POINT('',(4.8,0.,9.33));
#12117 = LINE('',#12118,#12119);
#12118 = CARTESIAN_POINT('',(4.8,0.,1.93));
#12119 = VECTOR('',#12120,1.);
#12120 = DIRECTION('',(0.,0.,1.));
#12121 = ORIENTED_EDGE('',*,*,#12047,.T.);
#12122 = ORIENTED_EDGE('',*,*,#12114,.F.);
#12123 = ORIENTED_EDGE('',*,*,#12124,.T.);
#12124 = EDGE_CURVE('',#12115,#12115,#12125,.T.);
#12125 = CIRCLE('',#12126,1.);
#12126 = AXIS2_PLACEMENT_3D('',#12127,#12128,#12129);
#12127 = CARTESIAN_POINT('',(3.8,0.,9.33));
#12128 = DIRECTION('',(0.,0.,1.));
#12129 = DIRECTION('',(1.,0.,-0.));
#12130 = CYLINDRICAL_SURFACE('',#12131,1.);
#12131 = AXIS2_PLACEMENT_3D('',#12132,#12133,#12134);
#12132 = CARTESIAN_POINT('',(3.8,0.,1.93));
#12133 = DIRECTION('',(-0.,-0.,-1.));
#12134 = DIRECTION('',(1.,0.,0.));
#12135 = ADVANCED_FACE('',(#12136),#12156,.T.);
#12136 = FACE_BOUND('',#12137,.T.);
#12137 = EDGE_LOOP('',(#12138,#12147,#12154,#12155));
#12138 = ORIENTED_EDGE('',*,*,#12139,.T.);
#12139 = EDGE_CURVE('',#12140,#12140,#12142,.T.);
#12140 = VERTEX_POINT('',#12141);
#12141 = CARTESIAN_POINT('',(0.27,0.,-3.));
#12142 = CIRCLE('',#12143,0.27);
#12143 = AXIS2_PLACEMENT_3D('',#12144,#12145,#12146);
#12144 = CARTESIAN_POINT('',(0.,0.,-3.));
#12145 = DIRECTION('',(0.,0.,1.));
#12146 = DIRECTION('',(1.,0.,-0.));
#12147 = ORIENTED_EDGE('',*,*,#12148,.F.);
#12148 = EDGE_CURVE('',#12066,#12140,#12149,.T.);
#12149 = CIRCLE('',#12150,0.18);
#12150 = AXIS2_PLACEMENT_3D('',#12151,#12152,#12153);
#12151 = CARTESIAN_POINT('',(0.27,0.,-2.82));
#12152 = DIRECTION('',(-0.,1.,0.));
#12153 = DIRECTION('',(1.,0.,0.));
#12154 = ORIENTED_EDGE('',*,*,#12073,.F.);
#12155 = ORIENTED_EDGE('',*,*,#12148,.T.);
#12156 = TOROIDAL_SURFACE('',#12157,0.27,0.18);
#12157 = AXIS2_PLACEMENT_3D('',#12158,#12159,#12160);
#12158 = CARTESIAN_POINT('',(0.,0.,-2.82));
#12159 = DIRECTION('',(-0.,-0.,-1.));
#12160 = DIRECTION('',(1.,0.,0.));
#12161 = ADVANCED_FACE('',(#12162),#12182,.T.);
#12162 = FACE_BOUND('',#12163,.T.);
#12163 = EDGE_LOOP('',(#12164,#12173,#12180,#12181));
#12164 = ORIENTED_EDGE('',*,*,#12165,.T.);
#12165 = EDGE_CURVE('',#12166,#12166,#12168,.T.);
#12166 = VERTEX_POINT('',#12167);
#12167 = CARTESIAN_POINT('',(7.87,-5.423418723394E-32,-3.));
#12168 = CIRCLE('',#12169,0.27);
#12169 = AXIS2_PLACEMENT_3D('',#12170,#12171,#12172);
#12170 = CARTESIAN_POINT('',(7.6,-1.355854680849E-31,-3.));
#12171 = DIRECTION('',(-1.19708830782E-30,3.357113761597E-32,1.));
#12172 = DIRECTION('',(1.,3.013010401886E-31,1.19708830782E-30));
#12173 = ORIENTED_EDGE('',*,*,#12174,.F.);
#12174 = EDGE_CURVE('',#12091,#12166,#12175,.T.);
#12175 = CIRCLE('',#12176,0.18);
#12176 = AXIS2_PLACEMENT_3D('',#12177,#12178,#12179);
#12177 = CARTESIAN_POINT('',(7.87,-5.181706532559E-32,-2.82));
#12178 = DIRECTION('',(-2.878725851422E-31,1.,-3.357113761597E-32));
#12179 = DIRECTION('',(1.,2.878725851422E-31,1.19708830782E-30));
#12180 = ORIENTED_EDGE('',*,*,#12098,.F.);
#12181 = ORIENTED_EDGE('',*,*,#12174,.T.);
#12182 = TOROIDAL_SURFACE('',#12183,0.27,0.18);
#12183 = AXIS2_PLACEMENT_3D('',#12184,#12185,#12186);
#12184 = CARTESIAN_POINT('',(7.6,-1.29542663314E-31,-2.82));
#12185 = DIRECTION('',(1.19708830782E-30,-3.357113761597E-32,-1.));
#12186 = DIRECTION('',(1.,3.013010401886E-31,1.19708830782E-30));
#12187 = ADVANCED_FACE('',(#12188),#12191,.T.);
#12188 = FACE_BOUND('',#12189,.T.);
#12189 = EDGE_LOOP('',(#12190));
#12190 = ORIENTED_EDGE('',*,*,#12124,.T.);
#12191 = PLANE('',#12192);
#12192 = AXIS2_PLACEMENT_3D('',#12193,#12194,#12195);
#12193 = CARTESIAN_POINT('',(3.8,8.737595245399E-17,9.33));
#12194 = DIRECTION('',(-4.930380657631E-31,-1.632186346944E-32,1.));
#12195 = DIRECTION('',(1.,0.,4.930380657631E-31));
#12196 = ADVANCED_FACE('',(#12197),#12200,.F.);
#12197 = FACE_BOUND('',#12198,.F.);
#12198 = EDGE_LOOP('',(#12199));
#12199 = ORIENTED_EDGE('',*,*,#12139,.T.);
#12200 = PLANE('',#12201);
#12201 = AXIS2_PLACEMENT_3D('',#12202,#12203,#12204);
#12202 = CARTESIAN_POINT('',(-1.18701400394E-17,2.911085817041E-17,-3.)
  );
#12203 = DIRECTION('',(0.,0.,1.));
#12204 = DIRECTION('',(1.,0.,-0.));
#12205 = ADVANCED_FACE('',(#12206),#12209,.F.);
#12206 = FACE_BOUND('',#12207,.F.);
#12207 = EDGE_LOOP('',(#12208));
#12208 = ORIENTED_EDGE('',*,*,#12165,.T.);
#12209 = PLANE('',#12210);
#12210 = AXIS2_PLACEMENT_3D('',#12211,#12212,#12213);
#12211 = CARTESIAN_POINT('',(7.6,-1.836970198721E-17,-3.));
#12212 = DIRECTION('',(-1.19708830782E-30,3.357113761597E-32,1.));
#12213 = DIRECTION('',(1.,0.,1.19708830782E-30));
#12214 = ( GEOMETRIC_REPRESENTATION_CONTEXT(3) 
GLOBAL_UNCERTAINTY_ASSIGNED_CONTEXT((#12218)) 
GLOBAL_UNIT_ASSIGNED_CONTEXT((#12215,#12216,#12217)) 
REPRESENTATION_CONTEXT('Context #1',
  '3D Context with UNIT and UNCERTAINTY') );
#12215 = ( LENGTH_UNIT() NAMED_UNIT(*) SI_UNIT(.MILLI.,.METRE.) );
#12216 = ( NAMED_UNIT(*) PLANE_ANGLE_UNIT() SI_UNIT($,.RADIAN.) );
#12217 = ( NAMED_UNIT(*) SI_UNIT($,.STERADIAN.) SOLID_ANGLE_UNIT() );
#12218 = UNCERTAINTY_MEASURE_WITH_UNIT(LENGTH_MEASURE(1.E-07),#12215,
  'distance_accuracy_value','confusion accuracy');
#12219 = CONTEXT_DEPENDENT_SHAPE_REPRESENTATION(#12220,#12222);
#12220 = ( REPRESENTATION_RELATIONSHIP('','',#11921,#11898) 
REPRESENTATION_RELATIONSHIP_WITH_TRANSFORMATION(#12221) 
SHAPE_REPRESENTATION_RELATIONSHIP() );
#12221 = ITEM_DEFINED_TRANSFORMATION('','',#11,#11899);
#12222 = PRODUCT_DEFINITION_SHAPE('Placement','Placement of an item',
  #12223);
#12223 = NEXT_ASSEMBLY_USAGE_OCCURRENCE('16','=>[0:1:1:18]','',#11893,
  #11916,$);
#12224 = PRODUCT_RELATED_PRODUCT_CATEGORY('part',$,(#11918));
#12225 = CONTEXT_DEPENDENT_SHAPE_REPRESENTATION(#12226,#12228);
#12226 = ( REPRESENTATION_RELATIONSHIP('','',#633,#10) 
REPRESENTATION_RELATIONSHIP_WITH_TRANSFORMATION(#12227) 
SHAPE_REPRESENTATION_RELATIONSHIP() );
#12227 = ITEM_DEFINED_TRANSFORMATION('','',#11,#35);
#12228 = PRODUCT_DEFINITION_SHAPE('Placement','Placement of an item',
  #12229);
#12229 = NEXT_ASSEMBLY_USAGE_OCCURRENCE('18','M1','',#5,#628,$);
#12230 = SHAPE_DEFINITION_REPRESENTATION(#12231,#12237);
#12231 = PRODUCT_DEFINITION_SHAPE('','',#12232);
#12232 = PRODUCT_DEFINITION('design','',#12233,#12236);
#12233 = PRODUCT_DEFINITION_FORMATION('','',#12234);
#12234 = PRODUCT('TO-92_Inline','TO-92_Inline','',(#12235));
#12235 = PRODUCT_CONTEXT('',#2,'mechanical');
#12236 = PRODUCT_DEFINITION_CONTEXT('part definition',#2,'design');
#12237 = SHAPE_REPRESENTATION('',(#11,#12238),#12242);
#12238 = AXIS2_PLACEMENT_3D('',#12239,#12240,#12241);
#12239 = CARTESIAN_POINT('',(0.,0.,0.));
#12240 = DIRECTION('',(0.,0.,1.));
#12241 = DIRECTION('',(1.,0.,-0.));
#12242 = ( GEOMETRIC_REPRESENTATION_CONTEXT(3) 
GLOBAL_UNCERTAINTY_ASSIGNED_CONTEXT((#12246)) 
GLOBAL_UNIT_ASSIGNED_CONTEXT((#12243,#12244,#12245)) 
REPRESENTATION_CONTEXT('Context #1',
  '3D Context with UNIT and UNCERTAINTY') );
#12243 = ( LENGTH_UNIT() NAMED_UNIT(*) SI_UNIT(.MILLI.,.METRE.) );
#12244 = ( NAMED_UNIT(*) PLANE_ANGLE_UNIT() SI_UNIT($,.RADIAN.) );
#12245 = ( NAMED_UNIT(*) SI_UNIT($,.STERADIAN.) SOLID_ANGLE_UNIT() );
#12246 = UNCERTAINTY_MEASURE_WITH_UNIT(LENGTH_MEASURE(1.E-07),#12243,
  'distance_accuracy_value','confusion accuracy');
#12247 = CONTEXT_DEPENDENT_SHAPE_REPRESENTATION(#12248,#12250);
#12248 = ( REPRESENTATION_RELATIONSHIP('','',#12237,#10) 
REPRESENTATION_RELATIONSHIP_WITH_TRANSFORMATION(#12249) 
SHAPE_REPRESENTATION_RELATIONSHIP() );
#12249 = ITEM_DEFINED_TRANSFORMATION('','',#11,#39);
#12250 = PRODUCT_DEFINITION_SHAPE('Placement','Placement of an item',
  #12251);
#12251 = NEXT_ASSEMBLY_USAGE_OCCURRENCE('20','Q1','',#5,#12232,$);
#12252 = PRODUCT_RELATED_PRODUCT_CATEGORY('part',$,(#12234));
#12253 = SHAPE_DEFINITION_REPRESENTATION(#12254,#12260);
#12254 = PRODUCT_DEFINITION_SHAPE('','',#12255);
#12255 = PRODUCT_DEFINITION('design','',#12256,#12259);
#12256 = PRODUCT_DEFINITION_FORMATION('','',#12257);
#12257 = PRODUCT('TO-92_Inline_Narrow','TO-92_Inline_Narrow','',(#12258)
  );
#12258 = PRODUCT_CONTEXT('',#2,'mechanical');
#12259 = PRODUCT_DEFINITION_CONTEXT('part definition',#2,'design');
#12260 = ADVANCED_BREP_SHAPE_REPRESENTATION('',(#11,#12261),#12773);
#12261 = MANIFOLD_SOLID_BREP('',#12262);
#12262 = CLOSED_SHELL('',(#12263,#12303,#12327,#12439,#12449,#12480,
    #12504,#12528,#12545,#12576,#12600,#12624,#12641,#12672,#12696,
    #12720,#12737,#12749,#12761));
#12263 = ADVANCED_FACE('',(#12264),#12298,.F.);
#12264 = FACE_BOUND('',#12265,.F.);
#12265 = EDGE_LOOP('',(#12266,#12276,#12284,#12292));
#12266 = ORIENTED_EDGE('',*,*,#12267,.T.);
#12267 = EDGE_CURVE('',#12268,#12270,#12272,.T.);
#12268 = VERTEX_POINT('',#12269);
#12269 = CARTESIAN_POINT('',(-0.745769083998,-1.33,2.5));
#12270 = VERTEX_POINT('',#12271);
#12271 = CARTESIAN_POINT('',(-0.745769083998,-1.33,7.3));
#12272 = LINE('',#12273,#12274);
#12273 = CARTESIAN_POINT('',(-0.745769083998,-1.33,2.5));
#12274 = VECTOR('',#12275,1.);
#12275 = DIRECTION('',(0.,0.,1.));
#12276 = ORIENTED_EDGE('',*,*,#12277,.T.);
#12277 = EDGE_CURVE('',#12270,#12278,#12280,.T.);
#12278 = VERTEX_POINT('',#12279);
#12279 = CARTESIAN_POINT('',(3.285769083998,-1.33,7.3));
#12280 = LINE('',#12281,#12282);
#12281 = CARTESIAN_POINT('',(-0.745769083998,-1.33,7.3));
#12282 = VECTOR('',#12283,1.);
#12283 = DIRECTION('',(1.,0.,0.));
#12284 = ORIENTED_EDGE('',*,*,#12285,.F.);
#12285 = EDGE_CURVE('',#12286,#12278,#12288,.T.);
#12286 = VERTEX_POINT('',#12287);
#12287 = CARTESIAN_POINT('',(3.285769083998,-1.33,2.5));
#12288 = LINE('',#12289,#12290);
#12289 = CARTESIAN_POINT('',(3.285769083998,-1.33,2.5));
#12290 = VECTOR('',#12291,1.);
#12291 = DIRECTION('',(0.,0.,1.));
#12292 = ORIENTED_EDGE('',*,*,#12293,.F.);
#12293 = EDGE_CURVE('',#12268,#12286,#12294,.T.);
#12294 = LINE('',#12295,#12296);
#12295 = CARTESIAN_POINT('',(-0.745769083998,-1.33,2.5));
#12296 = VECTOR('',#12297,1.);
#12297 = DIRECTION('',(1.,0.,0.));
#12298 = PLANE('',#12299);
#12299 = AXIS2_PLACEMENT_3D('',#12300,#12301,#12302);
#12300 = CARTESIAN_POINT('',(-0.745769083998,-1.33,2.5));
#12301 = DIRECTION('',(0.,1.,0.));
#12302 = DIRECTION('',(1.,0.,0.));
#12303 = ADVANCED_FACE('',(#12304),#12322,.T.);
#12304 = FACE_BOUND('',#12305,.T.);
#12305 = EDGE_LOOP('',(#12306,#12313,#12314,#12321));
#12306 = ORIENTED_EDGE('',*,*,#12307,.T.);
#12307 = EDGE_CURVE('',#12286,#12268,#12308,.T.);
#12308 = CIRCLE('',#12309,2.415);
#12309 = AXIS2_PLACEMENT_3D('',#12310,#12311,#12312);
#12310 = CARTESIAN_POINT('',(1.27,0.,2.5));
#12311 = DIRECTION('',(0.,0.,1.));
#12312 = DIRECTION('',(1.,0.,-0.));
#12313 = ORIENTED_EDGE('',*,*,#12267,.T.);
#12314 = ORIENTED_EDGE('',*,*,#12315,.F.);
#12315 = EDGE_CURVE('',#12278,#12270,#12316,.T.);
#12316 = CIRCLE('',#12317,2.415);
#12317 = AXIS2_PLACEMENT_3D('',#12318,#12319,#12320);
#12318 = CARTESIAN_POINT('',(1.27,0.,7.3));
#12319 = DIRECTION('',(0.,0.,1.));
#12320 = DIRECTION('',(1.,0.,-0.));
#12321 = ORIENTED_EDGE('',*,*,#12285,.F.);
#12322 = CYLINDRICAL_SURFACE('',#12323,2.415);
#12323 = AXIS2_PLACEMENT_3D('',#12324,#12325,#12326);
#12324 = CARTESIAN_POINT('',(1.27,0.,2.5));
#12325 = DIRECTION('',(-0.,-0.,-1.));
#12326 = DIRECTION('',(1.,0.,0.));
#12327 = ADVANCED_FACE('',(#12328,#12332,#12366,#12400),#12434,.T.);
#12328 = FACE_BOUND('',#12329,.T.);
#12329 = EDGE_LOOP('',(#12330,#12331));
#12330 = ORIENTED_EDGE('',*,*,#12293,.F.);
#12331 = ORIENTED_EDGE('',*,*,#12307,.F.);
#12332 = FACE_BOUND('',#12333,.T.);
#12333 = EDGE_LOOP('',(#12334,#12344,#12352,#12360));
#12334 = ORIENTED_EDGE('',*,*,#12335,.F.);
#12335 = EDGE_CURVE('',#12336,#12338,#12340,.T.);
#12336 = VERTEX_POINT('',#12337);
#12337 = CARTESIAN_POINT('',(1.51,-0.19,2.5));
#12338 = VERTEX_POINT('',#12339);
#12339 = CARTESIAN_POINT('',(1.03,-0.19,2.5));
#12340 = LINE('',#12341,#12342);
#12341 = CARTESIAN_POINT('',(1.51,-0.19,2.5));
#12342 = VECTOR('',#12343,1.);
#12343 = DIRECTION('',(-1.,0.,0.));
#12344 = ORIENTED_EDGE('',*,*,#12345,.F.);
#12345 = EDGE_CURVE('',#12346,#12336,#12348,.T.);
#12346 = VERTEX_POINT('',#12347);
#12347 = CARTESIAN_POINT('',(1.51,0.19,2.5));
#12348 = LINE('',#12349,#12350);
#12349 = CARTESIAN_POINT('',(1.51,0.19,2.5));
#12350 = VECTOR('',#12351,1.);
#12351 = DIRECTION('',(0.,-1.,0.));
#12352 = ORIENTED_EDGE('',*,*,#12353,.F.);
#12353 = EDGE_CURVE('',#12354,#12346,#12356,.T.);
#12354 = VERTEX_POINT('',#12355);
#12355 = CARTESIAN_POINT('',(1.03,0.19,2.5));
#12356 = LINE('',#12357,#12358);
#12357 = CARTESIAN_POINT('',(1.03,0.19,2.5));
#12358 = VECTOR('',#12359,1.);
#12359 = DIRECTION('',(1.,0.,0.));
#12360 = ORIENTED_EDGE('',*,*,#12361,.F.);
#12361 = EDGE_CURVE('',#12338,#12354,#12362,.T.);
#12362 = LINE('',#12363,#12364);
#12363 = CARTESIAN_POINT('',(1.03,-0.19,2.5));
#12364 = VECTOR('',#12365,1.);
#12365 = DIRECTION('',(0.,1.,0.));
#12366 = FACE_BOUND('',#12367,.T.);
#12367 = EDGE_LOOP('',(#12368,#12378,#12386,#12394));
#12368 = ORIENTED_EDGE('',*,*,#12369,.F.);
#12369 = EDGE_CURVE('',#12370,#12372,#12374,.T.);
#12370 = VERTEX_POINT('',#12371);
#12371 = CARTESIAN_POINT('',(0.24,-0.19,2.5));
#12372 = VERTEX_POINT('',#12373);
#12373 = CARTESIAN_POINT('',(-0.24,-0.19,2.5));
#12374 = LINE('',#12375,#12376);
#12375 = CARTESIAN_POINT('',(0.24,-0.19,2.5));
#12376 = VECTOR('',#12377,1.);
#12377 = DIRECTION('',(-1.,0.,0.));
#12378 = ORIENTED_EDGE('',*,*,#12379,.F.);
#12379 = EDGE_CURVE('',#12380,#12370,#12382,.T.);
#12380 = VERTEX_POINT('',#12381);
#12381 = CARTESIAN_POINT('',(0.24,0.19,2.5));
#12382 = LINE('',#12383,#12384);
#12383 = CARTESIAN_POINT('',(0.24,0.19,2.5));
#12384 = VECTOR('',#12385,1.);
#12385 = DIRECTION('',(0.,-1.,0.));
#12386 = ORIENTED_EDGE('',*,*,#12387,.F.);
#12387 = EDGE_CURVE('',#12388,#12380,#12390,.T.);
#12388 = VERTEX_POINT('',#12389);
#12389 = CARTESIAN_POINT('',(-0.24,0.19,2.5));
#12390 = LINE('',#12391,#12392);
#12391 = CARTESIAN_POINT('',(-0.24,0.19,2.5));
#12392 = VECTOR('',#12393,1.);
#12393 = DIRECTION('',(1.,0.,0.));
#12394 = ORIENTED_EDGE('',*,*,#12395,.F.);
#12395 = EDGE_CURVE('',#12372,#12388,#12396,.T.);
#12396 = LINE('',#12397,#12398);
#12397 = CARTESIAN_POINT('',(-0.24,-0.19,2.5));
#12398 = VECTOR('',#12399,1.);
#12399 = DIRECTION('',(0.,1.,0.));
#12400 = FACE_BOUND('',#12401,.T.);
#12401 = EDGE_LOOP('',(#12402,#12412,#12420,#12428));
#12402 = ORIENTED_EDGE('',*,*,#12403,.F.);
#12403 = EDGE_CURVE('',#12404,#12406,#12408,.T.);
#12404 = VERTEX_POINT('',#12405);
#12405 = CARTESIAN_POINT('',(2.78,0.19,2.5));
#12406 = VERTEX_POINT('',#12407);
#12407 = CARTESIAN_POINT('',(2.78,-0.19,2.5));
#12408 = LINE('',#12409,#12410);
#12409 = CARTESIAN_POINT('',(2.78,0.19,2.5));
#12410 = VECTOR('',#12411,1.);
#12411 = DIRECTION('',(0.,-1.,0.));
#12412 = ORIENTED_EDGE('',*,*,#12413,.F.);
#12413 = EDGE_CURVE('',#12414,#12404,#12416,.T.);
#12414 = VERTEX_POINT('',#12415);
#12415 = CARTESIAN_POINT('',(2.3,0.19,2.5));
#12416 = LINE('',#12417,#12418);
#12417 = CARTESIAN_POINT('',(2.3,0.19,2.5));
#12418 = VECTOR('',#12419,1.);
#12419 = DIRECTION('',(1.,0.,0.));
#12420 = ORIENTED_EDGE('',*,*,#12421,.F.);
#12421 = EDGE_CURVE('',#12422,#12414,#12424,.T.);
#12422 = VERTEX_POINT('',#12423);
#12423 = CARTESIAN_POINT('',(2.3,-0.19,2.5));
#12424 = LINE('',#12425,#12426);
#12425 = CARTESIAN_POINT('',(2.3,-0.19,2.5));
#12426 = VECTOR('',#12427,1.);
#12427 = DIRECTION('',(0.,1.,0.));
#12428 = ORIENTED_EDGE('',*,*,#12429,.F.);
#12429 = EDGE_CURVE('',#12406,#12422,#12430,.T.);
#12430 = LINE('',#12431,#12432);
#12431 = CARTESIAN_POINT('',(2.78,-0.19,2.5));
#12432 = VECTOR('',#12433,1.);
#12433 = DIRECTION('',(-1.,0.,0.));
#12434 = PLANE('',#12435);
#12435 = AXIS2_PLACEMENT_3D('',#12436,#12437,#12438);
#12436 = CARTESIAN_POINT('',(-0.745769083998,-1.33,2.5));
#12437 = DIRECTION('',(0.,0.,-1.));
#12438 = DIRECTION('',(-1.,0.,0.));
#12439 = ADVANCED_FACE('',(#12440),#12444,.F.);
#12440 = FACE_BOUND('',#12441,.T.);
#12441 = EDGE_LOOP('',(#12442,#12443));
#12442 = ORIENTED_EDGE('',*,*,#12277,.T.);
#12443 = ORIENTED_EDGE('',*,*,#12315,.T.);
#12444 = PLANE('',#12445);
#12445 = AXIS2_PLACEMENT_3D('',#12446,#12447,#12448);
#12446 = CARTESIAN_POINT('',(-0.745769083998,-1.33,7.3));
#12447 = DIRECTION('',(0.,0.,-1.));
#12448 = DIRECTION('',(-1.,0.,0.));
#12449 = ADVANCED_FACE('',(#12450),#12475,.F.);
#12450 = FACE_BOUND('',#12451,.F.);
#12451 = EDGE_LOOP('',(#12452,#12460,#12468,#12474));
#12452 = ORIENTED_EDGE('',*,*,#12453,.T.);
#12453 = EDGE_CURVE('',#12336,#12454,#12456,.T.);
#12454 = VERTEX_POINT('',#12455);
#12455 = CARTESIAN_POINT('',(1.51,-0.19,-2.5));
#12456 = LINE('',#12457,#12458);
#12457 = CARTESIAN_POINT('',(1.51,-0.19,2.5));
#12458 = VECTOR('',#12459,1.);
#12459 = DIRECTION('',(-0.,-0.,-1.));
#12460 = ORIENTED_EDGE('',*,*,#12461,.T.);
#12461 = EDGE_CURVE('',#12454,#12462,#12464,.T.);
#12462 = VERTEX_POINT('',#12463);
#12463 = CARTESIAN_POINT('',(1.03,-0.19,-2.5));
#12464 = LINE('',#12465,#12466);
#12465 = CARTESIAN_POINT('',(1.51,-0.19,-2.5));
#12466 = VECTOR('',#12467,1.);
#12467 = DIRECTION('',(-1.,0.,0.));
#12468 = ORIENTED_EDGE('',*,*,#12469,.F.);
#12469 = EDGE_CURVE('',#12338,#12462,#12470,.T.);
#12470 = LINE('',#12471,#12472);
#12471 = CARTESIAN_POINT('',(1.03,-0.19,2.5));
#12472 = VECTOR('',#12473,1.);
#12473 = DIRECTION('',(-0.,-0.,-1.));
#12474 = ORIENTED_EDGE('',*,*,#12335,.F.);
#12475 = PLANE('',#12476);
#12476 = AXIS2_PLACEMENT_3D('',#12477,#12478,#12479);
#12477 = CARTESIAN_POINT('',(1.51,-0.19,2.5));
#12478 = DIRECTION('',(0.,1.,0.));
#12479 = DIRECTION('',(-1.,0.,0.));
#12480 = ADVANCED_FACE('',(#12481),#12499,.F.);
#12481 = FACE_BOUND('',#12482,.F.);
#12482 = EDGE_LOOP('',(#12483,#12484,#12492,#12498));
#12483 = ORIENTED_EDGE('',*,*,#12469,.T.);
#12484 = ORIENTED_EDGE('',*,*,#12485,.T.);
#12485 = EDGE_CURVE('',#12462,#12486,#12488,.T.);
#12486 = VERTEX_POINT('',#12487);
#12487 = CARTESIAN_POINT('',(1.03,0.19,-2.5));
#12488 = LINE('',#12489,#12490);
#12489 = CARTESIAN_POINT('',(1.03,-0.19,-2.5));
#12490 = VECTOR('',#12491,1.);
#12491 = DIRECTION('',(0.,1.,0.));
#12492 = ORIENTED_EDGE('',*,*,#12493,.F.);
#12493 = EDGE_CURVE('',#12354,#12486,#12494,.T.);
#12494 = LINE('',#12495,#12496);
#12495 = CARTESIAN_POINT('',(1.03,0.19,2.5));
#12496 = VECTOR('',#12497,1.);
#12497 = DIRECTION('',(-0.,-0.,-1.));
#12498 = ORIENTED_EDGE('',*,*,#12361,.F.);
#12499 = PLANE('',#12500);
#12500 = AXIS2_PLACEMENT_3D('',#12501,#12502,#12503);
#12501 = CARTESIAN_POINT('',(1.03,-0.19,2.5));
#12502 = DIRECTION('',(1.,0.,0.));
#12503 = DIRECTION('',(-0.,1.,0.));
#12504 = ADVANCED_FACE('',(#12505),#12523,.F.);
#12505 = FACE_BOUND('',#12506,.F.);
#12506 = EDGE_LOOP('',(#12507,#12508,#12516,#12522));
#12507 = ORIENTED_EDGE('',*,*,#12493,.T.);
#12508 = ORIENTED_EDGE('',*,*,#12509,.T.);
#12509 = EDGE_CURVE('',#12486,#12510,#12512,.T.);
#12510 = VERTEX_POINT('',#12511);
#12511 = CARTESIAN_POINT('',(1.51,0.19,-2.5));
#12512 = LINE('',#12513,#12514);
#12513 = CARTESIAN_POINT('',(1.03,0.19,-2.5));
#12514 = VECTOR('',#12515,1.);
#12515 = DIRECTION('',(1.,0.,0.));
#12516 = ORIENTED_EDGE('',*,*,#12517,.F.);
#12517 = EDGE_CURVE('',#12346,#12510,#12518,.T.);
#12518 = LINE('',#12519,#12520);
#12519 = CARTESIAN_POINT('',(1.51,0.19,2.5));
#12520 = VECTOR('',#12521,1.);
#12521 = DIRECTION('',(-0.,-0.,-1.));
#12522 = ORIENTED_EDGE('',*,*,#12353,.F.);
#12523 = PLANE('',#12524);
#12524 = AXIS2_PLACEMENT_3D('',#12525,#12526,#12527);
#12525 = CARTESIAN_POINT('',(1.03,0.19,2.5));
#12526 = DIRECTION('',(0.,-1.,0.));
#12527 = DIRECTION('',(1.,0.,0.));
#12528 = ADVANCED_FACE('',(#12529),#12540,.F.);
#12529 = FACE_BOUND('',#12530,.F.);
#12530 = EDGE_LOOP('',(#12531,#12532,#12538,#12539));
#12531 = ORIENTED_EDGE('',*,*,#12517,.T.);
#12532 = ORIENTED_EDGE('',*,*,#12533,.T.);
#12533 = EDGE_CURVE('',#12510,#12454,#12534,.T.);
#12534 = LINE('',#12535,#12536);
#12535 = CARTESIAN_POINT('',(1.51,0.19,-2.5));
#12536 = VECTOR('',#12537,1.);
#12537 = DIRECTION('',(0.,-1.,0.));
#12538 = ORIENTED_EDGE('',*,*,#12453,.F.);
#12539 = ORIENTED_EDGE('',*,*,#12345,.F.);
#12540 = PLANE('',#12541);
#12541 = AXIS2_PLACEMENT_3D('',#12542,#12543,#12544);
#12542 = CARTESIAN_POINT('',(1.51,0.19,2.5));
#12543 = DIRECTION('',(-1.,0.,0.));
#12544 = DIRECTION('',(0.,-1.,0.));
#12545 = ADVANCED_FACE('',(#12546),#12571,.F.);
#12546 = FACE_BOUND('',#12547,.F.);
#12547 = EDGE_LOOP('',(#12548,#12556,#12564,#12570));
#12548 = ORIENTED_EDGE('',*,*,#12549,.T.);
#12549 = EDGE_CURVE('',#12370,#12550,#12552,.T.);
#12550 = VERTEX_POINT('',#12551);
#12551 = CARTESIAN_POINT('',(0.24,-0.19,-2.5));
#12552 = LINE('',#12553,#12554);
#12553 = CARTESIAN_POINT('',(0.24,-0.19,2.5));
#12554 = VECTOR('',#12555,1.);
#12555 = DIRECTION('',(-0.,-0.,-1.));
#12556 = ORIENTED_EDGE('',*,*,#12557,.T.);
#12557 = EDGE_CURVE('',#12550,#12558,#12560,.T.);
#12558 = VERTEX_POINT('',#12559);
#12559 = CARTESIAN_POINT('',(-0.24,-0.19,-2.5));
#12560 = LINE('',#12561,#12562);
#12561 = CARTESIAN_POINT('',(0.24,-0.19,-2.5));
#12562 = VECTOR('',#12563,1.);
#12563 = DIRECTION('',(-1.,0.,0.));
#12564 = ORIENTED_EDGE('',*,*,#12565,.F.);
#12565 = EDGE_CURVE('',#12372,#12558,#12566,.T.);
#12566 = LINE('',#12567,#12568);
#12567 = CARTESIAN_POINT('',(-0.24,-0.19,2.5));
#12568 = VECTOR('',#12569,1.);
#12569 = DIRECTION('',(-0.,-0.,-1.));
#12570 = ORIENTED_EDGE('',*,*,#12369,.F.);
#12571 = PLANE('',#12572);
#12572 = AXIS2_PLACEMENT_3D('',#12573,#12574,#12575);
#12573 = CARTESIAN_POINT('',(0.24,-0.19,2.5));
#12574 = DIRECTION('',(0.,1.,0.));
#12575 = DIRECTION('',(-1.,0.,0.));
#12576 = ADVANCED_FACE('',(#12577),#12595,.F.);
#12577 = FACE_BOUND('',#12578,.F.);
#12578 = EDGE_LOOP('',(#12579,#12580,#12588,#12594));
#12579 = ORIENTED_EDGE('',*,*,#12565,.T.);
#12580 = ORIENTED_EDGE('',*,*,#12581,.T.);
#12581 = EDGE_CURVE('',#12558,#12582,#12584,.T.);
#12582 = VERTEX_POINT('',#12583);
#12583 = CARTESIAN_POINT('',(-0.24,0.19,-2.5));
#12584 = LINE('',#12585,#12586);
#12585 = CARTESIAN_POINT('',(-0.24,-0.19,-2.5));
#12586 = VECTOR('',#12587,1.);
#12587 = DIRECTION('',(0.,1.,0.));
#12588 = ORIENTED_EDGE('',*,*,#12589,.F.);
#12589 = EDGE_CURVE('',#12388,#12582,#12590,.T.);
#12590 = LINE('',#12591,#12592);
#12591 = CARTESIAN_POINT('',(-0.24,0.19,2.5));
#12592 = VECTOR('',#12593,1.);
#12593 = DIRECTION('',(-0.,-0.,-1.));
#12594 = ORIENTED_EDGE('',*,*,#12395,.F.);
#12595 = PLANE('',#12596);
#12596 = AXIS2_PLACEMENT_3D('',#12597,#12598,#12599);
#12597 = CARTESIAN_POINT('',(-0.24,-0.19,2.5));
#12598 = DIRECTION('',(1.,0.,0.));
#12599 = DIRECTION('',(-0.,1.,0.));
#12600 = ADVANCED_FACE('',(#12601),#12619,.F.);
#12601 = FACE_BOUND('',#12602,.F.);
#12602 = EDGE_LOOP('',(#12603,#12604,#12612,#12618));
#12603 = ORIENTED_EDGE('',*,*,#12589,.T.);
#12604 = ORIENTED_EDGE('',*,*,#12605,.T.);
#12605 = EDGE_CURVE('',#12582,#12606,#12608,.T.);
#12606 = VERTEX_POINT('',#12607);
#12607 = CARTESIAN_POINT('',(0.24,0.19,-2.5));
#12608 = LINE('',#12609,#12610);
#12609 = CARTESIAN_POINT('',(-0.24,0.19,-2.5));
#12610 = VECTOR('',#12611,1.);
#12611 = DIRECTION('',(1.,0.,0.));
#12612 = ORIENTED_EDGE('',*,*,#12613,.F.);
#12613 = EDGE_CURVE('',#12380,#12606,#12614,.T.);
#12614 = LINE('',#12615,#12616);
#12615 = CARTESIAN_POINT('',(0.24,0.19,2.5));
#12616 = VECTOR('',#12617,1.);
#12617 = DIRECTION('',(-0.,-0.,-1.));
#12618 = ORIENTED_EDGE('',*,*,#12387,.F.);
#12619 = PLANE('',#12620);
#12620 = AXIS2_PLACEMENT_3D('',#12621,#12622,#12623);
#12621 = CARTESIAN_POINT('',(-0.24,0.19,2.5));
#12622 = DIRECTION('',(0.,-1.,0.));
#12623 = DIRECTION('',(1.,0.,0.));
#12624 = ADVANCED_FACE('',(#12625),#12636,.F.);
#12625 = FACE_BOUND('',#12626,.F.);
#12626 = EDGE_LOOP('',(#12627,#12628,#12634,#12635));
#12627 = ORIENTED_EDGE('',*,*,#12613,.T.);
#12628 = ORIENTED_EDGE('',*,*,#12629,.T.);
#12629 = EDGE_CURVE('',#12606,#12550,#12630,.T.);
#12630 = LINE('',#12631,#12632);
#12631 = CARTESIAN_POINT('',(0.24,0.19,-2.5));
#12632 = VECTOR('',#12633,1.);
#12633 = DIRECTION('',(0.,-1.,0.));
#12634 = ORIENTED_EDGE('',*,*,#12549,.F.);
#12635 = ORIENTED_EDGE('',*,*,#12379,.F.);
#12636 = PLANE('',#12637);
#12637 = AXIS2_PLACEMENT_3D('',#12638,#12639,#12640);
#12638 = CARTESIAN_POINT('',(0.24,0.19,2.5));
#12639 = DIRECTION('',(-1.,0.,0.));
#12640 = DIRECTION('',(0.,-1.,0.));
#12641 = ADVANCED_FACE('',(#12642),#12667,.F.);
#12642 = FACE_BOUND('',#12643,.F.);
#12643 = EDGE_LOOP('',(#12644,#12652,#12660,#12666));
#12644 = ORIENTED_EDGE('',*,*,#12645,.T.);
#12645 = EDGE_CURVE('',#12404,#12646,#12648,.T.);
#12646 = VERTEX_POINT('',#12647);
#12647 = CARTESIAN_POINT('',(2.78,0.19,-2.5));
#12648 = LINE('',#12649,#12650);
#12649 = CARTESIAN_POINT('',(2.78,0.19,2.5));
#12650 = VECTOR('',#12651,1.);
#12651 = DIRECTION('',(-0.,-0.,-1.));
#12652 = ORIENTED_EDGE('',*,*,#12653,.T.);
#12653 = EDGE_CURVE('',#12646,#12654,#12656,.T.);
#12654 = VERTEX_POINT('',#12655);
#12655 = CARTESIAN_POINT('',(2.78,-0.19,-2.5));
#12656 = LINE('',#12657,#12658);
#12657 = CARTESIAN_POINT('',(2.78,0.19,-2.5));
#12658 = VECTOR('',#12659,1.);
#12659 = DIRECTION('',(0.,-1.,0.));
#12660 = ORIENTED_EDGE('',*,*,#12661,.F.);
#12661 = EDGE_CURVE('',#12406,#12654,#12662,.T.);
#12662 = LINE('',#12663,#12664);
#12663 = CARTESIAN_POINT('',(2.78,-0.19,2.5));
#12664 = VECTOR('',#12665,1.);
#12665 = DIRECTION('',(-0.,-0.,-1.));
#12666 = ORIENTED_EDGE('',*,*,#12403,.F.);
#12667 = PLANE('',#12668);
#12668 = AXIS2_PLACEMENT_3D('',#12669,#12670,#12671);
#12669 = CARTESIAN_POINT('',(2.78,0.19,2.5));
#12670 = DIRECTION('',(-1.,0.,0.));
#12671 = DIRECTION('',(0.,-1.,0.));
#12672 = ADVANCED_FACE('',(#12673),#12691,.F.);
#12673 = FACE_BOUND('',#12674,.F.);
#12674 = EDGE_LOOP('',(#12675,#12676,#12684,#12690));
#12675 = ORIENTED_EDGE('',*,*,#12661,.T.);
#12676 = ORIENTED_EDGE('',*,*,#12677,.T.);
#12677 = EDGE_CURVE('',#12654,#12678,#12680,.T.);
#12678 = VERTEX_POINT('',#12679);
#12679 = CARTESIAN_POINT('',(2.3,-0.19,-2.5));
#12680 = LINE('',#12681,#12682);
#12681 = CARTESIAN_POINT('',(2.78,-0.19,-2.5));
#12682 = VECTOR('',#12683,1.);
#12683 = DIRECTION('',(-1.,0.,0.));
#12684 = ORIENTED_EDGE('',*,*,#12685,.F.);
#12685 = EDGE_CURVE('',#12422,#12678,#12686,.T.);
#12686 = LINE('',#12687,#12688);
#12687 = CARTESIAN_POINT('',(2.3,-0.19,2.5));
#12688 = VECTOR('',#12689,1.);
#12689 = DIRECTION('',(-0.,-0.,-1.));
#12690 = ORIENTED_EDGE('',*,*,#12429,.F.);
#12691 = PLANE('',#12692);
#12692 = AXIS2_PLACEMENT_3D('',#12693,#12694,#12695);
#12693 = CARTESIAN_POINT('',(2.78,-0.19,2.5));
#12694 = DIRECTION('',(0.,1.,0.));
#12695 = DIRECTION('',(-1.,0.,0.));
#12696 = ADVANCED_FACE('',(#12697),#12715,.F.);
#12697 = FACE_BOUND('',#12698,.F.);
#12698 = EDGE_LOOP('',(#12699,#12700,#12708,#12714));
#12699 = ORIENTED_EDGE('',*,*,#12685,.T.);
#12700 = ORIENTED_EDGE('',*,*,#12701,.T.);
#12701 = EDGE_CURVE('',#12678,#12702,#12704,.T.);
#12702 = VERTEX_POINT('',#12703);
#12703 = CARTESIAN_POINT('',(2.3,0.19,-2.5));
#12704 = LINE('',#12705,#12706);
#12705 = CARTESIAN_POINT('',(2.3,-0.19,-2.5));
#12706 = VECTOR('',#12707,1.);
#12707 = DIRECTION('',(0.,1.,0.));
#12708 = ORIENTED_EDGE('',*,*,#12709,.F.);
#12709 = EDGE_CURVE('',#12414,#12702,#12710,.T.);
#12710 = LINE('',#12711,#12712);
#12711 = CARTESIAN_POINT('',(2.3,0.19,2.5));
#12712 = VECTOR('',#12713,1.);
#12713 = DIRECTION('',(-0.,-0.,-1.));
#12714 = ORIENTED_EDGE('',*,*,#12421,.F.);
#12715 = PLANE('',#12716);
#12716 = AXIS2_PLACEMENT_3D('',#12717,#12718,#12719);
#12717 = CARTESIAN_POINT('',(2.3,-0.19,2.5));
#12718 = DIRECTION('',(1.,0.,0.));
#12719 = DIRECTION('',(-0.,1.,0.));
#12720 = ADVANCED_FACE('',(#12721),#12732,.F.);
#12721 = FACE_BOUND('',#12722,.F.);
#12722 = EDGE_LOOP('',(#12723,#12724,#12730,#12731));
#12723 = ORIENTED_EDGE('',*,*,#12709,.T.);
#12724 = ORIENTED_EDGE('',*,*,#12725,.T.);
#12725 = EDGE_CURVE('',#12702,#12646,#12726,.T.);
#12726 = LINE('',#12727,#12728);
#12727 = CARTESIAN_POINT('',(2.3,0.19,-2.5));
#12728 = VECTOR('',#12729,1.);
#12729 = DIRECTION('',(1.,0.,0.));
#12730 = ORIENTED_EDGE('',*,*,#12645,.F.);
#12731 = ORIENTED_EDGE('',*,*,#12413,.F.);
#12732 = PLANE('',#12733);
#12733 = AXIS2_PLACEMENT_3D('',#12734,#12735,#12736);
#12734 = CARTESIAN_POINT('',(2.3,0.19,2.5));
#12735 = DIRECTION('',(0.,-1.,0.));
#12736 = DIRECTION('',(1.,0.,0.));
#12737 = ADVANCED_FACE('',(#12738),#12744,.F.);
#12738 = FACE_BOUND('',#12739,.T.);
#12739 = EDGE_LOOP('',(#12740,#12741,#12742,#12743));
#12740 = ORIENTED_EDGE('',*,*,#12509,.T.);
#12741 = ORIENTED_EDGE('',*,*,#12533,.T.);
#12742 = ORIENTED_EDGE('',*,*,#12461,.T.);
#12743 = ORIENTED_EDGE('',*,*,#12485,.T.);
#12744 = PLANE('',#12745);
#12745 = AXIS2_PLACEMENT_3D('',#12746,#12747,#12748);
#12746 = CARTESIAN_POINT('',(1.03,0.19,-2.5));
#12747 = DIRECTION('',(0.,0.,1.));
#12748 = DIRECTION('',(1.,0.,-0.));
#12749 = ADVANCED_FACE('',(#12750),#12756,.F.);
#12750 = FACE_BOUND('',#12751,.T.);
#12751 = EDGE_LOOP('',(#12752,#12753,#12754,#12755));
#12752 = ORIENTED_EDGE('',*,*,#12605,.T.);
#12753 = ORIENTED_EDGE('',*,*,#12629,.T.);
#12754 = ORIENTED_EDGE('',*,*,#12557,.T.);
#12755 = ORIENTED_EDGE('',*,*,#12581,.T.);
#12756 = PLANE('',#12757);
#12757 = AXIS2_PLACEMENT_3D('',#12758,#12759,#12760);
#12758 = CARTESIAN_POINT('',(-0.24,0.19,-2.5));
#12759 = DIRECTION('',(0.,0.,1.));
#12760 = DIRECTION('',(1.,0.,-0.));
#12761 = ADVANCED_FACE('',(#12762),#12768,.F.);
#12762 = FACE_BOUND('',#12763,.T.);
#12763 = EDGE_LOOP('',(#12764,#12765,#12766,#12767));
#12764 = ORIENTED_EDGE('',*,*,#12725,.T.);
#12765 = ORIENTED_EDGE('',*,*,#12653,.T.);
#12766 = ORIENTED_EDGE('',*,*,#12677,.T.);
#12767 = ORIENTED_EDGE('',*,*,#12701,.T.);
#12768 = PLANE('',#12769);
#12769 = AXIS2_PLACEMENT_3D('',#12770,#12771,#12772);
#12770 = CARTESIAN_POINT('',(2.3,0.19,-2.5));
#12771 = DIRECTION('',(0.,0.,1.));
#12772 = DIRECTION('',(1.,0.,-0.));
#12773 = ( GEOMETRIC_REPRESENTATION_CONTEXT(3) 
GLOBAL_UNCERTAINTY_ASSIGNED_CONTEXT((#12777)) 
GLOBAL_UNIT_ASSIGNED_CONTEXT((#12774,#12775,#12776)) 
REPRESENTATION_CONTEXT('Context #1',
  '3D Context with UNIT and UNCERTAINTY') );
#12774 = ( LENGTH_UNIT() NAMED_UNIT(*) SI_UNIT(.MILLI.,.METRE.) );
#12775 = ( NAMED_UNIT(*) PLANE_ANGLE_UNIT() SI_UNIT($,.RADIAN.) );
#12776 = ( NAMED_UNIT(*) SI_UNIT($,.STERADIAN.) SOLID_ANGLE_UNIT() );
#12777 = UNCERTAINTY_MEASURE_WITH_UNIT(LENGTH_MEASURE(1.E-07),#12774,
  'distance_accuracy_value','confusion accuracy');
#12778 = CONTEXT_DEPENDENT_SHAPE_REPRESENTATION(#12779,#12781);
#12779 = ( REPRESENTATION_RELATIONSHIP('','',#12260,#12237) 
REPRESENTATION_RELATIONSHIP_WITH_TRANSFORMATION(#12780) 
SHAPE_REPRESENTATION_RELATIONSHIP() );
#12780 = ITEM_DEFINED_TRANSFORMATION('','',#11,#12238);
#12781 = PRODUCT_DEFINITION_SHAPE('Placement','Placement of an item',
  #12782);
#12782 = NEXT_ASSEMBLY_USAGE_OCCURRENCE('19','=>[0:1:1:20]','',#12232,
  #12255,$);
#12783 = PRODUCT_RELATED_PRODUCT_CATEGORY('part',$,(#12257));
#12784 = SHAPE_DEFINITION_REPRESENTATION(#12785,#12791);
#12785 = PRODUCT_DEFINITION_SHAPE('','',#12786);
#12786 = PRODUCT_DEFINITION('design','',#12787,#12790);
#12787 = PRODUCT_DEFINITION_FORMATION('','',#12788);
#12788 = PRODUCT('electronics-unsaved-export-J35aJb_PCB',
  'electronics-unsaved-export-J35aJb_PCB','',(#12789));
#12789 = PRODUCT_CONTEXT('',#2,'mechanical');
#12790 = PRODUCT_DEFINITION_CONTEXT('part definition',#2,'design');
#12791 = ADVANCED_BREP_SHAPE_REPRESENTATION('',(#11,#12792),#18129);
#12792 = MANIFOLD_SOLID_BREP('',#12793);
#12793 = CLOSED_SHELL('',(#12794,#12834,#12865,#12896,#14376,#15856,
    #15868,#15885,#15902,#15919,#15936,#15953,#15970,#15987,#16004,
    #16021,#16038,#16055,#16072,#16089,#16106,#16123,#16140,#16157,
    #16174,#16191,#16208,#16225,#16242,#16259,#16276,#16293,#16310,
    #16327,#16344,#16361,#16378,#16395,#16412,#16429,#16446,#16463,
    #16480,#16497,#16514,#16531,#16548,#16565,#16582,#16599,#16616,
    #16633,#16650,#16667,#16684,#16701,#16718,#16735,#16752,#16769,
    #16786,#16803,#16820,#16837,#16854,#16871,#16888,#16905,#16922,
    #16939,#16956,#16973,#16990,#17007,#17024,#17041,#17058,#17075,
    #17092,#17109,#17126,#17143,#17160,#17177,#17194,#17211,#17228,
    #17245,#17262,#17279,#17296,#17313,#17330,#17347,#17364,#17381,
    #17398,#17415,#17432,#17449,#17466,#17483,#17500,#17517,#17534,
    #17551,#17568,#17585,#17602,#17619,#17636,#17653,#17670,#17687,
    #17704,#17721,#17738,#17755,#17772,#17789,#17806,#17823,#17840,
    #17857,#17874,#17891,#17908,#17925,#17942,#17959,#17976,#17993,
    #18010,#18027,#18044,#18061,#18078,#18095,#18112));
#12794 = ADVANCED_FACE('',(#12795),#12829,.T.);
#12795 = FACE_BOUND('',#12796,.T.);
#12796 = EDGE_LOOP('',(#12797,#12807,#12815,#12823));
#12797 = ORIENTED_EDGE('',*,*,#12798,.T.);
#12798 = EDGE_CURVE('',#12799,#12801,#12803,.T.);
#12799 = VERTEX_POINT('',#12800);
#12800 = CARTESIAN_POINT('',(185.,-110.,0.));
#12801 = VERTEX_POINT('',#12802);
#12802 = CARTESIAN_POINT('',(185.,-110.,1.51));
#12803 = LINE('',#12804,#12805);
#12804 = CARTESIAN_POINT('',(185.,-110.,0.));
#12805 = VECTOR('',#12806,1.);
#12806 = DIRECTION('',(0.,0.,1.));
#12807 = ORIENTED_EDGE('',*,*,#12808,.T.);
#12808 = EDGE_CURVE('',#12801,#12809,#12811,.T.);
#12809 = VERTEX_POINT('',#12810);
#12810 = CARTESIAN_POINT('',(45.,-110.,1.51));
#12811 = LINE('',#12812,#12813);
#12812 = CARTESIAN_POINT('',(185.,-110.,1.51));
#12813 = VECTOR('',#12814,1.);
#12814 = DIRECTION('',(-1.,0.,0.));
#12815 = ORIENTED_EDGE('',*,*,#12816,.F.);
#12816 = EDGE_CURVE('',#12817,#12809,#12819,.T.);
#12817 = VERTEX_POINT('',#12818);
#12818 = CARTESIAN_POINT('',(45.,-110.,0.));
#12819 = LINE('',#12820,#12821);
#12820 = CARTESIAN_POINT('',(45.,-110.,0.));
#12821 = VECTOR('',#12822,1.);
#12822 = DIRECTION('',(0.,0.,1.));
#12823 = ORIENTED_EDGE('',*,*,#12824,.F.);
#12824 = EDGE_CURVE('',#12799,#12817,#12825,.T.);
#12825 = LINE('',#12826,#12827);
#12826 = CARTESIAN_POINT('',(185.,-110.,0.));
#12827 = VECTOR('',#12828,1.);
#12828 = DIRECTION('',(-1.,0.,0.));
#12829 = PLANE('',#12830);
#12830 = AXIS2_PLACEMENT_3D('',#12831,#12832,#12833);
#12831 = CARTESIAN_POINT('',(185.,-110.,0.));
#12832 = DIRECTION('',(0.,-1.,0.));
#12833 = DIRECTION('',(-1.,0.,0.));
#12834 = ADVANCED_FACE('',(#12835),#12860,.T.);
#12835 = FACE_BOUND('',#12836,.T.);
#12836 = EDGE_LOOP('',(#12837,#12847,#12853,#12854));
#12837 = ORIENTED_EDGE('',*,*,#12838,.T.);
#12838 = EDGE_CURVE('',#12839,#12841,#12843,.T.);
#12839 = VERTEX_POINT('',#12840);
#12840 = CARTESIAN_POINT('',(185.,-50.,0.));
#12841 = VERTEX_POINT('',#12842);
#12842 = CARTESIAN_POINT('',(185.,-50.,1.51));
#12843 = LINE('',#12844,#12845);
#12844 = CARTESIAN_POINT('',(185.,-50.,0.));
#12845 = VECTOR('',#12846,1.);
#12846 = DIRECTION('',(0.,0.,1.));
#12847 = ORIENTED_EDGE('',*,*,#12848,.T.);
#12848 = EDGE_CURVE('',#12841,#12801,#12849,.T.);
#12849 = LINE('',#12850,#12851);
#12850 = CARTESIAN_POINT('',(185.,-50.,1.51));
#12851 = VECTOR('',#12852,1.);
#12852 = DIRECTION('',(0.,-1.,0.));
#12853 = ORIENTED_EDGE('',*,*,#12798,.F.);
#12854 = ORIENTED_EDGE('',*,*,#12855,.F.);
#12855 = EDGE_CURVE('',#12839,#12799,#12856,.T.);
#12856 = LINE('',#12857,#12858);
#12857 = CARTESIAN_POINT('',(185.,-50.,0.));
#12858 = VECTOR('',#12859,1.);
#12859 = DIRECTION('',(0.,-1.,0.));
#12860 = PLANE('',#12861);
#12861 = AXIS2_PLACEMENT_3D('',#12862,#12863,#12864);
#12862 = CARTESIAN_POINT('',(185.,-50.,0.));
#12863 = DIRECTION('',(1.,0.,-0.));
#12864 = DIRECTION('',(0.,-1.,0.));
#12865 = ADVANCED_FACE('',(#12866),#12891,.T.);
#12866 = FACE_BOUND('',#12867,.T.);
#12867 = EDGE_LOOP('',(#12868,#12869,#12877,#12885));
#12868 = ORIENTED_EDGE('',*,*,#12816,.T.);
#12869 = ORIENTED_EDGE('',*,*,#12870,.T.);
#12870 = EDGE_CURVE('',#12809,#12871,#12873,.T.);
#12871 = VERTEX_POINT('',#12872);
#12872 = CARTESIAN_POINT('',(45.,-50.,1.51));
#12873 = LINE('',#12874,#12875);
#12874 = CARTESIAN_POINT('',(45.,-110.,1.51));
#12875 = VECTOR('',#12876,1.);
#12876 = DIRECTION('',(0.,1.,0.));
#12877 = ORIENTED_EDGE('',*,*,#12878,.F.);
#12878 = EDGE_CURVE('',#12879,#12871,#12881,.T.);
#12879 = VERTEX_POINT('',#12880);
#12880 = CARTESIAN_POINT('',(45.,-50.,0.));
#12881 = LINE('',#12882,#12883);
#12882 = CARTESIAN_POINT('',(45.,-50.,0.));
#12883 = VECTOR('',#12884,1.);
#12884 = DIRECTION('',(0.,0.,1.));
#12885 = ORIENTED_EDGE('',*,*,#12886,.F.);
#12886 = EDGE_CURVE('',#12817,#12879,#12887,.T.);
#12887 = LINE('',#12888,#12889);
#12888 = CARTESIAN_POINT('',(45.,-110.,0.));
#12889 = VECTOR('',#12890,1.);
#12890 = DIRECTION('',(0.,1.,0.));
#12891 = PLANE('',#12892);
#12892 = AXIS2_PLACEMENT_3D('',#12893,#12894,#12895);
#12893 = CARTESIAN_POINT('',(45.,-110.,0.));
#12894 = DIRECTION('',(-1.,0.,0.));
#12895 = DIRECTION('',(0.,1.,0.));
#12896 = ADVANCED_FACE('',(#12897,#12908,#12919,#12930,#12941,#12952,
    #12963,#12974,#12985,#12996,#13007,#13018,#13029,#13040,#13051,
    #13062,#13073,#13084,#13095,#13106,#13117,#13128,#13139,#13150,
    #13161,#13172,#13183,#13194,#13205,#13216,#13227,#13238,#13249,
    #13260,#13271,#13282,#13293,#13304,#13315,#13326,#13337,#13348,
    #13359,#13370,#13381,#13392,#13403,#13414,#13425,#13436,#13447,
    #13458,#13469,#13480,#13491,#13502,#13513,#13524,#13535,#13546,
    #13557,#13568,#13579,#13590,#13601,#13612,#13623,#13634,#13645,
    #13656,#13667,#13678,#13689,#13700,#13711,#13722,#13733,#13744,
    #13755,#13766,#13777,#13788,#13799,#13810,#13821,#13832,#13843,
    #13854,#13865,#13876,#13887,#13898,#13909,#13920,#13931,#13942,
    #13953,#13964,#13975,#13986,#13997,#14008,#14019,#14030,#14041,
    #14052,#14063,#14074,#14085,#14096,#14107,#14118,#14129,#14140,
    #14151,#14162,#14173,#14184,#14195,#14206,#14217,#14228,#14239,
    #14250,#14261,#14272,#14283,#14294,#14305,#14316,#14327,#14338,
    #14349,#14360),#14371,.F.);
#12897 = FACE_BOUND('',#12898,.F.);
#12898 = EDGE_LOOP('',(#12899,#12900,#12901,#12907));
#12899 = ORIENTED_EDGE('',*,*,#12824,.F.);
#12900 = ORIENTED_EDGE('',*,*,#12855,.F.);
#12901 = ORIENTED_EDGE('',*,*,#12902,.F.);
#12902 = EDGE_CURVE('',#12879,#12839,#12903,.T.);
#12903 = LINE('',#12904,#12905);
#12904 = CARTESIAN_POINT('',(45.,-50.,0.));
#12905 = VECTOR('',#12906,1.);
#12906 = DIRECTION('',(1.,0.,0.));
#12907 = ORIENTED_EDGE('',*,*,#12886,.F.);
#12908 = FACE_BOUND('',#12909,.F.);
#12909 = EDGE_LOOP('',(#12910));
#12910 = ORIENTED_EDGE('',*,*,#12911,.F.);
#12911 = EDGE_CURVE('',#12912,#12912,#12914,.T.);
#12912 = VERTEX_POINT('',#12913);
#12913 = CARTESIAN_POINT('',(78.9,-105.75,0.));
#12914 = CIRCLE('',#12915,3.5);
#12915 = AXIS2_PLACEMENT_3D('',#12916,#12917,#12918);
#12916 = CARTESIAN_POINT('',(75.4,-105.75,0.));
#12917 = DIRECTION('',(0.,0.,1.));
#12918 = DIRECTION('',(1.,0.,-0.));
#12919 = FACE_BOUND('',#12920,.F.);
#12920 = EDGE_LOOP('',(#12921));
#12921 = ORIENTED_EDGE('',*,*,#12922,.T.);
#12922 = EDGE_CURVE('',#12923,#12923,#12925,.T.);
#12923 = VERTEX_POINT('',#12924);
#12924 = CARTESIAN_POINT('',(111.71,-106.54,0.));
#12925 = CIRCLE('',#12926,0.5);
#12926 = AXIS2_PLACEMENT_3D('',#12927,#12928,#12929);
#12927 = CARTESIAN_POINT('',(111.71,-106.04,0.));
#12928 = DIRECTION('',(-0.,0.,-1.));
#12929 = DIRECTION('',(-0.,-1.,0.));
#12930 = FACE_BOUND('',#12931,.F.);
#12931 = EDGE_LOOP('',(#12932));
#12932 = ORIENTED_EDGE('',*,*,#12933,.T.);
#12933 = EDGE_CURVE('',#12934,#12934,#12936,.T.);
#12934 = VERTEX_POINT('',#12935);
#12935 = CARTESIAN_POINT('',(111.71,-104.,0.));
#12936 = CIRCLE('',#12937,0.5);
#12937 = AXIS2_PLACEMENT_3D('',#12938,#12939,#12940);
#12938 = CARTESIAN_POINT('',(111.71,-103.5,0.));
#12939 = DIRECTION('',(-0.,0.,-1.));
#12940 = DIRECTION('',(-0.,-1.,0.));
#12941 = FACE_BOUND('',#12942,.F.);
#12942 = EDGE_LOOP('',(#12943));
#12943 = ORIENTED_EDGE('',*,*,#12944,.T.);
#12944 = EDGE_CURVE('',#12945,#12945,#12947,.T.);
#12945 = VERTEX_POINT('',#12946);
#12946 = CARTESIAN_POINT('',(87.05,-101.475,0.));
#12947 = CIRCLE('',#12948,0.375);
#12948 = AXIS2_PLACEMENT_3D('',#12949,#12950,#12951);
#12949 = CARTESIAN_POINT('',(87.05,-101.1,0.));
#12950 = DIRECTION('',(-0.,0.,-1.));
#12951 = DIRECTION('',(-0.,-1.,0.));
#12952 = FACE_BOUND('',#12953,.F.);
#12953 = EDGE_LOOP('',(#12954));
#12954 = ORIENTED_EDGE('',*,*,#12955,.T.);
#12955 = EDGE_CURVE('',#12956,#12956,#12958,.T.);
#12956 = VERTEX_POINT('',#12957);
#12957 = CARTESIAN_POINT('',(88.78,-101.475,0.));
#12958 = CIRCLE('',#12959,0.375);
#12959 = AXIS2_PLACEMENT_3D('',#12960,#12961,#12962);
#12960 = CARTESIAN_POINT('',(88.78,-101.1,0.));
#12961 = DIRECTION('',(-0.,0.,-1.));
#12962 = DIRECTION('',(-0.,-1.,0.));
#12963 = FACE_BOUND('',#12964,.F.);
#12964 = EDGE_LOOP('',(#12965));
#12965 = ORIENTED_EDGE('',*,*,#12966,.T.);
#12966 = EDGE_CURVE('',#12967,#12967,#12969,.T.);
#12967 = VERTEX_POINT('',#12968);
#12968 = CARTESIAN_POINT('',(90.51,-101.475,0.));
#12969 = CIRCLE('',#12970,0.375);
#12970 = AXIS2_PLACEMENT_3D('',#12971,#12972,#12973);
#12971 = CARTESIAN_POINT('',(90.51,-101.1,0.));
#12972 = DIRECTION('',(-0.,0.,-1.));
#12973 = DIRECTION('',(-0.,-1.,0.));
#12974 = FACE_BOUND('',#12975,.F.);
#12975 = EDGE_LOOP('',(#12976));
#12976 = ORIENTED_EDGE('',*,*,#12977,.T.);
#12977 = EDGE_CURVE('',#12978,#12978,#12980,.T.);
#12978 = VERTEX_POINT('',#12979);
#12979 = CARTESIAN_POINT('',(95.35,-101.65,0.));
#12980 = CIRCLE('',#12981,0.5);
#12981 = AXIS2_PLACEMENT_3D('',#12982,#12983,#12984);
#12982 = CARTESIAN_POINT('',(95.35,-101.15,0.));
#12983 = DIRECTION('',(-0.,0.,-1.));
#12984 = DIRECTION('',(-0.,-1.,0.));
#12985 = FACE_BOUND('',#12986,.F.);
#12986 = EDGE_LOOP('',(#12987));
#12987 = ORIENTED_EDGE('',*,*,#12988,.T.);
#12988 = EDGE_CURVE('',#12989,#12989,#12991,.T.);
#12989 = VERTEX_POINT('',#12990);
#12990 = CARTESIAN_POINT('',(102.95,-101.65,0.));
#12991 = CIRCLE('',#12992,0.5);
#12992 = AXIS2_PLACEMENT_3D('',#12993,#12994,#12995);
#12993 = CARTESIAN_POINT('',(102.95,-101.15,0.));
#12994 = DIRECTION('',(-0.,0.,-1.));
#12995 = DIRECTION('',(-0.,-1.,0.));
#12996 = FACE_BOUND('',#12997,.F.);
#12997 = EDGE_LOOP('',(#12998));
#12998 = ORIENTED_EDGE('',*,*,#12999,.T.);
#12999 = EDGE_CURVE('',#13000,#13000,#13002,.T.);
#13000 = VERTEX_POINT('',#13001);
#13001 = CARTESIAN_POINT('',(111.71,-101.46,0.));
#13002 = CIRCLE('',#13003,0.5);
#13003 = AXIS2_PLACEMENT_3D('',#13004,#13005,#13006);
#13004 = CARTESIAN_POINT('',(111.71,-100.96,0.));
#13005 = DIRECTION('',(-0.,0.,-1.));
#13006 = DIRECTION('',(-0.,-1.,0.));
#13007 = FACE_BOUND('',#13008,.F.);
#13008 = EDGE_LOOP('',(#13009));
#13009 = ORIENTED_EDGE('',*,*,#13010,.T.);
#13010 = EDGE_CURVE('',#13011,#13011,#13013,.T.);
#13011 = VERTEX_POINT('',#13012);
#13012 = CARTESIAN_POINT('',(51.79,-89.5,0.));
#13013 = CIRCLE('',#13014,0.5);
#13014 = AXIS2_PLACEMENT_3D('',#13015,#13016,#13017);
#13015 = CARTESIAN_POINT('',(51.79,-89.,0.));
#13016 = DIRECTION('',(-0.,0.,-1.));
#13017 = DIRECTION('',(-0.,-1.,0.));
#13018 = FACE_BOUND('',#13019,.F.);
#13019 = EDGE_LOOP('',(#13020));
#13020 = ORIENTED_EDGE('',*,*,#13021,.T.);
#13021 = EDGE_CURVE('',#13022,#13022,#13024,.T.);
#13022 = VERTEX_POINT('',#13023);
#13023 = CARTESIAN_POINT('',(54.33,-89.5,0.));
#13024 = CIRCLE('',#13025,0.5);
#13025 = AXIS2_PLACEMENT_3D('',#13026,#13027,#13028);
#13026 = CARTESIAN_POINT('',(54.33,-89.,0.));
#13027 = DIRECTION('',(-0.,0.,-1.));
#13028 = DIRECTION('',(-0.,-1.,0.));
#13029 = FACE_BOUND('',#13030,.F.);
#13030 = EDGE_LOOP('',(#13031));
#13031 = ORIENTED_EDGE('',*,*,#13032,.T.);
#13032 = EDGE_CURVE('',#13033,#13033,#13035,.T.);
#13033 = VERTEX_POINT('',#13034);
#13034 = CARTESIAN_POINT('',(56.87,-89.5,0.));
#13035 = CIRCLE('',#13036,0.5);
#13036 = AXIS2_PLACEMENT_3D('',#13037,#13038,#13039);
#13037 = CARTESIAN_POINT('',(56.87,-89.,0.));
#13038 = DIRECTION('',(-0.,0.,-1.));
#13039 = DIRECTION('',(-0.,-1.,0.));
#13040 = FACE_BOUND('',#13041,.F.);
#13041 = EDGE_LOOP('',(#13042));
#13042 = ORIENTED_EDGE('',*,*,#13043,.T.);
#13043 = EDGE_CURVE('',#13044,#13044,#13046,.T.);
#13044 = VERTEX_POINT('',#13045);
#13045 = CARTESIAN_POINT('',(59.41,-89.5,0.));
#13046 = CIRCLE('',#13047,0.5);
#13047 = AXIS2_PLACEMENT_3D('',#13048,#13049,#13050);
#13048 = CARTESIAN_POINT('',(59.41,-89.,0.));
#13049 = DIRECTION('',(-0.,0.,-1.));
#13050 = DIRECTION('',(-0.,-1.,0.));
#13051 = FACE_BOUND('',#13052,.F.);
#13052 = EDGE_LOOP('',(#13053));
#13053 = ORIENTED_EDGE('',*,*,#13054,.T.);
#13054 = EDGE_CURVE('',#13055,#13055,#13057,.T.);
#13055 = VERTEX_POINT('',#13056);
#13056 = CARTESIAN_POINT('',(61.95,-89.5,0.));
#13057 = CIRCLE('',#13058,0.5);
#13058 = AXIS2_PLACEMENT_3D('',#13059,#13060,#13061);
#13059 = CARTESIAN_POINT('',(61.95,-89.,0.));
#13060 = DIRECTION('',(-0.,0.,-1.));
#13061 = DIRECTION('',(-0.,-1.,0.));
#13062 = FACE_BOUND('',#13063,.F.);
#13063 = EDGE_LOOP('',(#13064));
#13064 = ORIENTED_EDGE('',*,*,#13065,.T.);
#13065 = EDGE_CURVE('',#13066,#13066,#13068,.T.);
#13066 = VERTEX_POINT('',#13067);
#13067 = CARTESIAN_POINT('',(67.3,-89.55,0.));
#13068 = CIRCLE('',#13069,0.5);
#13069 = AXIS2_PLACEMENT_3D('',#13070,#13071,#13072);
#13070 = CARTESIAN_POINT('',(67.3,-89.05,0.));
#13071 = DIRECTION('',(-0.,0.,-1.));
#13072 = DIRECTION('',(-0.,-1.,0.));
#13073 = FACE_BOUND('',#13074,.F.);
#13074 = EDGE_LOOP('',(#13075));
#13075 = ORIENTED_EDGE('',*,*,#13076,.T.);
#13076 = EDGE_CURVE('',#13077,#13077,#13079,.T.);
#13077 = VERTEX_POINT('',#13078);
#13078 = CARTESIAN_POINT('',(69.84,-89.55,0.));
#13079 = CIRCLE('',#13080,0.5);
#13080 = AXIS2_PLACEMENT_3D('',#13081,#13082,#13083);
#13081 = CARTESIAN_POINT('',(69.84,-89.05,0.));
#13082 = DIRECTION('',(-0.,0.,-1.));
#13083 = DIRECTION('',(-0.,-1.,0.));
#13084 = FACE_BOUND('',#13085,.F.);
#13085 = EDGE_LOOP('',(#13086));
#13086 = ORIENTED_EDGE('',*,*,#13087,.T.);
#13087 = EDGE_CURVE('',#13088,#13088,#13090,.T.);
#13088 = VERTEX_POINT('',#13089);
#13089 = CARTESIAN_POINT('',(72.38,-89.55,0.));
#13090 = CIRCLE('',#13091,0.5);
#13091 = AXIS2_PLACEMENT_3D('',#13092,#13093,#13094);
#13092 = CARTESIAN_POINT('',(72.38,-89.05,0.));
#13093 = DIRECTION('',(-0.,0.,-1.));
#13094 = DIRECTION('',(-0.,-1.,0.));
#13095 = FACE_BOUND('',#13096,.F.);
#13096 = EDGE_LOOP('',(#13097));
#13097 = ORIENTED_EDGE('',*,*,#13098,.T.);
#13098 = EDGE_CURVE('',#13099,#13099,#13101,.T.);
#13099 = VERTEX_POINT('',#13100);
#13100 = CARTESIAN_POINT('',(74.92,-89.55,0.));
#13101 = CIRCLE('',#13102,0.5);
#13102 = AXIS2_PLACEMENT_3D('',#13103,#13104,#13105);
#13103 = CARTESIAN_POINT('',(74.92,-89.05,0.));
#13104 = DIRECTION('',(-0.,0.,-1.));
#13105 = DIRECTION('',(-0.,-1.,0.));
#13106 = FACE_BOUND('',#13107,.F.);
#13107 = EDGE_LOOP('',(#13108));
#13108 = ORIENTED_EDGE('',*,*,#13109,.T.);
#13109 = EDGE_CURVE('',#13110,#13110,#13112,.T.);
#13110 = VERTEX_POINT('',#13111);
#13111 = CARTESIAN_POINT('',(77.46,-89.55,0.));
#13112 = CIRCLE('',#13113,0.5);
#13113 = AXIS2_PLACEMENT_3D('',#13114,#13115,#13116);
#13114 = CARTESIAN_POINT('',(77.46,-89.05,0.));
#13115 = DIRECTION('',(-0.,0.,-1.));
#13116 = DIRECTION('',(-0.,-1.,0.));
#13117 = FACE_BOUND('',#13118,.F.);
#13118 = EDGE_LOOP('',(#13119));
#13119 = ORIENTED_EDGE('',*,*,#13120,.T.);
#13120 = EDGE_CURVE('',#13121,#13121,#13123,.T.);
#13121 = VERTEX_POINT('',#13122);
#13122 = CARTESIAN_POINT('',(80.,-89.55,0.));
#13123 = CIRCLE('',#13124,0.5);
#13124 = AXIS2_PLACEMENT_3D('',#13125,#13126,#13127);
#13125 = CARTESIAN_POINT('',(80.,-89.05,0.));
#13126 = DIRECTION('',(-0.,0.,-1.));
#13127 = DIRECTION('',(-0.,-1.,0.));
#13128 = FACE_BOUND('',#13129,.F.);
#13129 = EDGE_LOOP('',(#13130));
#13130 = ORIENTED_EDGE('',*,*,#13131,.T.);
#13131 = EDGE_CURVE('',#13132,#13132,#13134,.T.);
#13132 = VERTEX_POINT('',#13133);
#13133 = CARTESIAN_POINT('',(48.2,-82.5,0.));
#13134 = CIRCLE('',#13135,0.35);
#13135 = AXIS2_PLACEMENT_3D('',#13136,#13137,#13138);
#13136 = CARTESIAN_POINT('',(48.2,-82.15,0.));
#13137 = DIRECTION('',(-0.,0.,-1.));
#13138 = DIRECTION('',(-0.,-1.,0.));
#13139 = FACE_BOUND('',#13140,.F.);
#13140 = EDGE_LOOP('',(#13141));
#13141 = ORIENTED_EDGE('',*,*,#13142,.T.);
#13142 = EDGE_CURVE('',#13143,#13143,#13145,.T.);
#13143 = VERTEX_POINT('',#13144);
#13144 = CARTESIAN_POINT('',(60.95,-83.95,0.));
#13145 = CIRCLE('',#13146,0.35);
#13146 = AXIS2_PLACEMENT_3D('',#13147,#13148,#13149);
#13147 = CARTESIAN_POINT('',(60.95,-83.6,0.));
#13148 = DIRECTION('',(-0.,0.,-1.));
#13149 = DIRECTION('',(-0.,-1.,0.));
#13150 = FACE_BOUND('',#13151,.F.);
#13151 = EDGE_LOOP('',(#13152));
#13152 = ORIENTED_EDGE('',*,*,#13153,.T.);
#13153 = EDGE_CURVE('',#13154,#13154,#13156,.T.);
#13154 = VERTEX_POINT('',#13155);
#13155 = CARTESIAN_POINT('',(65.9,-82.85,0.));
#13156 = CIRCLE('',#13157,0.35);
#13157 = AXIS2_PLACEMENT_3D('',#13158,#13159,#13160);
#13158 = CARTESIAN_POINT('',(65.9,-82.5,0.));
#13159 = DIRECTION('',(-0.,0.,-1.));
#13160 = DIRECTION('',(-0.,-1.,0.));
#13161 = FACE_BOUND('',#13162,.F.);
#13162 = EDGE_LOOP('',(#13163));
#13163 = ORIENTED_EDGE('',*,*,#13164,.T.);
#13164 = EDGE_CURVE('',#13165,#13165,#13167,.T.);
#13165 = VERTEX_POINT('',#13166);
#13166 = CARTESIAN_POINT('',(71.,-83.,0.));
#13167 = CIRCLE('',#13168,0.35);
#13168 = AXIS2_PLACEMENT_3D('',#13169,#13170,#13171);
#13169 = CARTESIAN_POINT('',(71.,-82.65,0.));
#13170 = DIRECTION('',(-0.,0.,-1.));
#13171 = DIRECTION('',(-0.,-1.,0.));
#13172 = FACE_BOUND('',#13173,.F.);
#13173 = EDGE_LOOP('',(#13174));
#13174 = ORIENTED_EDGE('',*,*,#13175,.T.);
#13175 = EDGE_CURVE('',#13176,#13176,#13178,.T.);
#13176 = VERTEX_POINT('',#13177);
#13177 = CARTESIAN_POINT('',(89.2,-95.49,0.));
#13178 = CIRCLE('',#13179,0.35);
#13179 = AXIS2_PLACEMENT_3D('',#13180,#13181,#13182);
#13180 = CARTESIAN_POINT('',(89.2,-95.14,0.));
#13181 = DIRECTION('',(-0.,0.,-1.));
#13182 = DIRECTION('',(4.060244204343E-14,-1.,-0.));
#13183 = FACE_BOUND('',#13184,.F.);
#13184 = EDGE_LOOP('',(#13185));
#13185 = ORIENTED_EDGE('',*,*,#13186,.T.);
#13186 = EDGE_CURVE('',#13187,#13187,#13189,.T.);
#13187 = VERTEX_POINT('',#13188);
#13188 = CARTESIAN_POINT('',(82.54,-89.55,0.));
#13189 = CIRCLE('',#13190,0.5);
#13190 = AXIS2_PLACEMENT_3D('',#13191,#13192,#13193);
#13191 = CARTESIAN_POINT('',(82.54,-89.05,0.));
#13192 = DIRECTION('',(-0.,0.,-1.));
#13193 = DIRECTION('',(-0.,-1.,0.));
#13194 = FACE_BOUND('',#13195,.F.);
#13195 = EDGE_LOOP('',(#13196));
#13196 = ORIENTED_EDGE('',*,*,#13197,.T.);
#13197 = EDGE_CURVE('',#13198,#13198,#13200,.T.);
#13198 = VERTEX_POINT('',#13199);
#13199 = CARTESIAN_POINT('',(89.2,-90.41,0.));
#13200 = CIRCLE('',#13201,0.35);
#13201 = AXIS2_PLACEMENT_3D('',#13202,#13203,#13204);
#13202 = CARTESIAN_POINT('',(89.2,-90.06,0.));
#13203 = DIRECTION('',(-0.,0.,-1.));
#13204 = DIRECTION('',(4.060244204343E-14,-1.,-0.));
#13205 = FACE_BOUND('',#13206,.F.);
#13206 = EDGE_LOOP('',(#13207));
#13207 = ORIENTED_EDGE('',*,*,#13208,.T.);
#13208 = EDGE_CURVE('',#13209,#13209,#13211,.T.);
#13209 = VERTEX_POINT('',#13210);
#13210 = CARTESIAN_POINT('',(103.4,-92.95,0.));
#13211 = CIRCLE('',#13212,0.35);
#13212 = AXIS2_PLACEMENT_3D('',#13213,#13214,#13215);
#13213 = CARTESIAN_POINT('',(103.4,-92.6,0.));
#13214 = DIRECTION('',(-0.,0.,-1.));
#13215 = DIRECTION('',(-0.,-1.,0.));
#13216 = FACE_BOUND('',#13217,.F.);
#13217 = EDGE_LOOP('',(#13218));
#13218 = ORIENTED_EDGE('',*,*,#13219,.T.);
#13219 = EDGE_CURVE('',#13220,#13220,#13222,.T.);
#13220 = VERTEX_POINT('',#13221);
#13221 = CARTESIAN_POINT('',(89.5,-84.1,0.));
#13222 = CIRCLE('',#13223,0.35);
#13223 = AXIS2_PLACEMENT_3D('',#13224,#13225,#13226);
#13224 = CARTESIAN_POINT('',(89.5,-83.75,0.));
#13225 = DIRECTION('',(-0.,0.,-1.));
#13226 = DIRECTION('',(-0.,-1.,0.));
#13227 = FACE_BOUND('',#13228,.F.);
#13228 = EDGE_LOOP('',(#13229));
#13229 = ORIENTED_EDGE('',*,*,#13230,.T.);
#13230 = EDGE_CURVE('',#13231,#13231,#13233,.T.);
#13231 = VERTEX_POINT('',#13232);
#13232 = CARTESIAN_POINT('',(109.5,-85.85,0.));
#13233 = CIRCLE('',#13234,0.35);
#13234 = AXIS2_PLACEMENT_3D('',#13235,#13236,#13237);
#13235 = CARTESIAN_POINT('',(109.5,-85.5,0.));
#13236 = DIRECTION('',(-0.,0.,-1.));
#13237 = DIRECTION('',(-0.,-1.,0.));
#13238 = FACE_BOUND('',#13239,.F.);
#13239 = EDGE_LOOP('',(#13240));
#13240 = ORIENTED_EDGE('',*,*,#13241,.T.);
#13241 = EDGE_CURVE('',#13242,#13242,#13244,.T.);
#13242 = VERTEX_POINT('',#13243);
#13243 = CARTESIAN_POINT('',(117.25,-106.54,0.));
#13244 = CIRCLE('',#13245,0.5);
#13245 = AXIS2_PLACEMENT_3D('',#13246,#13247,#13248);
#13246 = CARTESIAN_POINT('',(117.25,-106.04,0.));
#13247 = DIRECTION('',(-0.,0.,-1.));
#13248 = DIRECTION('',(-0.,-1.,0.));
#13249 = FACE_BOUND('',#13250,.F.);
#13250 = EDGE_LOOP('',(#13251));
#13251 = ORIENTED_EDGE('',*,*,#13252,.T.);
#13252 = EDGE_CURVE('',#13253,#13253,#13255,.T.);
#13253 = VERTEX_POINT('',#13254);
#13254 = CARTESIAN_POINT('',(123.6,-106.35,0.));
#13255 = CIRCLE('',#13256,0.5);
#13256 = AXIS2_PLACEMENT_3D('',#13257,#13258,#13259);
#13257 = CARTESIAN_POINT('',(123.6,-105.85,0.));
#13258 = DIRECTION('',(-0.,0.,-1.));
#13259 = DIRECTION('',(-0.,-1.,0.));
#13260 = FACE_BOUND('',#13261,.F.);
#13261 = EDGE_LOOP('',(#13262));
#13262 = ORIENTED_EDGE('',*,*,#13263,.T.);
#13263 = EDGE_CURVE('',#13264,#13264,#13266,.T.);
#13264 = VERTEX_POINT('',#13265);
#13265 = CARTESIAN_POINT('',(117.25,-104.,0.));
#13266 = CIRCLE('',#13267,0.5);
#13267 = AXIS2_PLACEMENT_3D('',#13268,#13269,#13270);
#13268 = CARTESIAN_POINT('',(117.25,-103.5,0.));
#13269 = DIRECTION('',(-0.,0.,-1.));
#13270 = DIRECTION('',(-0.,-1.,0.));
#13271 = FACE_BOUND('',#13272,.F.);
#13272 = EDGE_LOOP('',(#13273));
#13273 = ORIENTED_EDGE('',*,*,#13274,.T.);
#13274 = EDGE_CURVE('',#13275,#13275,#13277,.T.);
#13275 = VERTEX_POINT('',#13276);
#13276 = CARTESIAN_POINT('',(123.6,-103.85,0.));
#13277 = CIRCLE('',#13278,0.5);
#13278 = AXIS2_PLACEMENT_3D('',#13279,#13280,#13281);
#13279 = CARTESIAN_POINT('',(123.6,-103.35,0.));
#13280 = DIRECTION('',(-0.,0.,-1.));
#13281 = DIRECTION('',(-0.,-1.,0.));
#13282 = FACE_BOUND('',#13283,.F.);
#13283 = EDGE_LOOP('',(#13284));
#13284 = ORIENTED_EDGE('',*,*,#13285,.T.);
#13285 = EDGE_CURVE('',#13286,#13286,#13288,.T.);
#13286 = VERTEX_POINT('',#13287);
#13287 = CARTESIAN_POINT('',(117.25,-101.46,0.));
#13288 = CIRCLE('',#13289,0.5);
#13289 = AXIS2_PLACEMENT_3D('',#13290,#13291,#13292);
#13290 = CARTESIAN_POINT('',(117.25,-100.96,0.));
#13291 = DIRECTION('',(-0.,0.,-1.));
#13292 = DIRECTION('',(-0.,-1.,0.));
#13293 = FACE_BOUND('',#13294,.F.);
#13294 = EDGE_LOOP('',(#13295));
#13295 = ORIENTED_EDGE('',*,*,#13296,.T.);
#13296 = EDGE_CURVE('',#13297,#13297,#13299,.T.);
#13297 = VERTEX_POINT('',#13298);
#13298 = CARTESIAN_POINT('',(123.6,-98.65,0.));
#13299 = CIRCLE('',#13300,0.35);
#13300 = AXIS2_PLACEMENT_3D('',#13301,#13302,#13303);
#13301 = CARTESIAN_POINT('',(123.6,-98.3,0.));
#13302 = DIRECTION('',(-0.,0.,-1.));
#13303 = DIRECTION('',(-0.,-1.,0.));
#13304 = FACE_BOUND('',#13305,.F.);
#13305 = EDGE_LOOP('',(#13306));
#13306 = ORIENTED_EDGE('',*,*,#13307,.T.);
#13307 = EDGE_CURVE('',#13308,#13308,#13310,.T.);
#13308 = VERTEX_POINT('',#13309);
#13309 = CARTESIAN_POINT('',(118.15,-92.95,0.));
#13310 = CIRCLE('',#13311,0.35);
#13311 = AXIS2_PLACEMENT_3D('',#13312,#13313,#13314);
#13312 = CARTESIAN_POINT('',(118.15,-92.6,0.));
#13313 = DIRECTION('',(-0.,0.,-1.));
#13314 = DIRECTION('',(-0.,-1.,0.));
#13315 = FACE_BOUND('',#13316,.F.);
#13316 = EDGE_LOOP('',(#13317));
#13317 = ORIENTED_EDGE('',*,*,#13318,.T.);
#13318 = EDGE_CURVE('',#13319,#13319,#13321,.T.);
#13319 = VERTEX_POINT('',#13320);
#13320 = CARTESIAN_POINT('',(128.525,-93.35,0.));
#13321 = CIRCLE('',#13322,0.4);
#13322 = AXIS2_PLACEMENT_3D('',#13323,#13324,#13325);
#13323 = CARTESIAN_POINT('',(128.525,-92.95,0.));
#13324 = DIRECTION('',(-0.,0.,-1.));
#13325 = DIRECTION('',(-0.,-1.,0.));
#13326 = FACE_BOUND('',#13327,.F.);
#13327 = EDGE_LOOP('',(#13328));
#13328 = ORIENTED_EDGE('',*,*,#13329,.T.);
#13329 = EDGE_CURVE('',#13330,#13330,#13332,.T.);
#13330 = VERTEX_POINT('',#13331);
#13331 = CARTESIAN_POINT('',(128.525,-90.63,0.));
#13332 = CIRCLE('',#13333,0.4);
#13333 = AXIS2_PLACEMENT_3D('',#13334,#13335,#13336);
#13334 = CARTESIAN_POINT('',(128.525,-90.23,0.));
#13335 = DIRECTION('',(-0.,0.,-1.));
#13336 = DIRECTION('',(-0.,-1.,0.));
#13337 = FACE_BOUND('',#13338,.F.);
#13338 = EDGE_LOOP('',(#13339));
#13339 = ORIENTED_EDGE('',*,*,#13340,.T.);
#13340 = EDGE_CURVE('',#13341,#13341,#13343,.T.);
#13341 = VERTEX_POINT('',#13342);
#13342 = CARTESIAN_POINT('',(128.525,-87.91,0.));
#13343 = CIRCLE('',#13344,0.4);
#13344 = AXIS2_PLACEMENT_3D('',#13345,#13346,#13347);
#13345 = CARTESIAN_POINT('',(128.525,-87.51,0.));
#13346 = DIRECTION('',(-0.,0.,-1.));
#13347 = DIRECTION('',(-0.,-1.,0.));
#13348 = FACE_BOUND('',#13349,.F.);
#13349 = EDGE_LOOP('',(#13350));
#13350 = ORIENTED_EDGE('',*,*,#13351,.T.);
#13351 = EDGE_CURVE('',#13352,#13352,#13354,.T.);
#13352 = VERTEX_POINT('',#13353);
#13353 = CARTESIAN_POINT('',(128.525,-85.19,0.));
#13354 = CIRCLE('',#13355,0.4);
#13355 = AXIS2_PLACEMENT_3D('',#13356,#13357,#13358);
#13356 = CARTESIAN_POINT('',(128.525,-84.79,0.));
#13357 = DIRECTION('',(-0.,0.,-1.));
#13358 = DIRECTION('',(-0.,-1.,0.));
#13359 = FACE_BOUND('',#13360,.F.);
#13360 = EDGE_LOOP('',(#13361));
#13361 = ORIENTED_EDGE('',*,*,#13362,.T.);
#13362 = EDGE_CURVE('',#13363,#13363,#13365,.T.);
#13363 = VERTEX_POINT('',#13364);
#13364 = CARTESIAN_POINT('',(128.525,-82.47,0.));
#13365 = CIRCLE('',#13366,0.4);
#13366 = AXIS2_PLACEMENT_3D('',#13367,#13368,#13369);
#13367 = CARTESIAN_POINT('',(128.525,-82.07,0.));
#13368 = DIRECTION('',(-0.,0.,-1.));
#13369 = DIRECTION('',(-0.,-1.,0.));
#13370 = FACE_BOUND('',#13371,.F.);
#13371 = EDGE_LOOP('',(#13372));
#13372 = ORIENTED_EDGE('',*,*,#13373,.T.);
#13373 = EDGE_CURVE('',#13374,#13374,#13376,.T.);
#13374 = VERTEX_POINT('',#13375);
#13375 = CARTESIAN_POINT('',(53.24,-79.01,0.));
#13376 = CIRCLE('',#13377,0.51);
#13377 = AXIS2_PLACEMENT_3D('',#13378,#13379,#13380);
#13378 = CARTESIAN_POINT('',(53.24,-78.5,0.));
#13379 = DIRECTION('',(-0.,0.,-1.));
#13380 = DIRECTION('',(1.39322105051E-14,-1.,-0.));
#13381 = FACE_BOUND('',#13382,.F.);
#13382 = EDGE_LOOP('',(#13383));
#13383 = ORIENTED_EDGE('',*,*,#13384,.T.);
#13384 = EDGE_CURVE('',#13385,#13385,#13387,.T.);
#13385 = VERTEX_POINT('',#13386);
#13386 = CARTESIAN_POINT('',(55.78,-79.01,0.));
#13387 = CIRCLE('',#13388,0.51);
#13388 = AXIS2_PLACEMENT_3D('',#13389,#13390,#13391);
#13389 = CARTESIAN_POINT('',(55.78,-78.5,0.));
#13390 = DIRECTION('',(-0.,0.,-1.));
#13391 = DIRECTION('',(-0.,-1.,0.));
#13392 = FACE_BOUND('',#13393,.F.);
#13393 = EDGE_LOOP('',(#13394));
#13394 = ORIENTED_EDGE('',*,*,#13395,.T.);
#13395 = EDGE_CURVE('',#13396,#13396,#13398,.T.);
#13396 = VERTEX_POINT('',#13397);
#13397 = CARTESIAN_POINT('',(58.32,-79.01,0.));
#13398 = CIRCLE('',#13399,0.51);
#13399 = AXIS2_PLACEMENT_3D('',#13400,#13401,#13402);
#13400 = CARTESIAN_POINT('',(58.32,-78.5,0.));
#13401 = DIRECTION('',(-0.,0.,-1.));
#13402 = DIRECTION('',(-0.,-1.,0.));
#13403 = FACE_BOUND('',#13404,.F.);
#13404 = EDGE_LOOP('',(#13405));
#13405 = ORIENTED_EDGE('',*,*,#13406,.T.);
#13406 = EDGE_CURVE('',#13407,#13407,#13409,.T.);
#13407 = VERTEX_POINT('',#13408);
#13408 = CARTESIAN_POINT('',(60.86,-79.01,0.));
#13409 = CIRCLE('',#13410,0.51);
#13410 = AXIS2_PLACEMENT_3D('',#13411,#13412,#13413);
#13411 = CARTESIAN_POINT('',(60.86,-78.5,0.));
#13412 = DIRECTION('',(-0.,0.,-1.));
#13413 = DIRECTION('',(-0.,-1.,0.));
#13414 = FACE_BOUND('',#13415,.F.);
#13415 = EDGE_LOOP('',(#13416));
#13416 = ORIENTED_EDGE('',*,*,#13417,.T.);
#13417 = EDGE_CURVE('',#13418,#13418,#13420,.T.);
#13418 = VERTEX_POINT('',#13419);
#13419 = CARTESIAN_POINT('',(63.4,-79.01,0.));
#13420 = CIRCLE('',#13421,0.51);
#13421 = AXIS2_PLACEMENT_3D('',#13422,#13423,#13424);
#13422 = CARTESIAN_POINT('',(63.4,-78.5,0.));
#13423 = DIRECTION('',(-0.,0.,-1.));
#13424 = DIRECTION('',(-0.,-1.,0.));
#13425 = FACE_BOUND('',#13426,.F.);
#13426 = EDGE_LOOP('',(#13427));
#13427 = ORIENTED_EDGE('',*,*,#13428,.T.);
#13428 = EDGE_CURVE('',#13429,#13429,#13431,.T.);
#13429 = VERTEX_POINT('',#13430);
#13430 = CARTESIAN_POINT('',(65.94,-79.01,0.));
#13431 = CIRCLE('',#13432,0.51);
#13432 = AXIS2_PLACEMENT_3D('',#13433,#13434,#13435);
#13433 = CARTESIAN_POINT('',(65.94,-78.5,0.));
#13434 = DIRECTION('',(-0.,0.,-1.));
#13435 = DIRECTION('',(-0.,-1.,0.));
#13436 = FACE_BOUND('',#13437,.F.);
#13437 = EDGE_LOOP('',(#13438));
#13438 = ORIENTED_EDGE('',*,*,#13439,.T.);
#13439 = EDGE_CURVE('',#13440,#13440,#13442,.T.);
#13440 = VERTEX_POINT('',#13441);
#13441 = CARTESIAN_POINT('',(68.48,-79.01,0.));
#13442 = CIRCLE('',#13443,0.51);
#13443 = AXIS2_PLACEMENT_3D('',#13444,#13445,#13446);
#13444 = CARTESIAN_POINT('',(68.48,-78.5,0.));
#13445 = DIRECTION('',(-0.,0.,-1.));
#13446 = DIRECTION('',(2.78644210102E-14,-1.,-0.));
#13447 = FACE_BOUND('',#13448,.F.);
#13448 = EDGE_LOOP('',(#13449));
#13449 = ORIENTED_EDGE('',*,*,#13450,.T.);
#13450 = EDGE_CURVE('',#13451,#13451,#13453,.T.);
#13451 = VERTEX_POINT('',#13452);
#13452 = CARTESIAN_POINT('',(71.02,-79.01,0.));
#13453 = CIRCLE('',#13454,0.51);
#13454 = AXIS2_PLACEMENT_3D('',#13455,#13456,#13457);
#13455 = CARTESIAN_POINT('',(71.02,-78.5,0.));
#13456 = DIRECTION('',(-0.,0.,-1.));
#13457 = DIRECTION('',(-2.78644210102E-14,-1.,0.));
#13458 = FACE_BOUND('',#13459,.F.);
#13459 = EDGE_LOOP('',(#13460));
#13460 = ORIENTED_EDGE('',*,*,#13461,.T.);
#13461 = EDGE_CURVE('',#13462,#13462,#13464,.T.);
#13462 = VERTEX_POINT('',#13463);
#13463 = CARTESIAN_POINT('',(73.56,-79.01,0.));
#13464 = CIRCLE('',#13465,0.51);
#13465 = AXIS2_PLACEMENT_3D('',#13466,#13467,#13468);
#13466 = CARTESIAN_POINT('',(73.56,-78.5,0.));
#13467 = DIRECTION('',(-0.,0.,-1.));
#13468 = DIRECTION('',(-0.,-1.,0.));
#13469 = FACE_BOUND('',#13470,.F.);
#13470 = EDGE_LOOP('',(#13471));
#13471 = ORIENTED_EDGE('',*,*,#13472,.T.);
#13472 = EDGE_CURVE('',#13473,#13473,#13475,.T.);
#13473 = VERTEX_POINT('',#13474);
#13474 = CARTESIAN_POINT('',(76.1,-79.01,0.));
#13475 = CIRCLE('',#13476,0.51);
#13476 = AXIS2_PLACEMENT_3D('',#13477,#13478,#13479);
#13477 = CARTESIAN_POINT('',(76.1,-78.5,0.));
#13478 = DIRECTION('',(-0.,0.,-1.));
#13479 = DIRECTION('',(-0.,-1.,0.));
#13480 = FACE_BOUND('',#13481,.F.);
#13481 = EDGE_LOOP('',(#13482));
#13482 = ORIENTED_EDGE('',*,*,#13483,.T.);
#13483 = EDGE_CURVE('',#13484,#13484,#13486,.T.);
#13484 = VERTEX_POINT('',#13485);
#13485 = CARTESIAN_POINT('',(78.64,-79.01,0.));
#13486 = CIRCLE('',#13487,0.51);
#13487 = AXIS2_PLACEMENT_3D('',#13488,#13489,#13490);
#13488 = CARTESIAN_POINT('',(78.64,-78.5,0.));
#13489 = DIRECTION('',(-0.,0.,-1.));
#13490 = DIRECTION('',(-0.,-1.,0.));
#13491 = FACE_BOUND('',#13492,.F.);
#13492 = EDGE_LOOP('',(#13493));
#13493 = ORIENTED_EDGE('',*,*,#13494,.T.);
#13494 = EDGE_CURVE('',#13495,#13495,#13497,.T.);
#13495 = VERTEX_POINT('',#13496);
#13496 = CARTESIAN_POINT('',(70.65,-71.6,0.));
#13497 = CIRCLE('',#13498,0.35);
#13498 = AXIS2_PLACEMENT_3D('',#13499,#13500,#13501);
#13499 = CARTESIAN_POINT('',(70.65,-71.25,0.));
#13500 = DIRECTION('',(-0.,0.,-1.));
#13501 = DIRECTION('',(-0.,-1.,0.));
#13502 = FACE_BOUND('',#13503,.F.);
#13503 = EDGE_LOOP('',(#13504));
#13504 = ORIENTED_EDGE('',*,*,#13505,.T.);
#13505 = EDGE_CURVE('',#13506,#13506,#13508,.T.);
#13506 = VERTEX_POINT('',#13507);
#13507 = CARTESIAN_POINT('',(81.18,-79.01,0.));
#13508 = CIRCLE('',#13509,0.51);
#13509 = AXIS2_PLACEMENT_3D('',#13510,#13511,#13512);
#13510 = CARTESIAN_POINT('',(81.18,-78.5,0.));
#13511 = DIRECTION('',(-0.,0.,-1.));
#13512 = DIRECTION('',(-0.,-1.,0.));
#13513 = FACE_BOUND('',#13514,.F.);
#13514 = EDGE_LOOP('',(#13515));
#13515 = ORIENTED_EDGE('',*,*,#13516,.T.);
#13516 = EDGE_CURVE('',#13517,#13517,#13519,.T.);
#13517 = VERTEX_POINT('',#13518);
#13518 = CARTESIAN_POINT('',(83.72,-79.01,0.));
#13519 = CIRCLE('',#13520,0.51);
#13520 = AXIS2_PLACEMENT_3D('',#13521,#13522,#13523);
#13521 = CARTESIAN_POINT('',(83.72,-78.5,0.));
#13522 = DIRECTION('',(-0.,0.,-1.));
#13523 = DIRECTION('',(-0.,-1.,0.));
#13524 = FACE_BOUND('',#13525,.F.);
#13525 = EDGE_LOOP('',(#13526));
#13526 = ORIENTED_EDGE('',*,*,#13527,.T.);
#13527 = EDGE_CURVE('',#13528,#13528,#13530,.T.);
#13528 = VERTEX_POINT('',#13529);
#13529 = CARTESIAN_POINT('',(86.26,-79.01,0.));
#13530 = CIRCLE('',#13531,0.51);
#13531 = AXIS2_PLACEMENT_3D('',#13532,#13533,#13534);
#13532 = CARTESIAN_POINT('',(86.26,-78.5,0.));
#13533 = DIRECTION('',(-0.,0.,-1.));
#13534 = DIRECTION('',(2.78644210102E-14,-1.,-0.));
#13535 = FACE_BOUND('',#13536,.F.);
#13536 = EDGE_LOOP('',(#13537));
#13537 = ORIENTED_EDGE('',*,*,#13538,.T.);
#13538 = EDGE_CURVE('',#13539,#13539,#13541,.T.);
#13539 = VERTEX_POINT('',#13540);
#13540 = CARTESIAN_POINT('',(88.8,-79.01,0.));
#13541 = CIRCLE('',#13542,0.51);
#13542 = AXIS2_PLACEMENT_3D('',#13543,#13544,#13545);
#13543 = CARTESIAN_POINT('',(88.8,-78.5,0.));
#13544 = DIRECTION('',(-0.,0.,-1.));
#13545 = DIRECTION('',(-2.78644210102E-14,-1.,0.));
#13546 = FACE_BOUND('',#13547,.F.);
#13547 = EDGE_LOOP('',(#13548));
#13548 = ORIENTED_EDGE('',*,*,#13549,.T.);
#13549 = EDGE_CURVE('',#13550,#13550,#13552,.T.);
#13550 = VERTEX_POINT('',#13551);
#13551 = CARTESIAN_POINT('',(91.34,-79.01,0.));
#13552 = CIRCLE('',#13553,0.51);
#13553 = AXIS2_PLACEMENT_3D('',#13554,#13555,#13556);
#13554 = CARTESIAN_POINT('',(91.34,-78.5,0.));
#13555 = DIRECTION('',(-0.,0.,-1.));
#13556 = DIRECTION('',(-0.,-1.,0.));
#13557 = FACE_BOUND('',#13558,.F.);
#13558 = EDGE_LOOP('',(#13559));
#13559 = ORIENTED_EDGE('',*,*,#13560,.T.);
#13560 = EDGE_CURVE('',#13561,#13561,#13563,.T.);
#13561 = VERTEX_POINT('',#13562);
#13562 = CARTESIAN_POINT('',(93.88,-79.01,0.));
#13563 = CIRCLE('',#13564,0.51);
#13564 = AXIS2_PLACEMENT_3D('',#13565,#13566,#13567);
#13565 = CARTESIAN_POINT('',(93.88,-78.5,0.));
#13566 = DIRECTION('',(-0.,0.,-1.));
#13567 = DIRECTION('',(-0.,-1.,0.));
#13568 = FACE_BOUND('',#13569,.F.);
#13569 = EDGE_LOOP('',(#13570));
#13570 = ORIENTED_EDGE('',*,*,#13571,.T.);
#13571 = EDGE_CURVE('',#13572,#13572,#13574,.T.);
#13572 = VERTEX_POINT('',#13573);
#13573 = CARTESIAN_POINT('',(96.42,-79.01,0.));
#13574 = CIRCLE('',#13575,0.51);
#13575 = AXIS2_PLACEMENT_3D('',#13576,#13577,#13578);
#13576 = CARTESIAN_POINT('',(96.42,-78.5,0.));
#13577 = DIRECTION('',(-0.,0.,-1.));
#13578 = DIRECTION('',(-0.,-1.,0.));
#13579 = FACE_BOUND('',#13580,.F.);
#13580 = EDGE_LOOP('',(#13581));
#13581 = ORIENTED_EDGE('',*,*,#13582,.T.);
#13582 = EDGE_CURVE('',#13583,#13583,#13585,.T.);
#13583 = VERTEX_POINT('',#13584);
#13584 = CARTESIAN_POINT('',(91.5,-75.85,0.));
#13585 = CIRCLE('',#13586,0.35);
#13586 = AXIS2_PLACEMENT_3D('',#13587,#13588,#13589);
#13587 = CARTESIAN_POINT('',(91.5,-75.5,0.));
#13588 = DIRECTION('',(-0.,0.,-1.));
#13589 = DIRECTION('',(-0.,-1.,0.));
#13590 = FACE_BOUND('',#13591,.F.);
#13591 = EDGE_LOOP('',(#13592));
#13592 = ORIENTED_EDGE('',*,*,#13593,.T.);
#13593 = EDGE_CURVE('',#13594,#13594,#13596,.T.);
#13594 = VERTEX_POINT('',#13595);
#13595 = CARTESIAN_POINT('',(94.5,-75.85,0.));
#13596 = CIRCLE('',#13597,0.35);
#13597 = AXIS2_PLACEMENT_3D('',#13598,#13599,#13600);
#13598 = CARTESIAN_POINT('',(94.5,-75.5,0.));
#13599 = DIRECTION('',(-0.,0.,-1.));
#13600 = DIRECTION('',(-0.,-1.,0.));
#13601 = FACE_BOUND('',#13602,.F.);
#13602 = EDGE_LOOP('',(#13603));
#13603 = ORIENTED_EDGE('',*,*,#13604,.T.);
#13604 = EDGE_CURVE('',#13605,#13605,#13607,.T.);
#13605 = VERTEX_POINT('',#13606);
#13606 = CARTESIAN_POINT('',(98.96,-79.01,0.));
#13607 = CIRCLE('',#13608,0.51);
#13608 = AXIS2_PLACEMENT_3D('',#13609,#13610,#13611);
#13609 = CARTESIAN_POINT('',(98.96,-78.5,0.));
#13610 = DIRECTION('',(-0.,0.,-1.));
#13611 = DIRECTION('',(-2.78644210102E-14,-1.,0.));
#13612 = FACE_BOUND('',#13613,.F.);
#13613 = EDGE_LOOP('',(#13614));
#13614 = ORIENTED_EDGE('',*,*,#13615,.T.);
#13615 = EDGE_CURVE('',#13616,#13616,#13618,.T.);
#13616 = VERTEX_POINT('',#13617);
#13617 = CARTESIAN_POINT('',(101.5,-79.01,0.));
#13618 = CIRCLE('',#13619,0.51);
#13619 = AXIS2_PLACEMENT_3D('',#13620,#13621,#13622);
#13620 = CARTESIAN_POINT('',(101.5,-78.5,0.));
#13621 = DIRECTION('',(-0.,0.,-1.));
#13622 = DIRECTION('',(-0.,-1.,0.));
#13623 = FACE_BOUND('',#13624,.F.);
#13624 = EDGE_LOOP('',(#13625));
#13625 = ORIENTED_EDGE('',*,*,#13626,.T.);
#13626 = EDGE_CURVE('',#13627,#13627,#13629,.T.);
#13627 = VERTEX_POINT('',#13628);
#13628 = CARTESIAN_POINT('',(104.04,-79.01,0.));
#13629 = CIRCLE('',#13630,0.51);
#13630 = AXIS2_PLACEMENT_3D('',#13631,#13632,#13633);
#13631 = CARTESIAN_POINT('',(104.04,-78.5,0.));
#13632 = DIRECTION('',(-0.,0.,-1.));
#13633 = DIRECTION('',(2.78644210102E-14,-1.,-0.));
#13634 = FACE_BOUND('',#13635,.F.);
#13635 = EDGE_LOOP('',(#13636));
#13636 = ORIENTED_EDGE('',*,*,#13637,.T.);
#13637 = EDGE_CURVE('',#13638,#13638,#13640,.T.);
#13638 = VERTEX_POINT('',#13639);
#13639 = CARTESIAN_POINT('',(106.58,-79.01,0.));
#13640 = CIRCLE('',#13641,0.51);
#13641 = AXIS2_PLACEMENT_3D('',#13642,#13643,#13644);
#13642 = CARTESIAN_POINT('',(106.58,-78.5,0.));
#13643 = DIRECTION('',(-0.,0.,-1.));
#13644 = DIRECTION('',(-0.,-1.,0.));
#13645 = FACE_BOUND('',#13646,.F.);
#13646 = EDGE_LOOP('',(#13647));
#13647 = ORIENTED_EDGE('',*,*,#13648,.T.);
#13648 = EDGE_CURVE('',#13649,#13649,#13651,.T.);
#13649 = VERTEX_POINT('',#13650);
#13650 = CARTESIAN_POINT('',(97.5,-75.85,0.));
#13651 = CIRCLE('',#13652,0.35);
#13652 = AXIS2_PLACEMENT_3D('',#13653,#13654,#13655);
#13653 = CARTESIAN_POINT('',(97.5,-75.5,0.));
#13654 = DIRECTION('',(-0.,0.,-1.));
#13655 = DIRECTION('',(-0.,-1.,0.));
#13656 = FACE_BOUND('',#13657,.F.);
#13657 = EDGE_LOOP('',(#13658));
#13658 = ORIENTED_EDGE('',*,*,#13659,.T.);
#13659 = EDGE_CURVE('',#13660,#13660,#13662,.T.);
#13660 = VERTEX_POINT('',#13661);
#13661 = CARTESIAN_POINT('',(101.5,-75.85,0.));
#13662 = CIRCLE('',#13663,0.35);
#13663 = AXIS2_PLACEMENT_3D('',#13664,#13665,#13666);
#13664 = CARTESIAN_POINT('',(101.5,-75.5,0.));
#13665 = DIRECTION('',(-0.,0.,-1.));
#13666 = DIRECTION('',(-0.,-1.,0.));
#13667 = FACE_BOUND('',#13668,.F.);
#13668 = EDGE_LOOP('',(#13669));
#13669 = ORIENTED_EDGE('',*,*,#13670,.T.);
#13670 = EDGE_CURVE('',#13671,#13671,#13673,.T.);
#13671 = VERTEX_POINT('',#13672);
#13672 = CARTESIAN_POINT('',(53.24,-54.01,0.));
#13673 = CIRCLE('',#13674,0.51);
#13674 = AXIS2_PLACEMENT_3D('',#13675,#13676,#13677);
#13675 = CARTESIAN_POINT('',(53.24,-53.5,0.));
#13676 = DIRECTION('',(-0.,0.,-1.));
#13677 = DIRECTION('',(1.39322105051E-14,-1.,-0.));
#13678 = FACE_BOUND('',#13679,.F.);
#13679 = EDGE_LOOP('',(#13680));
#13680 = ORIENTED_EDGE('',*,*,#13681,.T.);
#13681 = EDGE_CURVE('',#13682,#13682,#13684,.T.);
#13682 = VERTEX_POINT('',#13683);
#13683 = CARTESIAN_POINT('',(55.78,-54.01,0.));
#13684 = CIRCLE('',#13685,0.51);
#13685 = AXIS2_PLACEMENT_3D('',#13686,#13687,#13688);
#13686 = CARTESIAN_POINT('',(55.78,-53.5,0.));
#13687 = DIRECTION('',(-0.,0.,-1.));
#13688 = DIRECTION('',(-0.,-1.,0.));
#13689 = FACE_BOUND('',#13690,.F.);
#13690 = EDGE_LOOP('',(#13691));
#13691 = ORIENTED_EDGE('',*,*,#13692,.T.);
#13692 = EDGE_CURVE('',#13693,#13693,#13695,.T.);
#13693 = VERTEX_POINT('',#13694);
#13694 = CARTESIAN_POINT('',(58.32,-54.01,0.));
#13695 = CIRCLE('',#13696,0.51);
#13696 = AXIS2_PLACEMENT_3D('',#13697,#13698,#13699);
#13697 = CARTESIAN_POINT('',(58.32,-53.5,0.));
#13698 = DIRECTION('',(-0.,0.,-1.));
#13699 = DIRECTION('',(-0.,-1.,0.));
#13700 = FACE_BOUND('',#13701,.F.);
#13701 = EDGE_LOOP('',(#13702));
#13702 = ORIENTED_EDGE('',*,*,#13703,.T.);
#13703 = EDGE_CURVE('',#13704,#13704,#13706,.T.);
#13704 = VERTEX_POINT('',#13705);
#13705 = CARTESIAN_POINT('',(60.86,-54.01,0.));
#13706 = CIRCLE('',#13707,0.51);
#13707 = AXIS2_PLACEMENT_3D('',#13708,#13709,#13710);
#13708 = CARTESIAN_POINT('',(60.86,-53.5,0.));
#13709 = DIRECTION('',(-0.,0.,-1.));
#13710 = DIRECTION('',(-0.,-1.,0.));
#13711 = FACE_BOUND('',#13712,.F.);
#13712 = EDGE_LOOP('',(#13713));
#13713 = ORIENTED_EDGE('',*,*,#13714,.T.);
#13714 = EDGE_CURVE('',#13715,#13715,#13717,.T.);
#13715 = VERTEX_POINT('',#13716);
#13716 = CARTESIAN_POINT('',(63.4,-54.01,0.));
#13717 = CIRCLE('',#13718,0.51);
#13718 = AXIS2_PLACEMENT_3D('',#13719,#13720,#13721);
#13719 = CARTESIAN_POINT('',(63.4,-53.5,0.));
#13720 = DIRECTION('',(-0.,0.,-1.));
#13721 = DIRECTION('',(-0.,-1.,0.));
#13722 = FACE_BOUND('',#13723,.F.);
#13723 = EDGE_LOOP('',(#13724));
#13724 = ORIENTED_EDGE('',*,*,#13725,.T.);
#13725 = EDGE_CURVE('',#13726,#13726,#13728,.T.);
#13726 = VERTEX_POINT('',#13727);
#13727 = CARTESIAN_POINT('',(76.05,-59.3,0.));
#13728 = CIRCLE('',#13729,0.35);
#13729 = AXIS2_PLACEMENT_3D('',#13730,#13731,#13732);
#13730 = CARTESIAN_POINT('',(76.05,-58.95,0.));
#13731 = DIRECTION('',(-0.,0.,-1.));
#13732 = DIRECTION('',(-4.060244204344E-14,-1.,0.));
#13733 = FACE_BOUND('',#13734,.F.);
#13734 = EDGE_LOOP('',(#13735));
#13735 = ORIENTED_EDGE('',*,*,#13736,.T.);
#13736 = EDGE_CURVE('',#13737,#13737,#13739,.T.);
#13737 = VERTEX_POINT('',#13738);
#13738 = CARTESIAN_POINT('',(65.94,-54.01,0.));
#13739 = CIRCLE('',#13740,0.51);
#13740 = AXIS2_PLACEMENT_3D('',#13741,#13742,#13743);
#13741 = CARTESIAN_POINT('',(65.94,-53.5,0.));
#13742 = DIRECTION('',(-0.,0.,-1.));
#13743 = DIRECTION('',(-0.,-1.,0.));
#13744 = FACE_BOUND('',#13745,.F.);
#13745 = EDGE_LOOP('',(#13746));
#13746 = ORIENTED_EDGE('',*,*,#13747,.T.);
#13747 = EDGE_CURVE('',#13748,#13748,#13750,.T.);
#13748 = VERTEX_POINT('',#13749);
#13749 = CARTESIAN_POINT('',(68.48,-54.01,0.));
#13750 = CIRCLE('',#13751,0.51);
#13751 = AXIS2_PLACEMENT_3D('',#13752,#13753,#13754);
#13752 = CARTESIAN_POINT('',(68.48,-53.5,0.));
#13753 = DIRECTION('',(-0.,0.,-1.));
#13754 = DIRECTION('',(2.78644210102E-14,-1.,-0.));
#13755 = FACE_BOUND('',#13756,.F.);
#13756 = EDGE_LOOP('',(#13757));
#13757 = ORIENTED_EDGE('',*,*,#13758,.T.);
#13758 = EDGE_CURVE('',#13759,#13759,#13761,.T.);
#13759 = VERTEX_POINT('',#13760);
#13760 = CARTESIAN_POINT('',(71.02,-54.01,0.));
#13761 = CIRCLE('',#13762,0.51);
#13762 = AXIS2_PLACEMENT_3D('',#13763,#13764,#13765);
#13763 = CARTESIAN_POINT('',(71.02,-53.5,0.));
#13764 = DIRECTION('',(-0.,0.,-1.));
#13765 = DIRECTION('',(-2.78644210102E-14,-1.,0.));
#13766 = FACE_BOUND('',#13767,.F.);
#13767 = EDGE_LOOP('',(#13768));
#13768 = ORIENTED_EDGE('',*,*,#13769,.T.);
#13769 = EDGE_CURVE('',#13770,#13770,#13772,.T.);
#13770 = VERTEX_POINT('',#13771);
#13771 = CARTESIAN_POINT('',(73.56,-54.01,0.));
#13772 = CIRCLE('',#13773,0.51);
#13773 = AXIS2_PLACEMENT_3D('',#13774,#13775,#13776);
#13774 = CARTESIAN_POINT('',(73.56,-53.5,0.));
#13775 = DIRECTION('',(-0.,0.,-1.));
#13776 = DIRECTION('',(-0.,-1.,0.));
#13777 = FACE_BOUND('',#13778,.F.);
#13778 = EDGE_LOOP('',(#13779));
#13779 = ORIENTED_EDGE('',*,*,#13780,.T.);
#13780 = EDGE_CURVE('',#13781,#13781,#13783,.T.);
#13781 = VERTEX_POINT('',#13782);
#13782 = CARTESIAN_POINT('',(76.1,-54.01,0.));
#13783 = CIRCLE('',#13784,0.51);
#13784 = AXIS2_PLACEMENT_3D('',#13785,#13786,#13787);
#13785 = CARTESIAN_POINT('',(76.1,-53.5,0.));
#13786 = DIRECTION('',(-0.,0.,-1.));
#13787 = DIRECTION('',(-0.,-1.,0.));
#13788 = FACE_BOUND('',#13789,.F.);
#13789 = EDGE_LOOP('',(#13790));
#13790 = ORIENTED_EDGE('',*,*,#13791,.T.);
#13791 = EDGE_CURVE('',#13792,#13792,#13794,.T.);
#13792 = VERTEX_POINT('',#13793);
#13793 = CARTESIAN_POINT('',(78.64,-54.01,0.));
#13794 = CIRCLE('',#13795,0.51);
#13795 = AXIS2_PLACEMENT_3D('',#13796,#13797,#13798);
#13796 = CARTESIAN_POINT('',(78.64,-53.5,0.));
#13797 = DIRECTION('',(-0.,0.,-1.));
#13798 = DIRECTION('',(-0.,-1.,0.));
#13799 = FACE_BOUND('',#13800,.F.);
#13800 = EDGE_LOOP('',(#13801));
#13801 = ORIENTED_EDGE('',*,*,#13802,.T.);
#13802 = EDGE_CURVE('',#13803,#13803,#13805,.T.);
#13803 = VERTEX_POINT('',#13804);
#13804 = CARTESIAN_POINT('',(97.,-64.35,0.));
#13805 = CIRCLE('',#13806,0.35);
#13806 = AXIS2_PLACEMENT_3D('',#13807,#13808,#13809);
#13807 = CARTESIAN_POINT('',(97.,-64.,0.));
#13808 = DIRECTION('',(-0.,0.,-1.));
#13809 = DIRECTION('',(-0.,-1.,0.));
#13810 = FACE_BOUND('',#13811,.F.);
#13811 = EDGE_LOOP('',(#13812));
#13812 = ORIENTED_EDGE('',*,*,#13813,.T.);
#13813 = EDGE_CURVE('',#13814,#13814,#13816,.T.);
#13814 = VERTEX_POINT('',#13815);
#13815 = CARTESIAN_POINT('',(102.5,-62.35,0.));
#13816 = CIRCLE('',#13817,0.35);
#13817 = AXIS2_PLACEMENT_3D('',#13818,#13819,#13820);
#13818 = CARTESIAN_POINT('',(102.5,-62.,0.));
#13819 = DIRECTION('',(-0.,0.,-1.));
#13820 = DIRECTION('',(-0.,-1.,0.));
#13821 = FACE_BOUND('',#13822,.F.);
#13822 = EDGE_LOOP('',(#13823));
#13823 = ORIENTED_EDGE('',*,*,#13824,.T.);
#13824 = EDGE_CURVE('',#13825,#13825,#13827,.T.);
#13825 = VERTEX_POINT('',#13826);
#13826 = CARTESIAN_POINT('',(81.18,-54.01,0.));
#13827 = CIRCLE('',#13828,0.51);
#13828 = AXIS2_PLACEMENT_3D('',#13829,#13830,#13831);
#13829 = CARTESIAN_POINT('',(81.18,-53.5,0.));
#13830 = DIRECTION('',(-0.,0.,-1.));
#13831 = DIRECTION('',(-0.,-1.,0.));
#13832 = FACE_BOUND('',#13833,.F.);
#13833 = EDGE_LOOP('',(#13834));
#13834 = ORIENTED_EDGE('',*,*,#13835,.T.);
#13835 = EDGE_CURVE('',#13836,#13836,#13838,.T.);
#13836 = VERTEX_POINT('',#13837);
#13837 = CARTESIAN_POINT('',(83.72,-54.01,0.));
#13838 = CIRCLE('',#13839,0.51);
#13839 = AXIS2_PLACEMENT_3D('',#13840,#13841,#13842);
#13840 = CARTESIAN_POINT('',(83.72,-53.5,0.));
#13841 = DIRECTION('',(-0.,0.,-1.));
#13842 = DIRECTION('',(-0.,-1.,0.));
#13843 = FACE_BOUND('',#13844,.F.);
#13844 = EDGE_LOOP('',(#13845));
#13845 = ORIENTED_EDGE('',*,*,#13846,.T.);
#13846 = EDGE_CURVE('',#13847,#13847,#13849,.T.);
#13847 = VERTEX_POINT('',#13848);
#13848 = CARTESIAN_POINT('',(86.26,-54.01,0.));
#13849 = CIRCLE('',#13850,0.51);
#13850 = AXIS2_PLACEMENT_3D('',#13851,#13852,#13853);
#13851 = CARTESIAN_POINT('',(86.26,-53.5,0.));
#13852 = DIRECTION('',(-0.,0.,-1.));
#13853 = DIRECTION('',(2.78644210102E-14,-1.,-0.));
#13854 = FACE_BOUND('',#13855,.F.);
#13855 = EDGE_LOOP('',(#13856));
#13856 = ORIENTED_EDGE('',*,*,#13857,.T.);
#13857 = EDGE_CURVE('',#13858,#13858,#13860,.T.);
#13858 = VERTEX_POINT('',#13859);
#13859 = CARTESIAN_POINT('',(88.8,-54.01,0.));
#13860 = CIRCLE('',#13861,0.51);
#13861 = AXIS2_PLACEMENT_3D('',#13862,#13863,#13864);
#13862 = CARTESIAN_POINT('',(88.8,-53.5,0.));
#13863 = DIRECTION('',(-0.,0.,-1.));
#13864 = DIRECTION('',(-2.78644210102E-14,-1.,0.));
#13865 = FACE_BOUND('',#13866,.F.);
#13866 = EDGE_LOOP('',(#13867));
#13867 = ORIENTED_EDGE('',*,*,#13868,.T.);
#13868 = EDGE_CURVE('',#13869,#13869,#13871,.T.);
#13869 = VERTEX_POINT('',#13870);
#13870 = CARTESIAN_POINT('',(91.34,-54.01,0.));
#13871 = CIRCLE('',#13872,0.51);
#13872 = AXIS2_PLACEMENT_3D('',#13873,#13874,#13875);
#13873 = CARTESIAN_POINT('',(91.34,-53.5,0.));
#13874 = DIRECTION('',(-0.,0.,-1.));
#13875 = DIRECTION('',(-0.,-1.,0.));
#13876 = FACE_BOUND('',#13877,.F.);
#13877 = EDGE_LOOP('',(#13878));
#13878 = ORIENTED_EDGE('',*,*,#13879,.T.);
#13879 = EDGE_CURVE('',#13880,#13880,#13882,.T.);
#13880 = VERTEX_POINT('',#13881);
#13881 = CARTESIAN_POINT('',(93.88,-54.01,0.));
#13882 = CIRCLE('',#13883,0.51);
#13883 = AXIS2_PLACEMENT_3D('',#13884,#13885,#13886);
#13884 = CARTESIAN_POINT('',(93.88,-53.5,0.));
#13885 = DIRECTION('',(-0.,0.,-1.));
#13886 = DIRECTION('',(-0.,-1.,0.));
#13887 = FACE_BOUND('',#13888,.F.);
#13888 = EDGE_LOOP('',(#13889));
#13889 = ORIENTED_EDGE('',*,*,#13890,.T.);
#13890 = EDGE_CURVE('',#13891,#13891,#13893,.T.);
#13891 = VERTEX_POINT('',#13892);
#13892 = CARTESIAN_POINT('',(96.42,-54.01,0.));
#13893 = CIRCLE('',#13894,0.51);
#13894 = AXIS2_PLACEMENT_3D('',#13895,#13896,#13897);
#13895 = CARTESIAN_POINT('',(96.42,-53.5,0.));
#13896 = DIRECTION('',(-0.,0.,-1.));
#13897 = DIRECTION('',(-0.,-1.,0.));
#13898 = FACE_BOUND('',#13899,.F.);
#13899 = EDGE_LOOP('',(#13900));
#13900 = ORIENTED_EDGE('',*,*,#13901,.T.);
#13901 = EDGE_CURVE('',#13902,#13902,#13904,.T.);
#13902 = VERTEX_POINT('',#13903);
#13903 = CARTESIAN_POINT('',(99.5,-60.35,0.));
#13904 = CIRCLE('',#13905,0.35);
#13905 = AXIS2_PLACEMENT_3D('',#13906,#13907,#13908);
#13906 = CARTESIAN_POINT('',(99.5,-60.,0.));
#13907 = DIRECTION('',(-0.,0.,-1.));
#13908 = DIRECTION('',(-0.,-1.,0.));
#13909 = FACE_BOUND('',#13910,.F.);
#13910 = EDGE_LOOP('',(#13911));
#13911 = ORIENTED_EDGE('',*,*,#13912,.T.);
#13912 = EDGE_CURVE('',#13913,#13913,#13915,.T.);
#13913 = VERTEX_POINT('',#13914);
#13914 = CARTESIAN_POINT('',(98.96,-54.01,0.));
#13915 = CIRCLE('',#13916,0.51);
#13916 = AXIS2_PLACEMENT_3D('',#13917,#13918,#13919);
#13917 = CARTESIAN_POINT('',(98.96,-53.5,0.));
#13918 = DIRECTION('',(-0.,0.,-1.));
#13919 = DIRECTION('',(-2.78644210102E-14,-1.,0.));
#13920 = FACE_BOUND('',#13921,.F.);
#13921 = EDGE_LOOP('',(#13922));
#13922 = ORIENTED_EDGE('',*,*,#13923,.T.);
#13923 = EDGE_CURVE('',#13924,#13924,#13926,.T.);
#13924 = VERTEX_POINT('',#13925);
#13925 = CARTESIAN_POINT('',(101.5,-54.01,0.));
#13926 = CIRCLE('',#13927,0.51);
#13927 = AXIS2_PLACEMENT_3D('',#13928,#13929,#13930);
#13928 = CARTESIAN_POINT('',(101.5,-53.5,0.));
#13929 = DIRECTION('',(-0.,0.,-1.));
#13930 = DIRECTION('',(-0.,-1.,0.));
#13931 = FACE_BOUND('',#13932,.F.);
#13932 = EDGE_LOOP('',(#13933));
#13933 = ORIENTED_EDGE('',*,*,#13934,.T.);
#13934 = EDGE_CURVE('',#13935,#13935,#13937,.T.);
#13935 = VERTEX_POINT('',#13936);
#13936 = CARTESIAN_POINT('',(104.04,-54.01,0.));
#13937 = CIRCLE('',#13938,0.51);
#13938 = AXIS2_PLACEMENT_3D('',#13939,#13940,#13941);
#13939 = CARTESIAN_POINT('',(104.04,-53.5,0.));
#13940 = DIRECTION('',(-0.,0.,-1.));
#13941 = DIRECTION('',(2.78644210102E-14,-1.,-0.));
#13942 = FACE_BOUND('',#13943,.F.);
#13943 = EDGE_LOOP('',(#13944));
#13944 = ORIENTED_EDGE('',*,*,#13945,.T.);
#13945 = EDGE_CURVE('',#13946,#13946,#13948,.T.);
#13946 = VERTEX_POINT('',#13947);
#13947 = CARTESIAN_POINT('',(106.58,-54.01,0.));
#13948 = CIRCLE('',#13949,0.51);
#13949 = AXIS2_PLACEMENT_3D('',#13950,#13951,#13952);
#13950 = CARTESIAN_POINT('',(106.58,-53.5,0.));
#13951 = DIRECTION('',(-0.,0.,-1.));
#13952 = DIRECTION('',(-0.,-1.,0.));
#13953 = FACE_BOUND('',#13954,.F.);
#13954 = EDGE_LOOP('',(#13955));
#13955 = ORIENTED_EDGE('',*,*,#13956,.T.);
#13956 = EDGE_CURVE('',#13957,#13957,#13959,.T.);
#13957 = VERTEX_POINT('',#13958);
#13958 = CARTESIAN_POINT('',(118.75,-79.55,0.));
#13959 = CIRCLE('',#13960,0.35);
#13960 = AXIS2_PLACEMENT_3D('',#13961,#13962,#13963);
#13961 = CARTESIAN_POINT('',(118.75,-79.2,0.));
#13962 = DIRECTION('',(-0.,0.,-1.));
#13963 = DIRECTION('',(-0.,-1.,0.));
#13964 = FACE_BOUND('',#13965,.F.);
#13965 = EDGE_LOOP('',(#13966));
#13966 = ORIENTED_EDGE('',*,*,#13967,.T.);
#13967 = EDGE_CURVE('',#13968,#13968,#13970,.T.);
#13968 = VERTEX_POINT('',#13969);
#13969 = CARTESIAN_POINT('',(128.525,-79.75,0.));
#13970 = CIRCLE('',#13971,0.4);
#13971 = AXIS2_PLACEMENT_3D('',#13972,#13973,#13974);
#13972 = CARTESIAN_POINT('',(128.525,-79.35,0.));
#13973 = DIRECTION('',(-0.,0.,-1.));
#13974 = DIRECTION('',(-0.,-1.,0.));
#13975 = FACE_BOUND('',#13976,.F.);
#13976 = EDGE_LOOP('',(#13977));
#13977 = ORIENTED_EDGE('',*,*,#13978,.T.);
#13978 = EDGE_CURVE('',#13979,#13979,#13981,.T.);
#13979 = VERTEX_POINT('',#13980);
#13980 = CARTESIAN_POINT('',(119.,-74.6,0.));
#13981 = CIRCLE('',#13982,0.35);
#13982 = AXIS2_PLACEMENT_3D('',#13983,#13984,#13985);
#13983 = CARTESIAN_POINT('',(119.,-74.25,0.));
#13984 = DIRECTION('',(-0.,0.,-1.));
#13985 = DIRECTION('',(-0.,-1.,0.));
#13986 = FACE_BOUND('',#13987,.F.);
#13987 = EDGE_LOOP('',(#13988));
#13988 = ORIENTED_EDGE('',*,*,#13989,.T.);
#13989 = EDGE_CURVE('',#13990,#13990,#13992,.T.);
#13990 = VERTEX_POINT('',#13991);
#13991 = CARTESIAN_POINT('',(119.,-71.05,0.));
#13992 = CIRCLE('',#13993,0.35);
#13993 = AXIS2_PLACEMENT_3D('',#13994,#13995,#13996);
#13994 = CARTESIAN_POINT('',(119.,-70.7,0.));
#13995 = DIRECTION('',(-0.,0.,-1.));
#13996 = DIRECTION('',(-0.,-1.,0.));
#13997 = FACE_BOUND('',#13998,.F.);
#13998 = EDGE_LOOP('',(#13999));
#13999 = ORIENTED_EDGE('',*,*,#14000,.T.);
#14000 = EDGE_CURVE('',#14001,#14001,#14003,.T.);
#14001 = VERTEX_POINT('',#14002);
#14002 = CARTESIAN_POINT('',(124.45,-70.15,0.));
#14003 = CIRCLE('',#14004,0.35);
#14004 = AXIS2_PLACEMENT_3D('',#14005,#14006,#14007);
#14005 = CARTESIAN_POINT('',(124.45,-69.8,0.));
#14006 = DIRECTION('',(-0.,0.,-1.));
#14007 = DIRECTION('',(4.060244204343E-14,-1.,-0.));
#14008 = FACE_BOUND('',#14009,.F.);
#14009 = EDGE_LOOP('',(#14010));
#14010 = ORIENTED_EDGE('',*,*,#14011,.T.);
#14011 = EDGE_CURVE('',#14012,#14012,#14014,.T.);
#14012 = VERTEX_POINT('',#14013);
#14013 = CARTESIAN_POINT('',(128.2175,-70.8425,0.));
#14014 = CIRCLE('',#14015,0.4);
#14015 = AXIS2_PLACEMENT_3D('',#14016,#14017,#14018);
#14016 = CARTESIAN_POINT('',(128.2175,-70.4425,0.));
#14017 = DIRECTION('',(-0.,0.,-1.));
#14018 = DIRECTION('',(-0.,-1.,0.));
#14019 = FACE_BOUND('',#14020,.F.);
#14020 = EDGE_LOOP('',(#14021));
#14021 = ORIENTED_EDGE('',*,*,#14022,.T.);
#14022 = EDGE_CURVE('',#14023,#14023,#14025,.T.);
#14023 = VERTEX_POINT('',#14024);
#14024 = CARTESIAN_POINT('',(128.2175,-68.8425,0.));
#14025 = CIRCLE('',#14026,0.4);
#14026 = AXIS2_PLACEMENT_3D('',#14027,#14028,#14029);
#14027 = CARTESIAN_POINT('',(128.2175,-68.4425,0.));
#14028 = DIRECTION('',(-0.,0.,-1.));
#14029 = DIRECTION('',(-0.,-1.,0.));
#14030 = FACE_BOUND('',#14031,.F.);
#14031 = EDGE_LOOP('',(#14032));
#14032 = ORIENTED_EDGE('',*,*,#14033,.T.);
#14033 = EDGE_CURVE('',#14034,#14034,#14036,.T.);
#14034 = VERTEX_POINT('',#14035);
#14035 = CARTESIAN_POINT('',(141.8175,-70.8425,0.));
#14036 = CIRCLE('',#14037,0.4);
#14037 = AXIS2_PLACEMENT_3D('',#14038,#14039,#14040);
#14038 = CARTESIAN_POINT('',(141.8175,-70.4425,0.));
#14039 = DIRECTION('',(-0.,0.,-1.));
#14040 = DIRECTION('',(-0.,-1.,0.));
#14041 = FACE_BOUND('',#14042,.F.);
#14042 = EDGE_LOOP('',(#14043));
#14043 = ORIENTED_EDGE('',*,*,#14044,.T.);
#14044 = EDGE_CURVE('',#14045,#14045,#14047,.T.);
#14045 = VERTEX_POINT('',#14046);
#14046 = CARTESIAN_POINT('',(141.8175,-68.8425,0.));
#14047 = CIRCLE('',#14048,0.4);
#14048 = AXIS2_PLACEMENT_3D('',#14049,#14050,#14051);
#14049 = CARTESIAN_POINT('',(141.8175,-68.4425,0.));
#14050 = DIRECTION('',(-0.,0.,-1.));
#14051 = DIRECTION('',(-0.,-1.,0.));
#14052 = FACE_BOUND('',#14053,.F.);
#14053 = EDGE_LOOP('',(#14054));
#14054 = ORIENTED_EDGE('',*,*,#14055,.T.);
#14055 = EDGE_CURVE('',#14056,#14056,#14058,.T.);
#14056 = VERTEX_POINT('',#14057);
#14057 = CARTESIAN_POINT('',(166.1,-80.55,0.));
#14058 = CIRCLE('',#14059,0.35);
#14059 = AXIS2_PLACEMENT_3D('',#14060,#14061,#14062);
#14060 = CARTESIAN_POINT('',(166.1,-80.2,0.));
#14061 = DIRECTION('',(-0.,0.,-1.));
#14062 = DIRECTION('',(-0.,-1.,0.));
#14063 = FACE_BOUND('',#14064,.F.);
#14064 = EDGE_LOOP('',(#14065));
#14065 = ORIENTED_EDGE('',*,*,#14066,.T.);
#14066 = EDGE_CURVE('',#14067,#14067,#14069,.T.);
#14067 = VERTEX_POINT('',#14068);
#14068 = CARTESIAN_POINT('',(172.55,-78.9,0.));
#14069 = CIRCLE('',#14070,0.35);
#14070 = AXIS2_PLACEMENT_3D('',#14071,#14072,#14073);
#14071 = CARTESIAN_POINT('',(172.55,-78.55,0.));
#14072 = DIRECTION('',(-0.,0.,-1.));
#14073 = DIRECTION('',(-0.,-1.,0.));
#14074 = FACE_BOUND('',#14075,.F.);
#14075 = EDGE_LOOP('',(#14076));
#14076 = ORIENTED_EDGE('',*,*,#14077,.T.);
#14077 = EDGE_CURVE('',#14078,#14078,#14080,.T.);
#14078 = VERTEX_POINT('',#14079);
#14079 = CARTESIAN_POINT('',(167.,-73.95,0.));
#14080 = CIRCLE('',#14081,0.5);
#14081 = AXIS2_PLACEMENT_3D('',#14082,#14083,#14084);
#14082 = CARTESIAN_POINT('',(167.,-73.45,0.));
#14083 = DIRECTION('',(-0.,0.,-1.));
#14084 = DIRECTION('',(-0.,-1.,0.));
#14085 = FACE_BOUND('',#14086,.F.);
#14086 = EDGE_LOOP('',(#14087));
#14087 = ORIENTED_EDGE('',*,*,#14088,.T.);
#14088 = EDGE_CURVE('',#14089,#14089,#14091,.T.);
#14089 = VERTEX_POINT('',#14090);
#14090 = CARTESIAN_POINT('',(169.54,-73.95,0.));
#14091 = CIRCLE('',#14092,0.5);
#14092 = AXIS2_PLACEMENT_3D('',#14093,#14094,#14095);
#14093 = CARTESIAN_POINT('',(169.54,-73.45,0.));
#14094 = DIRECTION('',(-0.,0.,-1.));
#14095 = DIRECTION('',(-0.,-1.,0.));
#14096 = FACE_BOUND('',#14097,.F.);
#14097 = EDGE_LOOP('',(#14098));
#14098 = ORIENTED_EDGE('',*,*,#14099,.T.);
#14099 = EDGE_CURVE('',#14100,#14100,#14102,.T.);
#14100 = VERTEX_POINT('',#14101);
#14101 = CARTESIAN_POINT('',(172.08,-73.95,0.));
#14102 = CIRCLE('',#14103,0.5);
#14103 = AXIS2_PLACEMENT_3D('',#14104,#14105,#14106);
#14104 = CARTESIAN_POINT('',(172.08,-73.45,0.));
#14105 = DIRECTION('',(-0.,0.,-1.));
#14106 = DIRECTION('',(-0.,-1.,0.));
#14107 = FACE_BOUND('',#14108,.F.);
#14108 = EDGE_LOOP('',(#14109));
#14109 = ORIENTED_EDGE('',*,*,#14110,.T.);
#14110 = EDGE_CURVE('',#14111,#14111,#14113,.T.);
#14111 = VERTEX_POINT('',#14112);
#14112 = CARTESIAN_POINT('',(174.62,-73.95,0.));
#14113 = CIRCLE('',#14114,0.5);
#14114 = AXIS2_PLACEMENT_3D('',#14115,#14116,#14117);
#14115 = CARTESIAN_POINT('',(174.62,-73.45,0.));
#14116 = DIRECTION('',(-0.,0.,-1.));
#14117 = DIRECTION('',(-0.,-1.,0.));
#14118 = FACE_BOUND('',#14119,.F.);
#14119 = EDGE_LOOP('',(#14120));
#14120 = ORIENTED_EDGE('',*,*,#14121,.T.);
#14121 = EDGE_CURVE('',#14122,#14122,#14124,.T.);
#14122 = VERTEX_POINT('',#14123);
#14123 = CARTESIAN_POINT('',(128.2175,-66.8425,0.));
#14124 = CIRCLE('',#14125,0.4);
#14125 = AXIS2_PLACEMENT_3D('',#14126,#14127,#14128);
#14126 = CARTESIAN_POINT('',(128.2175,-66.4425,0.));
#14127 = DIRECTION('',(-0.,0.,-1.));
#14128 = DIRECTION('',(-0.,-1.,0.));
#14129 = FACE_BOUND('',#14130,.F.);
#14130 = EDGE_LOOP('',(#14131));
#14131 = ORIENTED_EDGE('',*,*,#14132,.T.);
#14132 = EDGE_CURVE('',#14133,#14133,#14135,.T.);
#14133 = VERTEX_POINT('',#14134);
#14134 = CARTESIAN_POINT('',(128.2175,-64.8425,0.));
#14135 = CIRCLE('',#14136,0.4);
#14136 = AXIS2_PLACEMENT_3D('',#14137,#14138,#14139);
#14137 = CARTESIAN_POINT('',(128.2175,-64.4425,0.));
#14138 = DIRECTION('',(-0.,0.,-1.));
#14139 = DIRECTION('',(-0.,-1.,0.));
#14140 = FACE_BOUND('',#14141,.F.);
#14141 = EDGE_LOOP('',(#14142));
#14142 = ORIENTED_EDGE('',*,*,#14143,.T.);
#14143 = EDGE_CURVE('',#14144,#14144,#14146,.T.);
#14144 = VERTEX_POINT('',#14145);
#14145 = CARTESIAN_POINT('',(128.2175,-62.8425,0.));
#14146 = CIRCLE('',#14147,0.4);
#14147 = AXIS2_PLACEMENT_3D('',#14148,#14149,#14150);
#14148 = CARTESIAN_POINT('',(128.2175,-62.4425,0.));
#14149 = DIRECTION('',(-0.,0.,-1.));
#14150 = DIRECTION('',(-0.,-1.,0.));
#14151 = FACE_BOUND('',#14152,.F.);
#14152 = EDGE_LOOP('',(#14153));
#14153 = ORIENTED_EDGE('',*,*,#14154,.T.);
#14154 = EDGE_CURVE('',#14155,#14155,#14157,.T.);
#14155 = VERTEX_POINT('',#14156);
#14156 = CARTESIAN_POINT('',(128.2175,-60.8425,0.));
#14157 = CIRCLE('',#14158,0.4);
#14158 = AXIS2_PLACEMENT_3D('',#14159,#14160,#14161);
#14159 = CARTESIAN_POINT('',(128.2175,-60.4425,0.));
#14160 = DIRECTION('',(-0.,0.,-1.));
#14161 = DIRECTION('',(-0.,-1.,0.));
#14162 = FACE_BOUND('',#14163,.F.);
#14163 = EDGE_LOOP('',(#14164));
#14164 = ORIENTED_EDGE('',*,*,#14165,.T.);
#14165 = EDGE_CURVE('',#14166,#14166,#14168,.T.);
#14166 = VERTEX_POINT('',#14167);
#14167 = CARTESIAN_POINT('',(141.8175,-66.8425,0.));
#14168 = CIRCLE('',#14169,0.4);
#14169 = AXIS2_PLACEMENT_3D('',#14170,#14171,#14172);
#14170 = CARTESIAN_POINT('',(141.8175,-66.4425,0.));
#14171 = DIRECTION('',(-0.,0.,-1.));
#14172 = DIRECTION('',(-0.,-1.,0.));
#14173 = FACE_BOUND('',#14174,.F.);
#14174 = EDGE_LOOP('',(#14175));
#14175 = ORIENTED_EDGE('',*,*,#14176,.T.);
#14176 = EDGE_CURVE('',#14177,#14177,#14179,.T.);
#14177 = VERTEX_POINT('',#14178);
#14178 = CARTESIAN_POINT('',(141.8175,-64.8425,0.));
#14179 = CIRCLE('',#14180,0.4);
#14180 = AXIS2_PLACEMENT_3D('',#14181,#14182,#14183);
#14181 = CARTESIAN_POINT('',(141.8175,-64.4425,0.));
#14182 = DIRECTION('',(-0.,0.,-1.));
#14183 = DIRECTION('',(-0.,-1.,0.));
#14184 = FACE_BOUND('',#14185,.F.);
#14185 = EDGE_LOOP('',(#14186));
#14186 = ORIENTED_EDGE('',*,*,#14187,.T.);
#14187 = EDGE_CURVE('',#14188,#14188,#14190,.T.);
#14188 = VERTEX_POINT('',#14189);
#14189 = CARTESIAN_POINT('',(141.8175,-62.8425,0.));
#14190 = CIRCLE('',#14191,0.4);
#14191 = AXIS2_PLACEMENT_3D('',#14192,#14193,#14194);
#14192 = CARTESIAN_POINT('',(141.8175,-62.4425,0.));
#14193 = DIRECTION('',(-0.,0.,-1.));
#14194 = DIRECTION('',(-0.,-1.,0.));
#14195 = FACE_BOUND('',#14196,.F.);
#14196 = EDGE_LOOP('',(#14197));
#14197 = ORIENTED_EDGE('',*,*,#14198,.T.);
#14198 = EDGE_CURVE('',#14199,#14199,#14201,.T.);
#14199 = VERTEX_POINT('',#14200);
#14200 = CARTESIAN_POINT('',(141.8175,-60.8425,0.));
#14201 = CIRCLE('',#14202,0.4);
#14202 = AXIS2_PLACEMENT_3D('',#14203,#14204,#14205);
#14203 = CARTESIAN_POINT('',(141.8175,-60.4425,0.));
#14204 = DIRECTION('',(-0.,0.,-1.));
#14205 = DIRECTION('',(-0.,-1.,0.));
#14206 = FACE_BOUND('',#14207,.F.);
#14207 = EDGE_LOOP('',(#14208));
#14208 = ORIENTED_EDGE('',*,*,#14209,.T.);
#14209 = EDGE_CURVE('',#14210,#14210,#14212,.T.);
#14210 = VERTEX_POINT('',#14211);
#14211 = CARTESIAN_POINT('',(128.2175,-58.8425,0.));
#14212 = CIRCLE('',#14213,0.4);
#14213 = AXIS2_PLACEMENT_3D('',#14214,#14215,#14216);
#14214 = CARTESIAN_POINT('',(128.2175,-58.4425,0.));
#14215 = DIRECTION('',(-0.,0.,-1.));
#14216 = DIRECTION('',(-0.,-1.,0.));
#14217 = FACE_BOUND('',#14218,.F.);
#14218 = EDGE_LOOP('',(#14219));
#14219 = ORIENTED_EDGE('',*,*,#14220,.T.);
#14220 = EDGE_CURVE('',#14221,#14221,#14223,.T.);
#14221 = VERTEX_POINT('',#14222);
#14222 = CARTESIAN_POINT('',(122.9,-58.35,0.));
#14223 = CIRCLE('',#14224,0.35);
#14224 = AXIS2_PLACEMENT_3D('',#14225,#14226,#14227);
#14225 = CARTESIAN_POINT('',(122.9,-58.,0.));
#14226 = DIRECTION('',(-0.,0.,-1.));
#14227 = DIRECTION('',(-0.,-1.,0.));
#14228 = FACE_BOUND('',#14229,.F.);
#14229 = EDGE_LOOP('',(#14230));
#14230 = ORIENTED_EDGE('',*,*,#14231,.T.);
#14231 = EDGE_CURVE('',#14232,#14232,#14234,.T.);
#14232 = VERTEX_POINT('',#14233);
#14233 = CARTESIAN_POINT('',(120.225,-54.55,0.));
#14234 = CIRCLE('',#14235,0.35);
#14235 = AXIS2_PLACEMENT_3D('',#14236,#14237,#14238);
#14236 = CARTESIAN_POINT('',(120.225,-54.2,0.));
#14237 = DIRECTION('',(-0.,0.,-1.));
#14238 = DIRECTION('',(-0.,-1.,0.));
#14239 = FACE_BOUND('',#14240,.F.);
#14240 = EDGE_LOOP('',(#14241));
#14241 = ORIENTED_EDGE('',*,*,#14242,.T.);
#14242 = EDGE_CURVE('',#14243,#14243,#14245,.T.);
#14243 = VERTEX_POINT('',#14244);
#14244 = CARTESIAN_POINT('',(128.2175,-56.8425,0.));
#14245 = CIRCLE('',#14246,0.4);
#14246 = AXIS2_PLACEMENT_3D('',#14247,#14248,#14249);
#14247 = CARTESIAN_POINT('',(128.2175,-56.4425,0.));
#14248 = DIRECTION('',(-0.,0.,-1.));
#14249 = DIRECTION('',(-0.,-1.,0.));
#14250 = FACE_BOUND('',#14251,.F.);
#14251 = EDGE_LOOP('',(#14252));
#14252 = ORIENTED_EDGE('',*,*,#14253,.T.);
#14253 = EDGE_CURVE('',#14254,#14254,#14256,.T.);
#14254 = VERTEX_POINT('',#14255);
#14255 = CARTESIAN_POINT('',(141.8175,-58.8425,0.));
#14256 = CIRCLE('',#14257,0.4);
#14257 = AXIS2_PLACEMENT_3D('',#14258,#14259,#14260);
#14258 = CARTESIAN_POINT('',(141.8175,-58.4425,0.));
#14259 = DIRECTION('',(-0.,0.,-1.));
#14260 = DIRECTION('',(-0.,-1.,0.));
#14261 = FACE_BOUND('',#14262,.F.);
#14262 = EDGE_LOOP('',(#14263));
#14263 = ORIENTED_EDGE('',*,*,#14264,.T.);
#14264 = EDGE_CURVE('',#14265,#14265,#14267,.T.);
#14265 = VERTEX_POINT('',#14266);
#14266 = CARTESIAN_POINT('',(141.8175,-56.8425,0.));
#14267 = CIRCLE('',#14268,0.4);
#14268 = AXIS2_PLACEMENT_3D('',#14269,#14270,#14271);
#14269 = CARTESIAN_POINT('',(141.8175,-56.4425,0.));
#14270 = DIRECTION('',(-0.,0.,-1.));
#14271 = DIRECTION('',(-0.,-1.,0.));
#14272 = FACE_BOUND('',#14273,.F.);
#14273 = EDGE_LOOP('',(#14274));
#14274 = ORIENTED_EDGE('',*,*,#14275,.T.);
#14275 = EDGE_CURVE('',#14276,#14276,#14278,.T.);
#14276 = VERTEX_POINT('',#14277);
#14277 = CARTESIAN_POINT('',(144.925,-54.45,0.));
#14278 = CIRCLE('',#14279,0.35);
#14279 = AXIS2_PLACEMENT_3D('',#14280,#14281,#14282);
#14280 = CARTESIAN_POINT('',(144.925,-54.1,0.));
#14281 = DIRECTION('',(-0.,0.,-1.));
#14282 = DIRECTION('',(-0.,-1.,0.));
#14283 = FACE_BOUND('',#14284,.F.);
#14284 = EDGE_LOOP('',(#14285));
#14285 = ORIENTED_EDGE('',*,*,#14286,.T.);
#14286 = EDGE_CURVE('',#14287,#14287,#14289,.T.);
#14287 = VERTEX_POINT('',#14288);
#14288 = CARTESIAN_POINT('',(148.425,-66.962,0.));
#14289 = CIRCLE('',#14290,0.762);
#14290 = AXIS2_PLACEMENT_3D('',#14291,#14292,#14293);
#14291 = CARTESIAN_POINT('',(148.425,-66.2,0.));
#14292 = DIRECTION('',(-0.,0.,-1.));
#14293 = DIRECTION('',(-0.,-1.,0.));
#14294 = FACE_BOUND('',#14295,.F.);
#14295 = EDGE_LOOP('',(#14296));
#14296 = ORIENTED_EDGE('',*,*,#14297,.T.);
#14297 = EDGE_CURVE('',#14298,#14298,#14300,.T.);
#14298 = VERTEX_POINT('',#14299);
#14299 = CARTESIAN_POINT('',(154.775,-66.962,0.));
#14300 = CIRCLE('',#14301,0.762);
#14301 = AXIS2_PLACEMENT_3D('',#14302,#14303,#14304);
#14302 = CARTESIAN_POINT('',(154.775,-66.2,0.));
#14303 = DIRECTION('',(-0.,0.,-1.));
#14304 = DIRECTION('',(-0.,-1.,0.));
#14305 = FACE_BOUND('',#14306,.F.);
#14306 = EDGE_LOOP('',(#14307));
#14307 = ORIENTED_EDGE('',*,*,#14308,.T.);
#14308 = EDGE_CURVE('',#14309,#14309,#14311,.T.);
#14309 = VERTEX_POINT('',#14310);
#14310 = CARTESIAN_POINT('',(151.6,-63.66,0.));
#14311 = CIRCLE('',#14312,0.635);
#14312 = AXIS2_PLACEMENT_3D('',#14313,#14314,#14315);
#14313 = CARTESIAN_POINT('',(151.6,-63.025,0.));
#14314 = DIRECTION('',(-0.,0.,-1.));
#14315 = DIRECTION('',(-4.475859752819E-14,-1.,0.));
#14316 = FACE_BOUND('',#14317,.F.);
#14317 = EDGE_LOOP('',(#14318));
#14318 = ORIENTED_EDGE('',*,*,#14319,.T.);
#14319 = EDGE_CURVE('',#14320,#14320,#14322,.T.);
#14320 = VERTEX_POINT('',#14321);
#14321 = CARTESIAN_POINT('',(148.425,-60.612,0.));
#14322 = CIRCLE('',#14323,0.762);
#14323 = AXIS2_PLACEMENT_3D('',#14324,#14325,#14326);
#14324 = CARTESIAN_POINT('',(148.425,-59.85,0.));
#14325 = DIRECTION('',(-0.,0.,-1.));
#14326 = DIRECTION('',(-0.,-1.,0.));
#14327 = FACE_BOUND('',#14328,.F.);
#14328 = EDGE_LOOP('',(#14329));
#14329 = ORIENTED_EDGE('',*,*,#14330,.T.);
#14330 = EDGE_CURVE('',#14331,#14331,#14333,.T.);
#14331 = VERTEX_POINT('',#14332);
#14332 = CARTESIAN_POINT('',(154.775,-60.612,0.));
#14333 = CIRCLE('',#14334,0.762);
#14334 = AXIS2_PLACEMENT_3D('',#14335,#14336,#14337);
#14335 = CARTESIAN_POINT('',(154.775,-59.85,0.));
#14336 = DIRECTION('',(-0.,0.,-1.));
#14337 = DIRECTION('',(-0.,-1.,0.));
#14338 = FACE_BOUND('',#14339,.F.);
#14339 = EDGE_LOOP('',(#14340));
#14340 = ORIENTED_EDGE('',*,*,#14341,.T.);
#14341 = EDGE_CURVE('',#14342,#14342,#14344,.T.);
#14342 = VERTEX_POINT('',#14343);
#14343 = CARTESIAN_POINT('',(150.6,-55.6,0.));
#14344 = CIRCLE('',#14345,0.35);
#14345 = AXIS2_PLACEMENT_3D('',#14346,#14347,#14348);
#14346 = CARTESIAN_POINT('',(150.6,-55.25,0.));
#14347 = DIRECTION('',(-0.,0.,-1.));
#14348 = DIRECTION('',(-0.,-1.,0.));
#14349 = FACE_BOUND('',#14350,.F.);
#14350 = EDGE_LOOP('',(#14351));
#14351 = ORIENTED_EDGE('',*,*,#14352,.F.);
#14352 = EDGE_CURVE('',#14353,#14353,#14355,.T.);
#14353 = VERTEX_POINT('',#14354);
#14354 = CARTESIAN_POINT('',(179.4,-56.9,0.));
#14355 = CIRCLE('',#14356,3.5);
#14356 = AXIS2_PLACEMENT_3D('',#14357,#14358,#14359);
#14357 = CARTESIAN_POINT('',(175.9,-56.9,0.));
#14358 = DIRECTION('',(0.,0.,1.));
#14359 = DIRECTION('',(1.,0.,-0.));
#14360 = FACE_BOUND('',#14361,.F.);
#14361 = EDGE_LOOP('',(#14362));
#14362 = ORIENTED_EDGE('',*,*,#14363,.T.);
#14363 = EDGE_CURVE('',#14364,#14364,#14366,.T.);
#14364 = VERTEX_POINT('',#14365);
#14365 = CARTESIAN_POINT('',(163.05,-54.65,0.));
#14366 = CIRCLE('',#14367,0.35);
#14367 = AXIS2_PLACEMENT_3D('',#14368,#14369,#14370);
#14368 = CARTESIAN_POINT('',(163.05,-54.3,0.));
#14369 = DIRECTION('',(-0.,0.,-1.));
#14370 = DIRECTION('',(-0.,-1.,0.));
#14371 = PLANE('',#14372);
#14372 = AXIS2_PLACEMENT_3D('',#14373,#14374,#14375);
#14373 = CARTESIAN_POINT('',(0.,0.,0.));
#14374 = DIRECTION('',(0.,0.,1.));
#14375 = DIRECTION('',(1.,0.,-0.));
#14376 = ADVANCED_FACE('',(#14377,#14388,#14399,#14410,#14421,#14432,
    #14443,#14454,#14465,#14476,#14487,#14498,#14509,#14520,#14531,
    #14542,#14553,#14564,#14575,#14586,#14597,#14608,#14619,#14630,
    #14641,#14652,#14663,#14674,#14685,#14696,#14707,#14718,#14729,
    #14740,#14751,#14762,#14773,#14784,#14795,#14806,#14817,#14828,
    #14839,#14850,#14861,#14872,#14883,#14894,#14905,#14916,#14927,
    #14938,#14949,#14960,#14971,#14982,#14993,#15004,#15015,#15026,
    #15037,#15048,#15059,#15070,#15081,#15092,#15103,#15114,#15125,
    #15136,#15147,#15158,#15169,#15180,#15191,#15202,#15213,#15224,
    #15235,#15246,#15257,#15268,#15279,#15290,#15301,#15312,#15323,
    #15334,#15345,#15356,#15367,#15378,#15389,#15400,#15411,#15422,
    #15433,#15444,#15455,#15466,#15477,#15488,#15499,#15510,#15521,
    #15532,#15543,#15554,#15565,#15576,#15587,#15598,#15609,#15620,
    #15631,#15642,#15653,#15664,#15675,#15686,#15697,#15708,#15719,
    #15730,#15741,#15752,#15763,#15774,#15785,#15796,#15807,#15818,
    #15829,#15840),#15851,.T.);
#14377 = FACE_BOUND('',#14378,.T.);
#14378 = EDGE_LOOP('',(#14379,#14380,#14381,#14387));
#14379 = ORIENTED_EDGE('',*,*,#12808,.F.);
#14380 = ORIENTED_EDGE('',*,*,#12848,.F.);
#14381 = ORIENTED_EDGE('',*,*,#14382,.F.);
#14382 = EDGE_CURVE('',#12871,#12841,#14383,.T.);
#14383 = LINE('',#14384,#14385);
#14384 = CARTESIAN_POINT('',(45.,-50.,1.51));
#14385 = VECTOR('',#14386,1.);
#14386 = DIRECTION('',(1.,0.,0.));
#14387 = ORIENTED_EDGE('',*,*,#12870,.F.);
#14388 = FACE_BOUND('',#14389,.T.);
#14389 = EDGE_LOOP('',(#14390));
#14390 = ORIENTED_EDGE('',*,*,#14391,.F.);
#14391 = EDGE_CURVE('',#14392,#14392,#14394,.T.);
#14392 = VERTEX_POINT('',#14393);
#14393 = CARTESIAN_POINT('',(78.9,-105.75,1.51));
#14394 = CIRCLE('',#14395,3.5);
#14395 = AXIS2_PLACEMENT_3D('',#14396,#14397,#14398);
#14396 = CARTESIAN_POINT('',(75.4,-105.75,1.51));
#14397 = DIRECTION('',(0.,0.,1.));
#14398 = DIRECTION('',(1.,0.,-0.));
#14399 = FACE_BOUND('',#14400,.T.);
#14400 = EDGE_LOOP('',(#14401));
#14401 = ORIENTED_EDGE('',*,*,#14402,.T.);
#14402 = EDGE_CURVE('',#14403,#14403,#14405,.T.);
#14403 = VERTEX_POINT('',#14404);
#14404 = CARTESIAN_POINT('',(111.71,-106.54,1.51));
#14405 = CIRCLE('',#14406,0.5);
#14406 = AXIS2_PLACEMENT_3D('',#14407,#14408,#14409);
#14407 = CARTESIAN_POINT('',(111.71,-106.04,1.51));
#14408 = DIRECTION('',(-0.,0.,-1.));
#14409 = DIRECTION('',(-0.,-1.,0.));
#14410 = FACE_BOUND('',#14411,.T.);
#14411 = EDGE_LOOP('',(#14412));
#14412 = ORIENTED_EDGE('',*,*,#14413,.T.);
#14413 = EDGE_CURVE('',#14414,#14414,#14416,.T.);
#14414 = VERTEX_POINT('',#14415);
#14415 = CARTESIAN_POINT('',(111.71,-104.,1.51));
#14416 = CIRCLE('',#14417,0.5);
#14417 = AXIS2_PLACEMENT_3D('',#14418,#14419,#14420);
#14418 = CARTESIAN_POINT('',(111.71,-103.5,1.51));
#14419 = DIRECTION('',(-0.,0.,-1.));
#14420 = DIRECTION('',(-0.,-1.,0.));
#14421 = FACE_BOUND('',#14422,.T.);
#14422 = EDGE_LOOP('',(#14423));
#14423 = ORIENTED_EDGE('',*,*,#14424,.T.);
#14424 = EDGE_CURVE('',#14425,#14425,#14427,.T.);
#14425 = VERTEX_POINT('',#14426);
#14426 = CARTESIAN_POINT('',(87.05,-101.475,1.51));
#14427 = CIRCLE('',#14428,0.375);
#14428 = AXIS2_PLACEMENT_3D('',#14429,#14430,#14431);
#14429 = CARTESIAN_POINT('',(87.05,-101.1,1.51));
#14430 = DIRECTION('',(-0.,0.,-1.));
#14431 = DIRECTION('',(-0.,-1.,0.));
#14432 = FACE_BOUND('',#14433,.T.);
#14433 = EDGE_LOOP('',(#14434));
#14434 = ORIENTED_EDGE('',*,*,#14435,.T.);
#14435 = EDGE_CURVE('',#14436,#14436,#14438,.T.);
#14436 = VERTEX_POINT('',#14437);
#14437 = CARTESIAN_POINT('',(88.78,-101.475,1.51));
#14438 = CIRCLE('',#14439,0.375);
#14439 = AXIS2_PLACEMENT_3D('',#14440,#14441,#14442);
#14440 = CARTESIAN_POINT('',(88.78,-101.1,1.51));
#14441 = DIRECTION('',(-0.,0.,-1.));
#14442 = DIRECTION('',(-0.,-1.,0.));
#14443 = FACE_BOUND('',#14444,.T.);
#14444 = EDGE_LOOP('',(#14445));
#14445 = ORIENTED_EDGE('',*,*,#14446,.T.);
#14446 = EDGE_CURVE('',#14447,#14447,#14449,.T.);
#14447 = VERTEX_POINT('',#14448);
#14448 = CARTESIAN_POINT('',(90.51,-101.475,1.51));
#14449 = CIRCLE('',#14450,0.375);
#14450 = AXIS2_PLACEMENT_3D('',#14451,#14452,#14453);
#14451 = CARTESIAN_POINT('',(90.51,-101.1,1.51));
#14452 = DIRECTION('',(-0.,0.,-1.));
#14453 = DIRECTION('',(-0.,-1.,0.));
#14454 = FACE_BOUND('',#14455,.T.);
#14455 = EDGE_LOOP('',(#14456));
#14456 = ORIENTED_EDGE('',*,*,#14457,.T.);
#14457 = EDGE_CURVE('',#14458,#14458,#14460,.T.);
#14458 = VERTEX_POINT('',#14459);
#14459 = CARTESIAN_POINT('',(95.35,-101.65,1.51));
#14460 = CIRCLE('',#14461,0.5);
#14461 = AXIS2_PLACEMENT_3D('',#14462,#14463,#14464);
#14462 = CARTESIAN_POINT('',(95.35,-101.15,1.51));
#14463 = DIRECTION('',(-0.,0.,-1.));
#14464 = DIRECTION('',(-0.,-1.,0.));
#14465 = FACE_BOUND('',#14466,.T.);
#14466 = EDGE_LOOP('',(#14467));
#14467 = ORIENTED_EDGE('',*,*,#14468,.T.);
#14468 = EDGE_CURVE('',#14469,#14469,#14471,.T.);
#14469 = VERTEX_POINT('',#14470);
#14470 = CARTESIAN_POINT('',(102.95,-101.65,1.51));
#14471 = CIRCLE('',#14472,0.5);
#14472 = AXIS2_PLACEMENT_3D('',#14473,#14474,#14475);
#14473 = CARTESIAN_POINT('',(102.95,-101.15,1.51));
#14474 = DIRECTION('',(-0.,0.,-1.));
#14475 = DIRECTION('',(-0.,-1.,0.));
#14476 = FACE_BOUND('',#14477,.T.);
#14477 = EDGE_LOOP('',(#14478));
#14478 = ORIENTED_EDGE('',*,*,#14479,.T.);
#14479 = EDGE_CURVE('',#14480,#14480,#14482,.T.);
#14480 = VERTEX_POINT('',#14481);
#14481 = CARTESIAN_POINT('',(111.71,-101.46,1.51));
#14482 = CIRCLE('',#14483,0.5);
#14483 = AXIS2_PLACEMENT_3D('',#14484,#14485,#14486);
#14484 = CARTESIAN_POINT('',(111.71,-100.96,1.51));
#14485 = DIRECTION('',(-0.,0.,-1.));
#14486 = DIRECTION('',(-0.,-1.,0.));
#14487 = FACE_BOUND('',#14488,.T.);
#14488 = EDGE_LOOP('',(#14489));
#14489 = ORIENTED_EDGE('',*,*,#14490,.T.);
#14490 = EDGE_CURVE('',#14491,#14491,#14493,.T.);
#14491 = VERTEX_POINT('',#14492);
#14492 = CARTESIAN_POINT('',(51.79,-89.5,1.51));
#14493 = CIRCLE('',#14494,0.5);
#14494 = AXIS2_PLACEMENT_3D('',#14495,#14496,#14497);
#14495 = CARTESIAN_POINT('',(51.79,-89.,1.51));
#14496 = DIRECTION('',(-0.,0.,-1.));
#14497 = DIRECTION('',(-0.,-1.,0.));
#14498 = FACE_BOUND('',#14499,.T.);
#14499 = EDGE_LOOP('',(#14500));
#14500 = ORIENTED_EDGE('',*,*,#14501,.T.);
#14501 = EDGE_CURVE('',#14502,#14502,#14504,.T.);
#14502 = VERTEX_POINT('',#14503);
#14503 = CARTESIAN_POINT('',(54.33,-89.5,1.51));
#14504 = CIRCLE('',#14505,0.5);
#14505 = AXIS2_PLACEMENT_3D('',#14506,#14507,#14508);
#14506 = CARTESIAN_POINT('',(54.33,-89.,1.51));
#14507 = DIRECTION('',(-0.,0.,-1.));
#14508 = DIRECTION('',(-0.,-1.,0.));
#14509 = FACE_BOUND('',#14510,.T.);
#14510 = EDGE_LOOP('',(#14511));
#14511 = ORIENTED_EDGE('',*,*,#14512,.T.);
#14512 = EDGE_CURVE('',#14513,#14513,#14515,.T.);
#14513 = VERTEX_POINT('',#14514);
#14514 = CARTESIAN_POINT('',(56.87,-89.5,1.51));
#14515 = CIRCLE('',#14516,0.5);
#14516 = AXIS2_PLACEMENT_3D('',#14517,#14518,#14519);
#14517 = CARTESIAN_POINT('',(56.87,-89.,1.51));
#14518 = DIRECTION('',(-0.,0.,-1.));
#14519 = DIRECTION('',(-0.,-1.,0.));
#14520 = FACE_BOUND('',#14521,.T.);
#14521 = EDGE_LOOP('',(#14522));
#14522 = ORIENTED_EDGE('',*,*,#14523,.T.);
#14523 = EDGE_CURVE('',#14524,#14524,#14526,.T.);
#14524 = VERTEX_POINT('',#14525);
#14525 = CARTESIAN_POINT('',(59.41,-89.5,1.51));
#14526 = CIRCLE('',#14527,0.5);
#14527 = AXIS2_PLACEMENT_3D('',#14528,#14529,#14530);
#14528 = CARTESIAN_POINT('',(59.41,-89.,1.51));
#14529 = DIRECTION('',(-0.,0.,-1.));
#14530 = DIRECTION('',(-0.,-1.,0.));
#14531 = FACE_BOUND('',#14532,.T.);
#14532 = EDGE_LOOP('',(#14533));
#14533 = ORIENTED_EDGE('',*,*,#14534,.T.);
#14534 = EDGE_CURVE('',#14535,#14535,#14537,.T.);
#14535 = VERTEX_POINT('',#14536);
#14536 = CARTESIAN_POINT('',(61.95,-89.5,1.51));
#14537 = CIRCLE('',#14538,0.5);
#14538 = AXIS2_PLACEMENT_3D('',#14539,#14540,#14541);
#14539 = CARTESIAN_POINT('',(61.95,-89.,1.51));
#14540 = DIRECTION('',(-0.,0.,-1.));
#14541 = DIRECTION('',(-0.,-1.,0.));
#14542 = FACE_BOUND('',#14543,.T.);
#14543 = EDGE_LOOP('',(#14544));
#14544 = ORIENTED_EDGE('',*,*,#14545,.T.);
#14545 = EDGE_CURVE('',#14546,#14546,#14548,.T.);
#14546 = VERTEX_POINT('',#14547);
#14547 = CARTESIAN_POINT('',(67.3,-89.55,1.51));
#14548 = CIRCLE('',#14549,0.5);
#14549 = AXIS2_PLACEMENT_3D('',#14550,#14551,#14552);
#14550 = CARTESIAN_POINT('',(67.3,-89.05,1.51));
#14551 = DIRECTION('',(-0.,0.,-1.));
#14552 = DIRECTION('',(-0.,-1.,0.));
#14553 = FACE_BOUND('',#14554,.T.);
#14554 = EDGE_LOOP('',(#14555));
#14555 = ORIENTED_EDGE('',*,*,#14556,.T.);
#14556 = EDGE_CURVE('',#14557,#14557,#14559,.T.);
#14557 = VERTEX_POINT('',#14558);
#14558 = CARTESIAN_POINT('',(69.84,-89.55,1.51));
#14559 = CIRCLE('',#14560,0.5);
#14560 = AXIS2_PLACEMENT_3D('',#14561,#14562,#14563);
#14561 = CARTESIAN_POINT('',(69.84,-89.05,1.51));
#14562 = DIRECTION('',(-0.,0.,-1.));
#14563 = DIRECTION('',(-0.,-1.,0.));
#14564 = FACE_BOUND('',#14565,.T.);
#14565 = EDGE_LOOP('',(#14566));
#14566 = ORIENTED_EDGE('',*,*,#14567,.T.);
#14567 = EDGE_CURVE('',#14568,#14568,#14570,.T.);
#14568 = VERTEX_POINT('',#14569);
#14569 = CARTESIAN_POINT('',(72.38,-89.55,1.51));
#14570 = CIRCLE('',#14571,0.5);
#14571 = AXIS2_PLACEMENT_3D('',#14572,#14573,#14574);
#14572 = CARTESIAN_POINT('',(72.38,-89.05,1.51));
#14573 = DIRECTION('',(-0.,0.,-1.));
#14574 = DIRECTION('',(-0.,-1.,0.));
#14575 = FACE_BOUND('',#14576,.T.);
#14576 = EDGE_LOOP('',(#14577));
#14577 = ORIENTED_EDGE('',*,*,#14578,.T.);
#14578 = EDGE_CURVE('',#14579,#14579,#14581,.T.);
#14579 = VERTEX_POINT('',#14580);
#14580 = CARTESIAN_POINT('',(74.92,-89.55,1.51));
#14581 = CIRCLE('',#14582,0.5);
#14582 = AXIS2_PLACEMENT_3D('',#14583,#14584,#14585);
#14583 = CARTESIAN_POINT('',(74.92,-89.05,1.51));
#14584 = DIRECTION('',(-0.,0.,-1.));
#14585 = DIRECTION('',(-0.,-1.,0.));
#14586 = FACE_BOUND('',#14587,.T.);
#14587 = EDGE_LOOP('',(#14588));
#14588 = ORIENTED_EDGE('',*,*,#14589,.T.);
#14589 = EDGE_CURVE('',#14590,#14590,#14592,.T.);
#14590 = VERTEX_POINT('',#14591);
#14591 = CARTESIAN_POINT('',(77.46,-89.55,1.51));
#14592 = CIRCLE('',#14593,0.5);
#14593 = AXIS2_PLACEMENT_3D('',#14594,#14595,#14596);
#14594 = CARTESIAN_POINT('',(77.46,-89.05,1.51));
#14595 = DIRECTION('',(-0.,0.,-1.));
#14596 = DIRECTION('',(-0.,-1.,0.));
#14597 = FACE_BOUND('',#14598,.T.);
#14598 = EDGE_LOOP('',(#14599));
#14599 = ORIENTED_EDGE('',*,*,#14600,.T.);
#14600 = EDGE_CURVE('',#14601,#14601,#14603,.T.);
#14601 = VERTEX_POINT('',#14602);
#14602 = CARTESIAN_POINT('',(80.,-89.55,1.51));
#14603 = CIRCLE('',#14604,0.5);
#14604 = AXIS2_PLACEMENT_3D('',#14605,#14606,#14607);
#14605 = CARTESIAN_POINT('',(80.,-89.05,1.51));
#14606 = DIRECTION('',(-0.,0.,-1.));
#14607 = DIRECTION('',(-0.,-1.,0.));
#14608 = FACE_BOUND('',#14609,.T.);
#14609 = EDGE_LOOP('',(#14610));
#14610 = ORIENTED_EDGE('',*,*,#14611,.T.);
#14611 = EDGE_CURVE('',#14612,#14612,#14614,.T.);
#14612 = VERTEX_POINT('',#14613);
#14613 = CARTESIAN_POINT('',(48.2,-82.5,1.51));
#14614 = CIRCLE('',#14615,0.35);
#14615 = AXIS2_PLACEMENT_3D('',#14616,#14617,#14618);
#14616 = CARTESIAN_POINT('',(48.2,-82.15,1.51));
#14617 = DIRECTION('',(-0.,0.,-1.));
#14618 = DIRECTION('',(-0.,-1.,0.));
#14619 = FACE_BOUND('',#14620,.T.);
#14620 = EDGE_LOOP('',(#14621));
#14621 = ORIENTED_EDGE('',*,*,#14622,.T.);
#14622 = EDGE_CURVE('',#14623,#14623,#14625,.T.);
#14623 = VERTEX_POINT('',#14624);
#14624 = CARTESIAN_POINT('',(60.95,-83.95,1.51));
#14625 = CIRCLE('',#14626,0.35);
#14626 = AXIS2_PLACEMENT_3D('',#14627,#14628,#14629);
#14627 = CARTESIAN_POINT('',(60.95,-83.6,1.51));
#14628 = DIRECTION('',(-0.,0.,-1.));
#14629 = DIRECTION('',(-0.,-1.,0.));
#14630 = FACE_BOUND('',#14631,.T.);
#14631 = EDGE_LOOP('',(#14632));
#14632 = ORIENTED_EDGE('',*,*,#14633,.T.);
#14633 = EDGE_CURVE('',#14634,#14634,#14636,.T.);
#14634 = VERTEX_POINT('',#14635);
#14635 = CARTESIAN_POINT('',(65.9,-82.85,1.51));
#14636 = CIRCLE('',#14637,0.35);
#14637 = AXIS2_PLACEMENT_3D('',#14638,#14639,#14640);
#14638 = CARTESIAN_POINT('',(65.9,-82.5,1.51));
#14639 = DIRECTION('',(-0.,0.,-1.));
#14640 = DIRECTION('',(-0.,-1.,0.));
#14641 = FACE_BOUND('',#14642,.T.);
#14642 = EDGE_LOOP('',(#14643));
#14643 = ORIENTED_EDGE('',*,*,#14644,.T.);
#14644 = EDGE_CURVE('',#14645,#14645,#14647,.T.);
#14645 = VERTEX_POINT('',#14646);
#14646 = CARTESIAN_POINT('',(71.,-83.,1.51));
#14647 = CIRCLE('',#14648,0.35);
#14648 = AXIS2_PLACEMENT_3D('',#14649,#14650,#14651);
#14649 = CARTESIAN_POINT('',(71.,-82.65,1.51));
#14650 = DIRECTION('',(-0.,0.,-1.));
#14651 = DIRECTION('',(-0.,-1.,0.));
#14652 = FACE_BOUND('',#14653,.T.);
#14653 = EDGE_LOOP('',(#14654));
#14654 = ORIENTED_EDGE('',*,*,#14655,.T.);
#14655 = EDGE_CURVE('',#14656,#14656,#14658,.T.);
#14656 = VERTEX_POINT('',#14657);
#14657 = CARTESIAN_POINT('',(89.2,-95.49,1.51));
#14658 = CIRCLE('',#14659,0.35);
#14659 = AXIS2_PLACEMENT_3D('',#14660,#14661,#14662);
#14660 = CARTESIAN_POINT('',(89.2,-95.14,1.51));
#14661 = DIRECTION('',(-0.,0.,-1.));
#14662 = DIRECTION('',(4.060244204343E-14,-1.,-0.));
#14663 = FACE_BOUND('',#14664,.T.);
#14664 = EDGE_LOOP('',(#14665));
#14665 = ORIENTED_EDGE('',*,*,#14666,.T.);
#14666 = EDGE_CURVE('',#14667,#14667,#14669,.T.);
#14667 = VERTEX_POINT('',#14668);
#14668 = CARTESIAN_POINT('',(82.54,-89.55,1.51));
#14669 = CIRCLE('',#14670,0.5);
#14670 = AXIS2_PLACEMENT_3D('',#14671,#14672,#14673);
#14671 = CARTESIAN_POINT('',(82.54,-89.05,1.51));
#14672 = DIRECTION('',(-0.,0.,-1.));
#14673 = DIRECTION('',(-0.,-1.,0.));
#14674 = FACE_BOUND('',#14675,.T.);
#14675 = EDGE_LOOP('',(#14676));
#14676 = ORIENTED_EDGE('',*,*,#14677,.T.);
#14677 = EDGE_CURVE('',#14678,#14678,#14680,.T.);
#14678 = VERTEX_POINT('',#14679);
#14679 = CARTESIAN_POINT('',(89.2,-90.41,1.51));
#14680 = CIRCLE('',#14681,0.35);
#14681 = AXIS2_PLACEMENT_3D('',#14682,#14683,#14684);
#14682 = CARTESIAN_POINT('',(89.2,-90.06,1.51));
#14683 = DIRECTION('',(-0.,0.,-1.));
#14684 = DIRECTION('',(4.060244204343E-14,-1.,-0.));
#14685 = FACE_BOUND('',#14686,.T.);
#14686 = EDGE_LOOP('',(#14687));
#14687 = ORIENTED_EDGE('',*,*,#14688,.T.);
#14688 = EDGE_CURVE('',#14689,#14689,#14691,.T.);
#14689 = VERTEX_POINT('',#14690);
#14690 = CARTESIAN_POINT('',(103.4,-92.95,1.51));
#14691 = CIRCLE('',#14692,0.35);
#14692 = AXIS2_PLACEMENT_3D('',#14693,#14694,#14695);
#14693 = CARTESIAN_POINT('',(103.4,-92.6,1.51));
#14694 = DIRECTION('',(-0.,0.,-1.));
#14695 = DIRECTION('',(-0.,-1.,0.));
#14696 = FACE_BOUND('',#14697,.T.);
#14697 = EDGE_LOOP('',(#14698));
#14698 = ORIENTED_EDGE('',*,*,#14699,.T.);
#14699 = EDGE_CURVE('',#14700,#14700,#14702,.T.);
#14700 = VERTEX_POINT('',#14701);
#14701 = CARTESIAN_POINT('',(89.5,-84.1,1.51));
#14702 = CIRCLE('',#14703,0.35);
#14703 = AXIS2_PLACEMENT_3D('',#14704,#14705,#14706);
#14704 = CARTESIAN_POINT('',(89.5,-83.75,1.51));
#14705 = DIRECTION('',(-0.,0.,-1.));
#14706 = DIRECTION('',(-0.,-1.,0.));
#14707 = FACE_BOUND('',#14708,.T.);
#14708 = EDGE_LOOP('',(#14709));
#14709 = ORIENTED_EDGE('',*,*,#14710,.T.);
#14710 = EDGE_CURVE('',#14711,#14711,#14713,.T.);
#14711 = VERTEX_POINT('',#14712);
#14712 = CARTESIAN_POINT('',(109.5,-85.85,1.51));
#14713 = CIRCLE('',#14714,0.35);
#14714 = AXIS2_PLACEMENT_3D('',#14715,#14716,#14717);
#14715 = CARTESIAN_POINT('',(109.5,-85.5,1.51));
#14716 = DIRECTION('',(-0.,0.,-1.));
#14717 = DIRECTION('',(-0.,-1.,0.));
#14718 = FACE_BOUND('',#14719,.T.);
#14719 = EDGE_LOOP('',(#14720));
#14720 = ORIENTED_EDGE('',*,*,#14721,.T.);
#14721 = EDGE_CURVE('',#14722,#14722,#14724,.T.);
#14722 = VERTEX_POINT('',#14723);
#14723 = CARTESIAN_POINT('',(117.25,-106.54,1.51));
#14724 = CIRCLE('',#14725,0.5);
#14725 = AXIS2_PLACEMENT_3D('',#14726,#14727,#14728);
#14726 = CARTESIAN_POINT('',(117.25,-106.04,1.51));
#14727 = DIRECTION('',(-0.,0.,-1.));
#14728 = DIRECTION('',(-0.,-1.,0.));
#14729 = FACE_BOUND('',#14730,.T.);
#14730 = EDGE_LOOP('',(#14731));
#14731 = ORIENTED_EDGE('',*,*,#14732,.T.);
#14732 = EDGE_CURVE('',#14733,#14733,#14735,.T.);
#14733 = VERTEX_POINT('',#14734);
#14734 = CARTESIAN_POINT('',(123.6,-106.35,1.51));
#14735 = CIRCLE('',#14736,0.5);
#14736 = AXIS2_PLACEMENT_3D('',#14737,#14738,#14739);
#14737 = CARTESIAN_POINT('',(123.6,-105.85,1.51));
#14738 = DIRECTION('',(-0.,0.,-1.));
#14739 = DIRECTION('',(-0.,-1.,0.));
#14740 = FACE_BOUND('',#14741,.T.);
#14741 = EDGE_LOOP('',(#14742));
#14742 = ORIENTED_EDGE('',*,*,#14743,.T.);
#14743 = EDGE_CURVE('',#14744,#14744,#14746,.T.);
#14744 = VERTEX_POINT('',#14745);
#14745 = CARTESIAN_POINT('',(117.25,-104.,1.51));
#14746 = CIRCLE('',#14747,0.5);
#14747 = AXIS2_PLACEMENT_3D('',#14748,#14749,#14750);
#14748 = CARTESIAN_POINT('',(117.25,-103.5,1.51));
#14749 = DIRECTION('',(-0.,0.,-1.));
#14750 = DIRECTION('',(-0.,-1.,0.));
#14751 = FACE_BOUND('',#14752,.T.);
#14752 = EDGE_LOOP('',(#14753));
#14753 = ORIENTED_EDGE('',*,*,#14754,.T.);
#14754 = EDGE_CURVE('',#14755,#14755,#14757,.T.);
#14755 = VERTEX_POINT('',#14756);
#14756 = CARTESIAN_POINT('',(123.6,-103.85,1.51));
#14757 = CIRCLE('',#14758,0.5);
#14758 = AXIS2_PLACEMENT_3D('',#14759,#14760,#14761);
#14759 = CARTESIAN_POINT('',(123.6,-103.35,1.51));
#14760 = DIRECTION('',(-0.,0.,-1.));
#14761 = DIRECTION('',(-0.,-1.,0.));
#14762 = FACE_BOUND('',#14763,.T.);
#14763 = EDGE_LOOP('',(#14764));
#14764 = ORIENTED_EDGE('',*,*,#14765,.T.);
#14765 = EDGE_CURVE('',#14766,#14766,#14768,.T.);
#14766 = VERTEX_POINT('',#14767);
#14767 = CARTESIAN_POINT('',(117.25,-101.46,1.51));
#14768 = CIRCLE('',#14769,0.5);
#14769 = AXIS2_PLACEMENT_3D('',#14770,#14771,#14772);
#14770 = CARTESIAN_POINT('',(117.25,-100.96,1.51));
#14771 = DIRECTION('',(-0.,0.,-1.));
#14772 = DIRECTION('',(-0.,-1.,0.));
#14773 = FACE_BOUND('',#14774,.T.);
#14774 = EDGE_LOOP('',(#14775));
#14775 = ORIENTED_EDGE('',*,*,#14776,.T.);
#14776 = EDGE_CURVE('',#14777,#14777,#14779,.T.);
#14777 = VERTEX_POINT('',#14778);
#14778 = CARTESIAN_POINT('',(123.6,-98.65,1.51));
#14779 = CIRCLE('',#14780,0.35);
#14780 = AXIS2_PLACEMENT_3D('',#14781,#14782,#14783);
#14781 = CARTESIAN_POINT('',(123.6,-98.3,1.51));
#14782 = DIRECTION('',(-0.,0.,-1.));
#14783 = DIRECTION('',(-0.,-1.,0.));
#14784 = FACE_BOUND('',#14785,.T.);
#14785 = EDGE_LOOP('',(#14786));
#14786 = ORIENTED_EDGE('',*,*,#14787,.T.);
#14787 = EDGE_CURVE('',#14788,#14788,#14790,.T.);
#14788 = VERTEX_POINT('',#14789);
#14789 = CARTESIAN_POINT('',(118.15,-92.95,1.51));
#14790 = CIRCLE('',#14791,0.35);
#14791 = AXIS2_PLACEMENT_3D('',#14792,#14793,#14794);
#14792 = CARTESIAN_POINT('',(118.15,-92.6,1.51));
#14793 = DIRECTION('',(-0.,0.,-1.));
#14794 = DIRECTION('',(-0.,-1.,0.));
#14795 = FACE_BOUND('',#14796,.T.);
#14796 = EDGE_LOOP('',(#14797));
#14797 = ORIENTED_EDGE('',*,*,#14798,.T.);
#14798 = EDGE_CURVE('',#14799,#14799,#14801,.T.);
#14799 = VERTEX_POINT('',#14800);
#14800 = CARTESIAN_POINT('',(128.525,-93.35,1.51));
#14801 = CIRCLE('',#14802,0.4);
#14802 = AXIS2_PLACEMENT_3D('',#14803,#14804,#14805);
#14803 = CARTESIAN_POINT('',(128.525,-92.95,1.51));
#14804 = DIRECTION('',(-0.,0.,-1.));
#14805 = DIRECTION('',(-0.,-1.,0.));
#14806 = FACE_BOUND('',#14807,.T.);
#14807 = EDGE_LOOP('',(#14808));
#14808 = ORIENTED_EDGE('',*,*,#14809,.T.);
#14809 = EDGE_CURVE('',#14810,#14810,#14812,.T.);
#14810 = VERTEX_POINT('',#14811);
#14811 = CARTESIAN_POINT('',(128.525,-90.63,1.51));
#14812 = CIRCLE('',#14813,0.4);
#14813 = AXIS2_PLACEMENT_3D('',#14814,#14815,#14816);
#14814 = CARTESIAN_POINT('',(128.525,-90.23,1.51));
#14815 = DIRECTION('',(-0.,0.,-1.));
#14816 = DIRECTION('',(-0.,-1.,0.));
#14817 = FACE_BOUND('',#14818,.T.);
#14818 = EDGE_LOOP('',(#14819));
#14819 = ORIENTED_EDGE('',*,*,#14820,.T.);
#14820 = EDGE_CURVE('',#14821,#14821,#14823,.T.);
#14821 = VERTEX_POINT('',#14822);
#14822 = CARTESIAN_POINT('',(128.525,-87.91,1.51));
#14823 = CIRCLE('',#14824,0.4);
#14824 = AXIS2_PLACEMENT_3D('',#14825,#14826,#14827);
#14825 = CARTESIAN_POINT('',(128.525,-87.51,1.51));
#14826 = DIRECTION('',(-0.,0.,-1.));
#14827 = DIRECTION('',(-0.,-1.,0.));
#14828 = FACE_BOUND('',#14829,.T.);
#14829 = EDGE_LOOP('',(#14830));
#14830 = ORIENTED_EDGE('',*,*,#14831,.T.);
#14831 = EDGE_CURVE('',#14832,#14832,#14834,.T.);
#14832 = VERTEX_POINT('',#14833);
#14833 = CARTESIAN_POINT('',(128.525,-85.19,1.51));
#14834 = CIRCLE('',#14835,0.4);
#14835 = AXIS2_PLACEMENT_3D('',#14836,#14837,#14838);
#14836 = CARTESIAN_POINT('',(128.525,-84.79,1.51));
#14837 = DIRECTION('',(-0.,0.,-1.));
#14838 = DIRECTION('',(-0.,-1.,0.));
#14839 = FACE_BOUND('',#14840,.T.);
#14840 = EDGE_LOOP('',(#14841));
#14841 = ORIENTED_EDGE('',*,*,#14842,.T.);
#14842 = EDGE_CURVE('',#14843,#14843,#14845,.T.);
#14843 = VERTEX_POINT('',#14844);
#14844 = CARTESIAN_POINT('',(128.525,-82.47,1.51));
#14845 = CIRCLE('',#14846,0.4);
#14846 = AXIS2_PLACEMENT_3D('',#14847,#14848,#14849);
#14847 = CARTESIAN_POINT('',(128.525,-82.07,1.51));
#14848 = DIRECTION('',(-0.,0.,-1.));
#14849 = DIRECTION('',(-0.,-1.,0.));
#14850 = FACE_BOUND('',#14851,.T.);
#14851 = EDGE_LOOP('',(#14852));
#14852 = ORIENTED_EDGE('',*,*,#14853,.T.);
#14853 = EDGE_CURVE('',#14854,#14854,#14856,.T.);
#14854 = VERTEX_POINT('',#14855);
#14855 = CARTESIAN_POINT('',(53.24,-79.01,1.51));
#14856 = CIRCLE('',#14857,0.51);
#14857 = AXIS2_PLACEMENT_3D('',#14858,#14859,#14860);
#14858 = CARTESIAN_POINT('',(53.24,-78.5,1.51));
#14859 = DIRECTION('',(-0.,0.,-1.));
#14860 = DIRECTION('',(1.39322105051E-14,-1.,-0.));
#14861 = FACE_BOUND('',#14862,.T.);
#14862 = EDGE_LOOP('',(#14863));
#14863 = ORIENTED_EDGE('',*,*,#14864,.T.);
#14864 = EDGE_CURVE('',#14865,#14865,#14867,.T.);
#14865 = VERTEX_POINT('',#14866);
#14866 = CARTESIAN_POINT('',(55.78,-79.01,1.51));
#14867 = CIRCLE('',#14868,0.51);
#14868 = AXIS2_PLACEMENT_3D('',#14869,#14870,#14871);
#14869 = CARTESIAN_POINT('',(55.78,-78.5,1.51));
#14870 = DIRECTION('',(-0.,0.,-1.));
#14871 = DIRECTION('',(-0.,-1.,0.));
#14872 = FACE_BOUND('',#14873,.T.);
#14873 = EDGE_LOOP('',(#14874));
#14874 = ORIENTED_EDGE('',*,*,#14875,.T.);
#14875 = EDGE_CURVE('',#14876,#14876,#14878,.T.);
#14876 = VERTEX_POINT('',#14877);
#14877 = CARTESIAN_POINT('',(58.32,-79.01,1.51));
#14878 = CIRCLE('',#14879,0.51);
#14879 = AXIS2_PLACEMENT_3D('',#14880,#14881,#14882);
#14880 = CARTESIAN_POINT('',(58.32,-78.5,1.51));
#14881 = DIRECTION('',(-0.,0.,-1.));
#14882 = DIRECTION('',(-0.,-1.,0.));
#14883 = FACE_BOUND('',#14884,.T.);
#14884 = EDGE_LOOP('',(#14885));
#14885 = ORIENTED_EDGE('',*,*,#14886,.T.);
#14886 = EDGE_CURVE('',#14887,#14887,#14889,.T.);
#14887 = VERTEX_POINT('',#14888);
#14888 = CARTESIAN_POINT('',(60.86,-79.01,1.51));
#14889 = CIRCLE('',#14890,0.51);
#14890 = AXIS2_PLACEMENT_3D('',#14891,#14892,#14893);
#14891 = CARTESIAN_POINT('',(60.86,-78.5,1.51));
#14892 = DIRECTION('',(-0.,0.,-1.));
#14893 = DIRECTION('',(-0.,-1.,0.));
#14894 = FACE_BOUND('',#14895,.T.);
#14895 = EDGE_LOOP('',(#14896));
#14896 = ORIENTED_EDGE('',*,*,#14897,.T.);
#14897 = EDGE_CURVE('',#14898,#14898,#14900,.T.);
#14898 = VERTEX_POINT('',#14899);
#14899 = CARTESIAN_POINT('',(63.4,-79.01,1.51));
#14900 = CIRCLE('',#14901,0.51);
#14901 = AXIS2_PLACEMENT_3D('',#14902,#14903,#14904);
#14902 = CARTESIAN_POINT('',(63.4,-78.5,1.51));
#14903 = DIRECTION('',(-0.,0.,-1.));
#14904 = DIRECTION('',(-0.,-1.,0.));
#14905 = FACE_BOUND('',#14906,.T.);
#14906 = EDGE_LOOP('',(#14907));
#14907 = ORIENTED_EDGE('',*,*,#14908,.T.);
#14908 = EDGE_CURVE('',#14909,#14909,#14911,.T.);
#14909 = VERTEX_POINT('',#14910);
#14910 = CARTESIAN_POINT('',(65.94,-79.01,1.51));
#14911 = CIRCLE('',#14912,0.51);
#14912 = AXIS2_PLACEMENT_3D('',#14913,#14914,#14915);
#14913 = CARTESIAN_POINT('',(65.94,-78.5,1.51));
#14914 = DIRECTION('',(-0.,0.,-1.));
#14915 = DIRECTION('',(-0.,-1.,0.));
#14916 = FACE_BOUND('',#14917,.T.);
#14917 = EDGE_LOOP('',(#14918));
#14918 = ORIENTED_EDGE('',*,*,#14919,.T.);
#14919 = EDGE_CURVE('',#14920,#14920,#14922,.T.);
#14920 = VERTEX_POINT('',#14921);
#14921 = CARTESIAN_POINT('',(68.48,-79.01,1.51));
#14922 = CIRCLE('',#14923,0.51);
#14923 = AXIS2_PLACEMENT_3D('',#14924,#14925,#14926);
#14924 = CARTESIAN_POINT('',(68.48,-78.5,1.51));
#14925 = DIRECTION('',(-0.,0.,-1.));
#14926 = DIRECTION('',(2.78644210102E-14,-1.,-0.));
#14927 = FACE_BOUND('',#14928,.T.);
#14928 = EDGE_LOOP('',(#14929));
#14929 = ORIENTED_EDGE('',*,*,#14930,.T.);
#14930 = EDGE_CURVE('',#14931,#14931,#14933,.T.);
#14931 = VERTEX_POINT('',#14932);
#14932 = CARTESIAN_POINT('',(71.02,-79.01,1.51));
#14933 = CIRCLE('',#14934,0.51);
#14934 = AXIS2_PLACEMENT_3D('',#14935,#14936,#14937);
#14935 = CARTESIAN_POINT('',(71.02,-78.5,1.51));
#14936 = DIRECTION('',(-0.,0.,-1.));
#14937 = DIRECTION('',(-2.78644210102E-14,-1.,0.));
#14938 = FACE_BOUND('',#14939,.T.);
#14939 = EDGE_LOOP('',(#14940));
#14940 = ORIENTED_EDGE('',*,*,#14941,.T.);
#14941 = EDGE_CURVE('',#14942,#14942,#14944,.T.);
#14942 = VERTEX_POINT('',#14943);
#14943 = CARTESIAN_POINT('',(73.56,-79.01,1.51));
#14944 = CIRCLE('',#14945,0.51);
#14945 = AXIS2_PLACEMENT_3D('',#14946,#14947,#14948);
#14946 = CARTESIAN_POINT('',(73.56,-78.5,1.51));
#14947 = DIRECTION('',(-0.,0.,-1.));
#14948 = DIRECTION('',(-0.,-1.,0.));
#14949 = FACE_BOUND('',#14950,.T.);
#14950 = EDGE_LOOP('',(#14951));
#14951 = ORIENTED_EDGE('',*,*,#14952,.T.);
#14952 = EDGE_CURVE('',#14953,#14953,#14955,.T.);
#14953 = VERTEX_POINT('',#14954);
#14954 = CARTESIAN_POINT('',(76.1,-79.01,1.51));
#14955 = CIRCLE('',#14956,0.51);
#14956 = AXIS2_PLACEMENT_3D('',#14957,#14958,#14959);
#14957 = CARTESIAN_POINT('',(76.1,-78.5,1.51));
#14958 = DIRECTION('',(-0.,0.,-1.));
#14959 = DIRECTION('',(-0.,-1.,0.));
#14960 = FACE_BOUND('',#14961,.T.);
#14961 = EDGE_LOOP('',(#14962));
#14962 = ORIENTED_EDGE('',*,*,#14963,.T.);
#14963 = EDGE_CURVE('',#14964,#14964,#14966,.T.);
#14964 = VERTEX_POINT('',#14965);
#14965 = CARTESIAN_POINT('',(78.64,-79.01,1.51));
#14966 = CIRCLE('',#14967,0.51);
#14967 = AXIS2_PLACEMENT_3D('',#14968,#14969,#14970);
#14968 = CARTESIAN_POINT('',(78.64,-78.5,1.51));
#14969 = DIRECTION('',(-0.,0.,-1.));
#14970 = DIRECTION('',(-0.,-1.,0.));
#14971 = FACE_BOUND('',#14972,.T.);
#14972 = EDGE_LOOP('',(#14973));
#14973 = ORIENTED_EDGE('',*,*,#14974,.T.);
#14974 = EDGE_CURVE('',#14975,#14975,#14977,.T.);
#14975 = VERTEX_POINT('',#14976);
#14976 = CARTESIAN_POINT('',(70.65,-71.6,1.51));
#14977 = CIRCLE('',#14978,0.35);
#14978 = AXIS2_PLACEMENT_3D('',#14979,#14980,#14981);
#14979 = CARTESIAN_POINT('',(70.65,-71.25,1.51));
#14980 = DIRECTION('',(-0.,0.,-1.));
#14981 = DIRECTION('',(-0.,-1.,0.));
#14982 = FACE_BOUND('',#14983,.T.);
#14983 = EDGE_LOOP('',(#14984));
#14984 = ORIENTED_EDGE('',*,*,#14985,.T.);
#14985 = EDGE_CURVE('',#14986,#14986,#14988,.T.);
#14986 = VERTEX_POINT('',#14987);
#14987 = CARTESIAN_POINT('',(81.18,-79.01,1.51));
#14988 = CIRCLE('',#14989,0.51);
#14989 = AXIS2_PLACEMENT_3D('',#14990,#14991,#14992);
#14990 = CARTESIAN_POINT('',(81.18,-78.5,1.51));
#14991 = DIRECTION('',(-0.,0.,-1.));
#14992 = DIRECTION('',(-0.,-1.,0.));
#14993 = FACE_BOUND('',#14994,.T.);
#14994 = EDGE_LOOP('',(#14995));
#14995 = ORIENTED_EDGE('',*,*,#14996,.T.);
#14996 = EDGE_CURVE('',#14997,#14997,#14999,.T.);
#14997 = VERTEX_POINT('',#14998);
#14998 = CARTESIAN_POINT('',(83.72,-79.01,1.51));
#14999 = CIRCLE('',#15000,0.51);
#15000 = AXIS2_PLACEMENT_3D('',#15001,#15002,#15003);
#15001 = CARTESIAN_POINT('',(83.72,-78.5,1.51));
#15002 = DIRECTION('',(-0.,0.,-1.));
#15003 = DIRECTION('',(-0.,-1.,0.));
#15004 = FACE_BOUND('',#15005,.T.);
#15005 = EDGE_LOOP('',(#15006));
#15006 = ORIENTED_EDGE('',*,*,#15007,.T.);
#15007 = EDGE_CURVE('',#15008,#15008,#15010,.T.);
#15008 = VERTEX_POINT('',#15009);
#15009 = CARTESIAN_POINT('',(86.26,-79.01,1.51));
#15010 = CIRCLE('',#15011,0.51);
#15011 = AXIS2_PLACEMENT_3D('',#15012,#15013,#15014);
#15012 = CARTESIAN_POINT('',(86.26,-78.5,1.51));
#15013 = DIRECTION('',(-0.,0.,-1.));
#15014 = DIRECTION('',(2.78644210102E-14,-1.,-0.));
#15015 = FACE_BOUND('',#15016,.T.);
#15016 = EDGE_LOOP('',(#15017));
#15017 = ORIENTED_EDGE('',*,*,#15018,.T.);
#15018 = EDGE_CURVE('',#15019,#15019,#15021,.T.);
#15019 = VERTEX_POINT('',#15020);
#15020 = CARTESIAN_POINT('',(88.8,-79.01,1.51));
#15021 = CIRCLE('',#15022,0.51);
#15022 = AXIS2_PLACEMENT_3D('',#15023,#15024,#15025);
#15023 = CARTESIAN_POINT('',(88.8,-78.5,1.51));
#15024 = DIRECTION('',(-0.,0.,-1.));
#15025 = DIRECTION('',(-2.78644210102E-14,-1.,0.));
#15026 = FACE_BOUND('',#15027,.T.);
#15027 = EDGE_LOOP('',(#15028));
#15028 = ORIENTED_EDGE('',*,*,#15029,.T.);
#15029 = EDGE_CURVE('',#15030,#15030,#15032,.T.);
#15030 = VERTEX_POINT('',#15031);
#15031 = CARTESIAN_POINT('',(91.34,-79.01,1.51));
#15032 = CIRCLE('',#15033,0.51);
#15033 = AXIS2_PLACEMENT_3D('',#15034,#15035,#15036);
#15034 = CARTESIAN_POINT('',(91.34,-78.5,1.51));
#15035 = DIRECTION('',(-0.,0.,-1.));
#15036 = DIRECTION('',(-0.,-1.,0.));
#15037 = FACE_BOUND('',#15038,.T.);
#15038 = EDGE_LOOP('',(#15039));
#15039 = ORIENTED_EDGE('',*,*,#15040,.T.);
#15040 = EDGE_CURVE('',#15041,#15041,#15043,.T.);
#15041 = VERTEX_POINT('',#15042);
#15042 = CARTESIAN_POINT('',(93.88,-79.01,1.51));
#15043 = CIRCLE('',#15044,0.51);
#15044 = AXIS2_PLACEMENT_3D('',#15045,#15046,#15047);
#15045 = CARTESIAN_POINT('',(93.88,-78.5,1.51));
#15046 = DIRECTION('',(-0.,0.,-1.));
#15047 = DIRECTION('',(-0.,-1.,0.));
#15048 = FACE_BOUND('',#15049,.T.);
#15049 = EDGE_LOOP('',(#15050));
#15050 = ORIENTED_EDGE('',*,*,#15051,.T.);
#15051 = EDGE_CURVE('',#15052,#15052,#15054,.T.);
#15052 = VERTEX_POINT('',#15053);
#15053 = CARTESIAN_POINT('',(96.42,-79.01,1.51));
#15054 = CIRCLE('',#15055,0.51);
#15055 = AXIS2_PLACEMENT_3D('',#15056,#15057,#15058);
#15056 = CARTESIAN_POINT('',(96.42,-78.5,1.51));
#15057 = DIRECTION('',(-0.,0.,-1.));
#15058 = DIRECTION('',(-0.,-1.,0.));
#15059 = FACE_BOUND('',#15060,.T.);
#15060 = EDGE_LOOP('',(#15061));
#15061 = ORIENTED_EDGE('',*,*,#15062,.T.);
#15062 = EDGE_CURVE('',#15063,#15063,#15065,.T.);
#15063 = VERTEX_POINT('',#15064);
#15064 = CARTESIAN_POINT('',(91.5,-75.85,1.51));
#15065 = CIRCLE('',#15066,0.35);
#15066 = AXIS2_PLACEMENT_3D('',#15067,#15068,#15069);
#15067 = CARTESIAN_POINT('',(91.5,-75.5,1.51));
#15068 = DIRECTION('',(-0.,0.,-1.));
#15069 = DIRECTION('',(-0.,-1.,0.));
#15070 = FACE_BOUND('',#15071,.T.);
#15071 = EDGE_LOOP('',(#15072));
#15072 = ORIENTED_EDGE('',*,*,#15073,.T.);
#15073 = EDGE_CURVE('',#15074,#15074,#15076,.T.);
#15074 = VERTEX_POINT('',#15075);
#15075 = CARTESIAN_POINT('',(94.5,-75.85,1.51));
#15076 = CIRCLE('',#15077,0.35);
#15077 = AXIS2_PLACEMENT_3D('',#15078,#15079,#15080);
#15078 = CARTESIAN_POINT('',(94.5,-75.5,1.51));
#15079 = DIRECTION('',(-0.,0.,-1.));
#15080 = DIRECTION('',(-0.,-1.,0.));
#15081 = FACE_BOUND('',#15082,.T.);
#15082 = EDGE_LOOP('',(#15083));
#15083 = ORIENTED_EDGE('',*,*,#15084,.T.);
#15084 = EDGE_CURVE('',#15085,#15085,#15087,.T.);
#15085 = VERTEX_POINT('',#15086);
#15086 = CARTESIAN_POINT('',(98.96,-79.01,1.51));
#15087 = CIRCLE('',#15088,0.51);
#15088 = AXIS2_PLACEMENT_3D('',#15089,#15090,#15091);
#15089 = CARTESIAN_POINT('',(98.96,-78.5,1.51));
#15090 = DIRECTION('',(-0.,0.,-1.));
#15091 = DIRECTION('',(-2.78644210102E-14,-1.,0.));
#15092 = FACE_BOUND('',#15093,.T.);
#15093 = EDGE_LOOP('',(#15094));
#15094 = ORIENTED_EDGE('',*,*,#15095,.T.);
#15095 = EDGE_CURVE('',#15096,#15096,#15098,.T.);
#15096 = VERTEX_POINT('',#15097);
#15097 = CARTESIAN_POINT('',(101.5,-79.01,1.51));
#15098 = CIRCLE('',#15099,0.51);
#15099 = AXIS2_PLACEMENT_3D('',#15100,#15101,#15102);
#15100 = CARTESIAN_POINT('',(101.5,-78.5,1.51));
#15101 = DIRECTION('',(-0.,0.,-1.));
#15102 = DIRECTION('',(-0.,-1.,0.));
#15103 = FACE_BOUND('',#15104,.T.);
#15104 = EDGE_LOOP('',(#15105));
#15105 = ORIENTED_EDGE('',*,*,#15106,.T.);
#15106 = EDGE_CURVE('',#15107,#15107,#15109,.T.);
#15107 = VERTEX_POINT('',#15108);
#15108 = CARTESIAN_POINT('',(104.04,-79.01,1.51));
#15109 = CIRCLE('',#15110,0.51);
#15110 = AXIS2_PLACEMENT_3D('',#15111,#15112,#15113);
#15111 = CARTESIAN_POINT('',(104.04,-78.5,1.51));
#15112 = DIRECTION('',(-0.,0.,-1.));
#15113 = DIRECTION('',(2.78644210102E-14,-1.,-0.));
#15114 = FACE_BOUND('',#15115,.T.);
#15115 = EDGE_LOOP('',(#15116));
#15116 = ORIENTED_EDGE('',*,*,#15117,.T.);
#15117 = EDGE_CURVE('',#15118,#15118,#15120,.T.);
#15118 = VERTEX_POINT('',#15119);
#15119 = CARTESIAN_POINT('',(106.58,-79.01,1.51));
#15120 = CIRCLE('',#15121,0.51);
#15121 = AXIS2_PLACEMENT_3D('',#15122,#15123,#15124);
#15122 = CARTESIAN_POINT('',(106.58,-78.5,1.51));
#15123 = DIRECTION('',(-0.,0.,-1.));
#15124 = DIRECTION('',(-0.,-1.,0.));
#15125 = FACE_BOUND('',#15126,.T.);
#15126 = EDGE_LOOP('',(#15127));
#15127 = ORIENTED_EDGE('',*,*,#15128,.T.);
#15128 = EDGE_CURVE('',#15129,#15129,#15131,.T.);
#15129 = VERTEX_POINT('',#15130);
#15130 = CARTESIAN_POINT('',(97.5,-75.85,1.51));
#15131 = CIRCLE('',#15132,0.35);
#15132 = AXIS2_PLACEMENT_3D('',#15133,#15134,#15135);
#15133 = CARTESIAN_POINT('',(97.5,-75.5,1.51));
#15134 = DIRECTION('',(-0.,0.,-1.));
#15135 = DIRECTION('',(-0.,-1.,0.));
#15136 = FACE_BOUND('',#15137,.T.);
#15137 = EDGE_LOOP('',(#15138));
#15138 = ORIENTED_EDGE('',*,*,#15139,.T.);
#15139 = EDGE_CURVE('',#15140,#15140,#15142,.T.);
#15140 = VERTEX_POINT('',#15141);
#15141 = CARTESIAN_POINT('',(101.5,-75.85,1.51));
#15142 = CIRCLE('',#15143,0.35);
#15143 = AXIS2_PLACEMENT_3D('',#15144,#15145,#15146);
#15144 = CARTESIAN_POINT('',(101.5,-75.5,1.51));
#15145 = DIRECTION('',(-0.,0.,-1.));
#15146 = DIRECTION('',(-0.,-1.,0.));
#15147 = FACE_BOUND('',#15148,.T.);
#15148 = EDGE_LOOP('',(#15149));
#15149 = ORIENTED_EDGE('',*,*,#15150,.T.);
#15150 = EDGE_CURVE('',#15151,#15151,#15153,.T.);
#15151 = VERTEX_POINT('',#15152);
#15152 = CARTESIAN_POINT('',(53.24,-54.01,1.51));
#15153 = CIRCLE('',#15154,0.51);
#15154 = AXIS2_PLACEMENT_3D('',#15155,#15156,#15157);
#15155 = CARTESIAN_POINT('',(53.24,-53.5,1.51));
#15156 = DIRECTION('',(-0.,0.,-1.));
#15157 = DIRECTION('',(1.39322105051E-14,-1.,-0.));
#15158 = FACE_BOUND('',#15159,.T.);
#15159 = EDGE_LOOP('',(#15160));
#15160 = ORIENTED_EDGE('',*,*,#15161,.T.);
#15161 = EDGE_CURVE('',#15162,#15162,#15164,.T.);
#15162 = VERTEX_POINT('',#15163);
#15163 = CARTESIAN_POINT('',(55.78,-54.01,1.51));
#15164 = CIRCLE('',#15165,0.51);
#15165 = AXIS2_PLACEMENT_3D('',#15166,#15167,#15168);
#15166 = CARTESIAN_POINT('',(55.78,-53.5,1.51));
#15167 = DIRECTION('',(-0.,0.,-1.));
#15168 = DIRECTION('',(-0.,-1.,0.));
#15169 = FACE_BOUND('',#15170,.T.);
#15170 = EDGE_LOOP('',(#15171));
#15171 = ORIENTED_EDGE('',*,*,#15172,.T.);
#15172 = EDGE_CURVE('',#15173,#15173,#15175,.T.);
#15173 = VERTEX_POINT('',#15174);
#15174 = CARTESIAN_POINT('',(58.32,-54.01,1.51));
#15175 = CIRCLE('',#15176,0.51);
#15176 = AXIS2_PLACEMENT_3D('',#15177,#15178,#15179);
#15177 = CARTESIAN_POINT('',(58.32,-53.5,1.51));
#15178 = DIRECTION('',(-0.,0.,-1.));
#15179 = DIRECTION('',(-0.,-1.,0.));
#15180 = FACE_BOUND('',#15181,.T.);
#15181 = EDGE_LOOP('',(#15182));
#15182 = ORIENTED_EDGE('',*,*,#15183,.T.);
#15183 = EDGE_CURVE('',#15184,#15184,#15186,.T.);
#15184 = VERTEX_POINT('',#15185);
#15185 = CARTESIAN_POINT('',(60.86,-54.01,1.51));
#15186 = CIRCLE('',#15187,0.51);
#15187 = AXIS2_PLACEMENT_3D('',#15188,#15189,#15190);
#15188 = CARTESIAN_POINT('',(60.86,-53.5,1.51));
#15189 = DIRECTION('',(-0.,0.,-1.));
#15190 = DIRECTION('',(-0.,-1.,0.));
#15191 = FACE_BOUND('',#15192,.T.);
#15192 = EDGE_LOOP('',(#15193));
#15193 = ORIENTED_EDGE('',*,*,#15194,.T.);
#15194 = EDGE_CURVE('',#15195,#15195,#15197,.T.);
#15195 = VERTEX_POINT('',#15196);
#15196 = CARTESIAN_POINT('',(63.4,-54.01,1.51));
#15197 = CIRCLE('',#15198,0.51);
#15198 = AXIS2_PLACEMENT_3D('',#15199,#15200,#15201);
#15199 = CARTESIAN_POINT('',(63.4,-53.5,1.51));
#15200 = DIRECTION('',(-0.,0.,-1.));
#15201 = DIRECTION('',(-0.,-1.,0.));
#15202 = FACE_BOUND('',#15203,.T.);
#15203 = EDGE_LOOP('',(#15204));
#15204 = ORIENTED_EDGE('',*,*,#15205,.T.);
#15205 = EDGE_CURVE('',#15206,#15206,#15208,.T.);
#15206 = VERTEX_POINT('',#15207);
#15207 = CARTESIAN_POINT('',(76.05,-59.3,1.51));
#15208 = CIRCLE('',#15209,0.35);
#15209 = AXIS2_PLACEMENT_3D('',#15210,#15211,#15212);
#15210 = CARTESIAN_POINT('',(76.05,-58.95,1.51));
#15211 = DIRECTION('',(-0.,0.,-1.));
#15212 = DIRECTION('',(-4.060244204344E-14,-1.,0.));
#15213 = FACE_BOUND('',#15214,.T.);
#15214 = EDGE_LOOP('',(#15215));
#15215 = ORIENTED_EDGE('',*,*,#15216,.T.);
#15216 = EDGE_CURVE('',#15217,#15217,#15219,.T.);
#15217 = VERTEX_POINT('',#15218);
#15218 = CARTESIAN_POINT('',(65.94,-54.01,1.51));
#15219 = CIRCLE('',#15220,0.51);
#15220 = AXIS2_PLACEMENT_3D('',#15221,#15222,#15223);
#15221 = CARTESIAN_POINT('',(65.94,-53.5,1.51));
#15222 = DIRECTION('',(-0.,0.,-1.));
#15223 = DIRECTION('',(-0.,-1.,0.));
#15224 = FACE_BOUND('',#15225,.T.);
#15225 = EDGE_LOOP('',(#15226));
#15226 = ORIENTED_EDGE('',*,*,#15227,.T.);
#15227 = EDGE_CURVE('',#15228,#15228,#15230,.T.);
#15228 = VERTEX_POINT('',#15229);
#15229 = CARTESIAN_POINT('',(68.48,-54.01,1.51));
#15230 = CIRCLE('',#15231,0.51);
#15231 = AXIS2_PLACEMENT_3D('',#15232,#15233,#15234);
#15232 = CARTESIAN_POINT('',(68.48,-53.5,1.51));
#15233 = DIRECTION('',(-0.,0.,-1.));
#15234 = DIRECTION('',(2.78644210102E-14,-1.,-0.));
#15235 = FACE_BOUND('',#15236,.T.);
#15236 = EDGE_LOOP('',(#15237));
#15237 = ORIENTED_EDGE('',*,*,#15238,.T.);
#15238 = EDGE_CURVE('',#15239,#15239,#15241,.T.);
#15239 = VERTEX_POINT('',#15240);
#15240 = CARTESIAN_POINT('',(71.02,-54.01,1.51));
#15241 = CIRCLE('',#15242,0.51);
#15242 = AXIS2_PLACEMENT_3D('',#15243,#15244,#15245);
#15243 = CARTESIAN_POINT('',(71.02,-53.5,1.51));
#15244 = DIRECTION('',(-0.,0.,-1.));
#15245 = DIRECTION('',(-2.78644210102E-14,-1.,0.));
#15246 = FACE_BOUND('',#15247,.T.);
#15247 = EDGE_LOOP('',(#15248));
#15248 = ORIENTED_EDGE('',*,*,#15249,.T.);
#15249 = EDGE_CURVE('',#15250,#15250,#15252,.T.);
#15250 = VERTEX_POINT('',#15251);
#15251 = CARTESIAN_POINT('',(73.56,-54.01,1.51));
#15252 = CIRCLE('',#15253,0.51);
#15253 = AXIS2_PLACEMENT_3D('',#15254,#15255,#15256);
#15254 = CARTESIAN_POINT('',(73.56,-53.5,1.51));
#15255 = DIRECTION('',(-0.,0.,-1.));
#15256 = DIRECTION('',(-0.,-1.,0.));
#15257 = FACE_BOUND('',#15258,.T.);
#15258 = EDGE_LOOP('',(#15259));
#15259 = ORIENTED_EDGE('',*,*,#15260,.T.);
#15260 = EDGE_CURVE('',#15261,#15261,#15263,.T.);
#15261 = VERTEX_POINT('',#15262);
#15262 = CARTESIAN_POINT('',(76.1,-54.01,1.51));
#15263 = CIRCLE('',#15264,0.51);
#15264 = AXIS2_PLACEMENT_3D('',#15265,#15266,#15267);
#15265 = CARTESIAN_POINT('',(76.1,-53.5,1.51));
#15266 = DIRECTION('',(-0.,0.,-1.));
#15267 = DIRECTION('',(-0.,-1.,0.));
#15268 = FACE_BOUND('',#15269,.T.);
#15269 = EDGE_LOOP('',(#15270));
#15270 = ORIENTED_EDGE('',*,*,#15271,.T.);
#15271 = EDGE_CURVE('',#15272,#15272,#15274,.T.);
#15272 = VERTEX_POINT('',#15273);
#15273 = CARTESIAN_POINT('',(78.64,-54.01,1.51));
#15274 = CIRCLE('',#15275,0.51);
#15275 = AXIS2_PLACEMENT_3D('',#15276,#15277,#15278);
#15276 = CARTESIAN_POINT('',(78.64,-53.5,1.51));
#15277 = DIRECTION('',(-0.,0.,-1.));
#15278 = DIRECTION('',(-0.,-1.,0.));
#15279 = FACE_BOUND('',#15280,.T.);
#15280 = EDGE_LOOP('',(#15281));
#15281 = ORIENTED_EDGE('',*,*,#15282,.T.);
#15282 = EDGE_CURVE('',#15283,#15283,#15285,.T.);
#15283 = VERTEX_POINT('',#15284);
#15284 = CARTESIAN_POINT('',(97.,-64.35,1.51));
#15285 = CIRCLE('',#15286,0.35);
#15286 = AXIS2_PLACEMENT_3D('',#15287,#15288,#15289);
#15287 = CARTESIAN_POINT('',(97.,-64.,1.51));
#15288 = DIRECTION('',(-0.,0.,-1.));
#15289 = DIRECTION('',(-0.,-1.,0.));
#15290 = FACE_BOUND('',#15291,.T.);
#15291 = EDGE_LOOP('',(#15292));
#15292 = ORIENTED_EDGE('',*,*,#15293,.T.);
#15293 = EDGE_CURVE('',#15294,#15294,#15296,.T.);
#15294 = VERTEX_POINT('',#15295);
#15295 = CARTESIAN_POINT('',(102.5,-62.35,1.51));
#15296 = CIRCLE('',#15297,0.35);
#15297 = AXIS2_PLACEMENT_3D('',#15298,#15299,#15300);
#15298 = CARTESIAN_POINT('',(102.5,-62.,1.51));
#15299 = DIRECTION('',(-0.,0.,-1.));
#15300 = DIRECTION('',(-0.,-1.,0.));
#15301 = FACE_BOUND('',#15302,.T.);
#15302 = EDGE_LOOP('',(#15303));
#15303 = ORIENTED_EDGE('',*,*,#15304,.T.);
#15304 = EDGE_CURVE('',#15305,#15305,#15307,.T.);
#15305 = VERTEX_POINT('',#15306);
#15306 = CARTESIAN_POINT('',(81.18,-54.01,1.51));
#15307 = CIRCLE('',#15308,0.51);
#15308 = AXIS2_PLACEMENT_3D('',#15309,#15310,#15311);
#15309 = CARTESIAN_POINT('',(81.18,-53.5,1.51));
#15310 = DIRECTION('',(-0.,0.,-1.));
#15311 = DIRECTION('',(-0.,-1.,0.));
#15312 = FACE_BOUND('',#15313,.T.);
#15313 = EDGE_LOOP('',(#15314));
#15314 = ORIENTED_EDGE('',*,*,#15315,.T.);
#15315 = EDGE_CURVE('',#15316,#15316,#15318,.T.);
#15316 = VERTEX_POINT('',#15317);
#15317 = CARTESIAN_POINT('',(83.72,-54.01,1.51));
#15318 = CIRCLE('',#15319,0.51);
#15319 = AXIS2_PLACEMENT_3D('',#15320,#15321,#15322);
#15320 = CARTESIAN_POINT('',(83.72,-53.5,1.51));
#15321 = DIRECTION('',(-0.,0.,-1.));
#15322 = DIRECTION('',(-0.,-1.,0.));
#15323 = FACE_BOUND('',#15324,.T.);
#15324 = EDGE_LOOP('',(#15325));
#15325 = ORIENTED_EDGE('',*,*,#15326,.T.);
#15326 = EDGE_CURVE('',#15327,#15327,#15329,.T.);
#15327 = VERTEX_POINT('',#15328);
#15328 = CARTESIAN_POINT('',(86.26,-54.01,1.51));
#15329 = CIRCLE('',#15330,0.51);
#15330 = AXIS2_PLACEMENT_3D('',#15331,#15332,#15333);
#15331 = CARTESIAN_POINT('',(86.26,-53.5,1.51));
#15332 = DIRECTION('',(-0.,0.,-1.));
#15333 = DIRECTION('',(2.78644210102E-14,-1.,-0.));
#15334 = FACE_BOUND('',#15335,.T.);
#15335 = EDGE_LOOP('',(#15336));
#15336 = ORIENTED_EDGE('',*,*,#15337,.T.);
#15337 = EDGE_CURVE('',#15338,#15338,#15340,.T.);
#15338 = VERTEX_POINT('',#15339);
#15339 = CARTESIAN_POINT('',(88.8,-54.01,1.51));
#15340 = CIRCLE('',#15341,0.51);
#15341 = AXIS2_PLACEMENT_3D('',#15342,#15343,#15344);
#15342 = CARTESIAN_POINT('',(88.8,-53.5,1.51));
#15343 = DIRECTION('',(-0.,0.,-1.));
#15344 = DIRECTION('',(-2.78644210102E-14,-1.,0.));
#15345 = FACE_BOUND('',#15346,.T.);
#15346 = EDGE_LOOP('',(#15347));
#15347 = ORIENTED_EDGE('',*,*,#15348,.T.);
#15348 = EDGE_CURVE('',#15349,#15349,#15351,.T.);
#15349 = VERTEX_POINT('',#15350);
#15350 = CARTESIAN_POINT('',(91.34,-54.01,1.51));
#15351 = CIRCLE('',#15352,0.51);
#15352 = AXIS2_PLACEMENT_3D('',#15353,#15354,#15355);
#15353 = CARTESIAN_POINT('',(91.34,-53.5,1.51));
#15354 = DIRECTION('',(-0.,0.,-1.));
#15355 = DIRECTION('',(-0.,-1.,0.));
#15356 = FACE_BOUND('',#15357,.T.);
#15357 = EDGE_LOOP('',(#15358));
#15358 = ORIENTED_EDGE('',*,*,#15359,.T.);
#15359 = EDGE_CURVE('',#15360,#15360,#15362,.T.);
#15360 = VERTEX_POINT('',#15361);
#15361 = CARTESIAN_POINT('',(93.88,-54.01,1.51));
#15362 = CIRCLE('',#15363,0.51);
#15363 = AXIS2_PLACEMENT_3D('',#15364,#15365,#15366);
#15364 = CARTESIAN_POINT('',(93.88,-53.5,1.51));
#15365 = DIRECTION('',(-0.,0.,-1.));
#15366 = DIRECTION('',(-0.,-1.,0.));
#15367 = FACE_BOUND('',#15368,.T.);
#15368 = EDGE_LOOP('',(#15369));
#15369 = ORIENTED_EDGE('',*,*,#15370,.T.);
#15370 = EDGE_CURVE('',#15371,#15371,#15373,.T.);
#15371 = VERTEX_POINT('',#15372);
#15372 = CARTESIAN_POINT('',(96.42,-54.01,1.51));
#15373 = CIRCLE('',#15374,0.51);
#15374 = AXIS2_PLACEMENT_3D('',#15375,#15376,#15377);
#15375 = CARTESIAN_POINT('',(96.42,-53.5,1.51));
#15376 = DIRECTION('',(-0.,0.,-1.));
#15377 = DIRECTION('',(-0.,-1.,0.));
#15378 = FACE_BOUND('',#15379,.T.);
#15379 = EDGE_LOOP('',(#15380));
#15380 = ORIENTED_EDGE('',*,*,#15381,.T.);
#15381 = EDGE_CURVE('',#15382,#15382,#15384,.T.);
#15382 = VERTEX_POINT('',#15383);
#15383 = CARTESIAN_POINT('',(99.5,-60.35,1.51));
#15384 = CIRCLE('',#15385,0.35);
#15385 = AXIS2_PLACEMENT_3D('',#15386,#15387,#15388);
#15386 = CARTESIAN_POINT('',(99.5,-60.,1.51));
#15387 = DIRECTION('',(-0.,0.,-1.));
#15388 = DIRECTION('',(-0.,-1.,0.));
#15389 = FACE_BOUND('',#15390,.T.);
#15390 = EDGE_LOOP('',(#15391));
#15391 = ORIENTED_EDGE('',*,*,#15392,.T.);
#15392 = EDGE_CURVE('',#15393,#15393,#15395,.T.);
#15393 = VERTEX_POINT('',#15394);
#15394 = CARTESIAN_POINT('',(98.96,-54.01,1.51));
#15395 = CIRCLE('',#15396,0.51);
#15396 = AXIS2_PLACEMENT_3D('',#15397,#15398,#15399);
#15397 = CARTESIAN_POINT('',(98.96,-53.5,1.51));
#15398 = DIRECTION('',(-0.,0.,-1.));
#15399 = DIRECTION('',(-2.78644210102E-14,-1.,0.));
#15400 = FACE_BOUND('',#15401,.T.);
#15401 = EDGE_LOOP('',(#15402));
#15402 = ORIENTED_EDGE('',*,*,#15403,.T.);
#15403 = EDGE_CURVE('',#15404,#15404,#15406,.T.);
#15404 = VERTEX_POINT('',#15405);
#15405 = CARTESIAN_POINT('',(101.5,-54.01,1.51));
#15406 = CIRCLE('',#15407,0.51);
#15407 = AXIS2_PLACEMENT_3D('',#15408,#15409,#15410);
#15408 = CARTESIAN_POINT('',(101.5,-53.5,1.51));
#15409 = DIRECTION('',(-0.,0.,-1.));
#15410 = DIRECTION('',(-0.,-1.,0.));
#15411 = FACE_BOUND('',#15412,.T.);
#15412 = EDGE_LOOP('',(#15413));
#15413 = ORIENTED_EDGE('',*,*,#15414,.T.);
#15414 = EDGE_CURVE('',#15415,#15415,#15417,.T.);
#15415 = VERTEX_POINT('',#15416);
#15416 = CARTESIAN_POINT('',(104.04,-54.01,1.51));
#15417 = CIRCLE('',#15418,0.51);
#15418 = AXIS2_PLACEMENT_3D('',#15419,#15420,#15421);
#15419 = CARTESIAN_POINT('',(104.04,-53.5,1.51));
#15420 = DIRECTION('',(-0.,0.,-1.));
#15421 = DIRECTION('',(2.78644210102E-14,-1.,-0.));
#15422 = FACE_BOUND('',#15423,.T.);
#15423 = EDGE_LOOP('',(#15424));
#15424 = ORIENTED_EDGE('',*,*,#15425,.T.);
#15425 = EDGE_CURVE('',#15426,#15426,#15428,.T.);
#15426 = VERTEX_POINT('',#15427);
#15427 = CARTESIAN_POINT('',(106.58,-54.01,1.51));
#15428 = CIRCLE('',#15429,0.51);
#15429 = AXIS2_PLACEMENT_3D('',#15430,#15431,#15432);
#15430 = CARTESIAN_POINT('',(106.58,-53.5,1.51));
#15431 = DIRECTION('',(-0.,0.,-1.));
#15432 = DIRECTION('',(-0.,-1.,0.));
#15433 = FACE_BOUND('',#15434,.T.);
#15434 = EDGE_LOOP('',(#15435));
#15435 = ORIENTED_EDGE('',*,*,#15436,.T.);
#15436 = EDGE_CURVE('',#15437,#15437,#15439,.T.);
#15437 = VERTEX_POINT('',#15438);
#15438 = CARTESIAN_POINT('',(118.75,-79.55,1.51));
#15439 = CIRCLE('',#15440,0.35);
#15440 = AXIS2_PLACEMENT_3D('',#15441,#15442,#15443);
#15441 = CARTESIAN_POINT('',(118.75,-79.2,1.51));
#15442 = DIRECTION('',(-0.,0.,-1.));
#15443 = DIRECTION('',(-0.,-1.,0.));
#15444 = FACE_BOUND('',#15445,.T.);
#15445 = EDGE_LOOP('',(#15446));
#15446 = ORIENTED_EDGE('',*,*,#15447,.T.);
#15447 = EDGE_CURVE('',#15448,#15448,#15450,.T.);
#15448 = VERTEX_POINT('',#15449);
#15449 = CARTESIAN_POINT('',(128.525,-79.75,1.51));
#15450 = CIRCLE('',#15451,0.4);
#15451 = AXIS2_PLACEMENT_3D('',#15452,#15453,#15454);
#15452 = CARTESIAN_POINT('',(128.525,-79.35,1.51));
#15453 = DIRECTION('',(-0.,0.,-1.));
#15454 = DIRECTION('',(-0.,-1.,0.));
#15455 = FACE_BOUND('',#15456,.T.);
#15456 = EDGE_LOOP('',(#15457));
#15457 = ORIENTED_EDGE('',*,*,#15458,.T.);
#15458 = EDGE_CURVE('',#15459,#15459,#15461,.T.);
#15459 = VERTEX_POINT('',#15460);
#15460 = CARTESIAN_POINT('',(119.,-74.6,1.51));
#15461 = CIRCLE('',#15462,0.35);
#15462 = AXIS2_PLACEMENT_3D('',#15463,#15464,#15465);
#15463 = CARTESIAN_POINT('',(119.,-74.25,1.51));
#15464 = DIRECTION('',(-0.,0.,-1.));
#15465 = DIRECTION('',(-0.,-1.,0.));
#15466 = FACE_BOUND('',#15467,.T.);
#15467 = EDGE_LOOP('',(#15468));
#15468 = ORIENTED_EDGE('',*,*,#15469,.T.);
#15469 = EDGE_CURVE('',#15470,#15470,#15472,.T.);
#15470 = VERTEX_POINT('',#15471);
#15471 = CARTESIAN_POINT('',(119.,-71.05,1.51));
#15472 = CIRCLE('',#15473,0.35);
#15473 = AXIS2_PLACEMENT_3D('',#15474,#15475,#15476);
#15474 = CARTESIAN_POINT('',(119.,-70.7,1.51));
#15475 = DIRECTION('',(-0.,0.,-1.));
#15476 = DIRECTION('',(-0.,-1.,0.));
#15477 = FACE_BOUND('',#15478,.T.);
#15478 = EDGE_LOOP('',(#15479));
#15479 = ORIENTED_EDGE('',*,*,#15480,.T.);
#15480 = EDGE_CURVE('',#15481,#15481,#15483,.T.);
#15481 = VERTEX_POINT('',#15482);
#15482 = CARTESIAN_POINT('',(124.45,-70.15,1.51));
#15483 = CIRCLE('',#15484,0.35);
#15484 = AXIS2_PLACEMENT_3D('',#15485,#15486,#15487);
#15485 = CARTESIAN_POINT('',(124.45,-69.8,1.51));
#15486 = DIRECTION('',(-0.,0.,-1.));
#15487 = DIRECTION('',(4.060244204343E-14,-1.,-0.));
#15488 = FACE_BOUND('',#15489,.T.);
#15489 = EDGE_LOOP('',(#15490));
#15490 = ORIENTED_EDGE('',*,*,#15491,.T.);
#15491 = EDGE_CURVE('',#15492,#15492,#15494,.T.);
#15492 = VERTEX_POINT('',#15493);
#15493 = CARTESIAN_POINT('',(128.2175,-70.8425,1.51));
#15494 = CIRCLE('',#15495,0.4);
#15495 = AXIS2_PLACEMENT_3D('',#15496,#15497,#15498);
#15496 = CARTESIAN_POINT('',(128.2175,-70.4425,1.51));
#15497 = DIRECTION('',(-0.,0.,-1.));
#15498 = DIRECTION('',(-0.,-1.,0.));
#15499 = FACE_BOUND('',#15500,.T.);
#15500 = EDGE_LOOP('',(#15501));
#15501 = ORIENTED_EDGE('',*,*,#15502,.T.);
#15502 = EDGE_CURVE('',#15503,#15503,#15505,.T.);
#15503 = VERTEX_POINT('',#15504);
#15504 = CARTESIAN_POINT('',(128.2175,-68.8425,1.51));
#15505 = CIRCLE('',#15506,0.4);
#15506 = AXIS2_PLACEMENT_3D('',#15507,#15508,#15509);
#15507 = CARTESIAN_POINT('',(128.2175,-68.4425,1.51));
#15508 = DIRECTION('',(-0.,0.,-1.));
#15509 = DIRECTION('',(-0.,-1.,0.));
#15510 = FACE_BOUND('',#15511,.T.);
#15511 = EDGE_LOOP('',(#15512));
#15512 = ORIENTED_EDGE('',*,*,#15513,.T.);
#15513 = EDGE_CURVE('',#15514,#15514,#15516,.T.);
#15514 = VERTEX_POINT('',#15515);
#15515 = CARTESIAN_POINT('',(141.8175,-70.8425,1.51));
#15516 = CIRCLE('',#15517,0.4);
#15517 = AXIS2_PLACEMENT_3D('',#15518,#15519,#15520);
#15518 = CARTESIAN_POINT('',(141.8175,-70.4425,1.51));
#15519 = DIRECTION('',(-0.,0.,-1.));
#15520 = DIRECTION('',(-0.,-1.,0.));
#15521 = FACE_BOUND('',#15522,.T.);
#15522 = EDGE_LOOP('',(#15523));
#15523 = ORIENTED_EDGE('',*,*,#15524,.T.);
#15524 = EDGE_CURVE('',#15525,#15525,#15527,.T.);
#15525 = VERTEX_POINT('',#15526);
#15526 = CARTESIAN_POINT('',(141.8175,-68.8425,1.51));
#15527 = CIRCLE('',#15528,0.4);
#15528 = AXIS2_PLACEMENT_3D('',#15529,#15530,#15531);
#15529 = CARTESIAN_POINT('',(141.8175,-68.4425,1.51));
#15530 = DIRECTION('',(-0.,0.,-1.));
#15531 = DIRECTION('',(-0.,-1.,0.));
#15532 = FACE_BOUND('',#15533,.T.);
#15533 = EDGE_LOOP('',(#15534));
#15534 = ORIENTED_EDGE('',*,*,#15535,.T.);
#15535 = EDGE_CURVE('',#15536,#15536,#15538,.T.);
#15536 = VERTEX_POINT('',#15537);
#15537 = CARTESIAN_POINT('',(166.1,-80.55,1.51));
#15538 = CIRCLE('',#15539,0.35);
#15539 = AXIS2_PLACEMENT_3D('',#15540,#15541,#15542);
#15540 = CARTESIAN_POINT('',(166.1,-80.2,1.51));
#15541 = DIRECTION('',(-0.,0.,-1.));
#15542 = DIRECTION('',(-0.,-1.,0.));
#15543 = FACE_BOUND('',#15544,.T.);
#15544 = EDGE_LOOP('',(#15545));
#15545 = ORIENTED_EDGE('',*,*,#15546,.T.);
#15546 = EDGE_CURVE('',#15547,#15547,#15549,.T.);
#15547 = VERTEX_POINT('',#15548);
#15548 = CARTESIAN_POINT('',(172.55,-78.9,1.51));
#15549 = CIRCLE('',#15550,0.35);
#15550 = AXIS2_PLACEMENT_3D('',#15551,#15552,#15553);
#15551 = CARTESIAN_POINT('',(172.55,-78.55,1.51));
#15552 = DIRECTION('',(-0.,0.,-1.));
#15553 = DIRECTION('',(-0.,-1.,0.));
#15554 = FACE_BOUND('',#15555,.T.);
#15555 = EDGE_LOOP('',(#15556));
#15556 = ORIENTED_EDGE('',*,*,#15557,.T.);
#15557 = EDGE_CURVE('',#15558,#15558,#15560,.T.);
#15558 = VERTEX_POINT('',#15559);
#15559 = CARTESIAN_POINT('',(167.,-73.95,1.51));
#15560 = CIRCLE('',#15561,0.5);
#15561 = AXIS2_PLACEMENT_3D('',#15562,#15563,#15564);
#15562 = CARTESIAN_POINT('',(167.,-73.45,1.51));
#15563 = DIRECTION('',(-0.,0.,-1.));
#15564 = DIRECTION('',(-0.,-1.,0.));
#15565 = FACE_BOUND('',#15566,.T.);
#15566 = EDGE_LOOP('',(#15567));
#15567 = ORIENTED_EDGE('',*,*,#15568,.T.);
#15568 = EDGE_CURVE('',#15569,#15569,#15571,.T.);
#15569 = VERTEX_POINT('',#15570);
#15570 = CARTESIAN_POINT('',(169.54,-73.95,1.51));
#15571 = CIRCLE('',#15572,0.5);
#15572 = AXIS2_PLACEMENT_3D('',#15573,#15574,#15575);
#15573 = CARTESIAN_POINT('',(169.54,-73.45,1.51));
#15574 = DIRECTION('',(-0.,0.,-1.));
#15575 = DIRECTION('',(-0.,-1.,0.));
#15576 = FACE_BOUND('',#15577,.T.);
#15577 = EDGE_LOOP('',(#15578));
#15578 = ORIENTED_EDGE('',*,*,#15579,.T.);
#15579 = EDGE_CURVE('',#15580,#15580,#15582,.T.);
#15580 = VERTEX_POINT('',#15581);
#15581 = CARTESIAN_POINT('',(172.08,-73.95,1.51));
#15582 = CIRCLE('',#15583,0.5);
#15583 = AXIS2_PLACEMENT_3D('',#15584,#15585,#15586);
#15584 = CARTESIAN_POINT('',(172.08,-73.45,1.51));
#15585 = DIRECTION('',(-0.,0.,-1.));
#15586 = DIRECTION('',(-0.,-1.,0.));
#15587 = FACE_BOUND('',#15588,.T.);
#15588 = EDGE_LOOP('',(#15589));
#15589 = ORIENTED_EDGE('',*,*,#15590,.T.);
#15590 = EDGE_CURVE('',#15591,#15591,#15593,.T.);
#15591 = VERTEX_POINT('',#15592);
#15592 = CARTESIAN_POINT('',(174.62,-73.95,1.51));
#15593 = CIRCLE('',#15594,0.5);
#15594 = AXIS2_PLACEMENT_3D('',#15595,#15596,#15597);
#15595 = CARTESIAN_POINT('',(174.62,-73.45,1.51));
#15596 = DIRECTION('',(-0.,0.,-1.));
#15597 = DIRECTION('',(-0.,-1.,0.));
#15598 = FACE_BOUND('',#15599,.T.);
#15599 = EDGE_LOOP('',(#15600));
#15600 = ORIENTED_EDGE('',*,*,#15601,.T.);
#15601 = EDGE_CURVE('',#15602,#15602,#15604,.T.);
#15602 = VERTEX_POINT('',#15603);
#15603 = CARTESIAN_POINT('',(128.2175,-66.8425,1.51));
#15604 = CIRCLE('',#15605,0.4);
#15605 = AXIS2_PLACEMENT_3D('',#15606,#15607,#15608);
#15606 = CARTESIAN_POINT('',(128.2175,-66.4425,1.51));
#15607 = DIRECTION('',(-0.,0.,-1.));
#15608 = DIRECTION('',(-0.,-1.,0.));
#15609 = FACE_BOUND('',#15610,.T.);
#15610 = EDGE_LOOP('',(#15611));
#15611 = ORIENTED_EDGE('',*,*,#15612,.T.);
#15612 = EDGE_CURVE('',#15613,#15613,#15615,.T.);
#15613 = VERTEX_POINT('',#15614);
#15614 = CARTESIAN_POINT('',(128.2175,-64.8425,1.51));
#15615 = CIRCLE('',#15616,0.4);
#15616 = AXIS2_PLACEMENT_3D('',#15617,#15618,#15619);
#15617 = CARTESIAN_POINT('',(128.2175,-64.4425,1.51));
#15618 = DIRECTION('',(-0.,0.,-1.));
#15619 = DIRECTION('',(-0.,-1.,0.));
#15620 = FACE_BOUND('',#15621,.T.);
#15621 = EDGE_LOOP('',(#15622));
#15622 = ORIENTED_EDGE('',*,*,#15623,.T.);
#15623 = EDGE_CURVE('',#15624,#15624,#15626,.T.);
#15624 = VERTEX_POINT('',#15625);
#15625 = CARTESIAN_POINT('',(128.2175,-62.8425,1.51));
#15626 = CIRCLE('',#15627,0.4);
#15627 = AXIS2_PLACEMENT_3D('',#15628,#15629,#15630);
#15628 = CARTESIAN_POINT('',(128.2175,-62.4425,1.51));
#15629 = DIRECTION('',(-0.,0.,-1.));
#15630 = DIRECTION('',(-0.,-1.,0.));
#15631 = FACE_BOUND('',#15632,.T.);
#15632 = EDGE_LOOP('',(#15633));
#15633 = ORIENTED_EDGE('',*,*,#15634,.T.);
#15634 = EDGE_CURVE('',#15635,#15635,#15637,.T.);
#15635 = VERTEX_POINT('',#15636);
#15636 = CARTESIAN_POINT('',(128.2175,-60.8425,1.51));
#15637 = CIRCLE('',#15638,0.4);
#15638 = AXIS2_PLACEMENT_3D('',#15639,#15640,#15641);
#15639 = CARTESIAN_POINT('',(128.2175,-60.4425,1.51));
#15640 = DIRECTION('',(-0.,0.,-1.));
#15641 = DIRECTION('',(-0.,-1.,0.));
#15642 = FACE_BOUND('',#15643,.T.);
#15643 = EDGE_LOOP('',(#15644));
#15644 = ORIENTED_EDGE('',*,*,#15645,.T.);
#15645 = EDGE_CURVE('',#15646,#15646,#15648,.T.);
#15646 = VERTEX_POINT('',#15647);
#15647 = CARTESIAN_POINT('',(141.8175,-66.8425,1.51));
#15648 = CIRCLE('',#15649,0.4);
#15649 = AXIS2_PLACEMENT_3D('',#15650,#15651,#15652);
#15650 = CARTESIAN_POINT('',(141.8175,-66.4425,1.51));
#15651 = DIRECTION('',(-0.,0.,-1.));
#15652 = DIRECTION('',(-0.,-1.,0.));
#15653 = FACE_BOUND('',#15654,.T.);
#15654 = EDGE_LOOP('',(#15655));
#15655 = ORIENTED_EDGE('',*,*,#15656,.T.);
#15656 = EDGE_CURVE('',#15657,#15657,#15659,.T.);
#15657 = VERTEX_POINT('',#15658);
#15658 = CARTESIAN_POINT('',(141.8175,-64.8425,1.51));
#15659 = CIRCLE('',#15660,0.4);
#15660 = AXIS2_PLACEMENT_3D('',#15661,#15662,#15663);
#15661 = CARTESIAN_POINT('',(141.8175,-64.4425,1.51));
#15662 = DIRECTION('',(-0.,0.,-1.));
#15663 = DIRECTION('',(-0.,-1.,0.));
#15664 = FACE_BOUND('',#15665,.T.);
#15665 = EDGE_LOOP('',(#15666));
#15666 = ORIENTED_EDGE('',*,*,#15667,.T.);
#15667 = EDGE_CURVE('',#15668,#15668,#15670,.T.);
#15668 = VERTEX_POINT('',#15669);
#15669 = CARTESIAN_POINT('',(141.8175,-62.8425,1.51));
#15670 = CIRCLE('',#15671,0.4);
#15671 = AXIS2_PLACEMENT_3D('',#15672,#15673,#15674);
#15672 = CARTESIAN_POINT('',(141.8175,-62.4425,1.51));
#15673 = DIRECTION('',(-0.,0.,-1.));
#15674 = DIRECTION('',(-0.,-1.,0.));
#15675 = FACE_BOUND('',#15676,.T.);
#15676 = EDGE_LOOP('',(#15677));
#15677 = ORIENTED_EDGE('',*,*,#15678,.T.);
#15678 = EDGE_CURVE('',#15679,#15679,#15681,.T.);
#15679 = VERTEX_POINT('',#15680);
#15680 = CARTESIAN_POINT('',(141.8175,-60.8425,1.51));
#15681 = CIRCLE('',#15682,0.4);
#15682 = AXIS2_PLACEMENT_3D('',#15683,#15684,#15685);
#15683 = CARTESIAN_POINT('',(141.8175,-60.4425,1.51));
#15684 = DIRECTION('',(-0.,0.,-1.));
#15685 = DIRECTION('',(-0.,-1.,0.));
#15686 = FACE_BOUND('',#15687,.T.);
#15687 = EDGE_LOOP('',(#15688));
#15688 = ORIENTED_EDGE('',*,*,#15689,.T.);
#15689 = EDGE_CURVE('',#15690,#15690,#15692,.T.);
#15690 = VERTEX_POINT('',#15691);
#15691 = CARTESIAN_POINT('',(128.2175,-58.8425,1.51));
#15692 = CIRCLE('',#15693,0.4);
#15693 = AXIS2_PLACEMENT_3D('',#15694,#15695,#15696);
#15694 = CARTESIAN_POINT('',(128.2175,-58.4425,1.51));
#15695 = DIRECTION('',(-0.,0.,-1.));
#15696 = DIRECTION('',(-0.,-1.,0.));
#15697 = FACE_BOUND('',#15698,.T.);
#15698 = EDGE_LOOP('',(#15699));
#15699 = ORIENTED_EDGE('',*,*,#15700,.T.);
#15700 = EDGE_CURVE('',#15701,#15701,#15703,.T.);
#15701 = VERTEX_POINT('',#15702);
#15702 = CARTESIAN_POINT('',(122.9,-58.35,1.51));
#15703 = CIRCLE('',#15704,0.35);
#15704 = AXIS2_PLACEMENT_3D('',#15705,#15706,#15707);
#15705 = CARTESIAN_POINT('',(122.9,-58.,1.51));
#15706 = DIRECTION('',(-0.,0.,-1.));
#15707 = DIRECTION('',(-0.,-1.,0.));
#15708 = FACE_BOUND('',#15709,.T.);
#15709 = EDGE_LOOP('',(#15710));
#15710 = ORIENTED_EDGE('',*,*,#15711,.T.);
#15711 = EDGE_CURVE('',#15712,#15712,#15714,.T.);
#15712 = VERTEX_POINT('',#15713);
#15713 = CARTESIAN_POINT('',(120.225,-54.55,1.51));
#15714 = CIRCLE('',#15715,0.35);
#15715 = AXIS2_PLACEMENT_3D('',#15716,#15717,#15718);
#15716 = CARTESIAN_POINT('',(120.225,-54.2,1.51));
#15717 = DIRECTION('',(-0.,0.,-1.));
#15718 = DIRECTION('',(-0.,-1.,0.));
#15719 = FACE_BOUND('',#15720,.T.);
#15720 = EDGE_LOOP('',(#15721));
#15721 = ORIENTED_EDGE('',*,*,#15722,.T.);
#15722 = EDGE_CURVE('',#15723,#15723,#15725,.T.);
#15723 = VERTEX_POINT('',#15724);
#15724 = CARTESIAN_POINT('',(128.2175,-56.8425,1.51));
#15725 = CIRCLE('',#15726,0.4);
#15726 = AXIS2_PLACEMENT_3D('',#15727,#15728,#15729);
#15727 = CARTESIAN_POINT('',(128.2175,-56.4425,1.51));
#15728 = DIRECTION('',(-0.,0.,-1.));
#15729 = DIRECTION('',(-0.,-1.,0.));
#15730 = FACE_BOUND('',#15731,.T.);
#15731 = EDGE_LOOP('',(#15732));
#15732 = ORIENTED_EDGE('',*,*,#15733,.T.);
#15733 = EDGE_CURVE('',#15734,#15734,#15736,.T.);
#15734 = VERTEX_POINT('',#15735);
#15735 = CARTESIAN_POINT('',(141.8175,-58.8425,1.51));
#15736 = CIRCLE('',#15737,0.4);
#15737 = AXIS2_PLACEMENT_3D('',#15738,#15739,#15740);
#15738 = CARTESIAN_POINT('',(141.8175,-58.4425,1.51));
#15739 = DIRECTION('',(-0.,0.,-1.));
#15740 = DIRECTION('',(-0.,-1.,0.));
#15741 = FACE_BOUND('',#15742,.T.);
#15742 = EDGE_LOOP('',(#15743));
#15743 = ORIENTED_EDGE('',*,*,#15744,.T.);
#15744 = EDGE_CURVE('',#15745,#15745,#15747,.T.);
#15745 = VERTEX_POINT('',#15746);
#15746 = CARTESIAN_POINT('',(141.8175,-56.8425,1.51));
#15747 = CIRCLE('',#15748,0.4);
#15748 = AXIS2_PLACEMENT_3D('',#15749,#15750,#15751);
#15749 = CARTESIAN_POINT('',(141.8175,-56.4425,1.51));
#15750 = DIRECTION('',(-0.,0.,-1.));
#15751 = DIRECTION('',(-0.,-1.,0.));
#15752 = FACE_BOUND('',#15753,.T.);
#15753 = EDGE_LOOP('',(#15754));
#15754 = ORIENTED_EDGE('',*,*,#15755,.T.);
#15755 = EDGE_CURVE('',#15756,#15756,#15758,.T.);
#15756 = VERTEX_POINT('',#15757);
#15757 = CARTESIAN_POINT('',(144.925,-54.45,1.51));
#15758 = CIRCLE('',#15759,0.35);
#15759 = AXIS2_PLACEMENT_3D('',#15760,#15761,#15762);
#15760 = CARTESIAN_POINT('',(144.925,-54.1,1.51));
#15761 = DIRECTION('',(-0.,0.,-1.));
#15762 = DIRECTION('',(-0.,-1.,0.));
#15763 = FACE_BOUND('',#15764,.T.);
#15764 = EDGE_LOOP('',(#15765));
#15765 = ORIENTED_EDGE('',*,*,#15766,.T.);
#15766 = EDGE_CURVE('',#15767,#15767,#15769,.T.);
#15767 = VERTEX_POINT('',#15768);
#15768 = CARTESIAN_POINT('',(148.425,-66.962,1.51));
#15769 = CIRCLE('',#15770,0.762);
#15770 = AXIS2_PLACEMENT_3D('',#15771,#15772,#15773);
#15771 = CARTESIAN_POINT('',(148.425,-66.2,1.51));
#15772 = DIRECTION('',(-0.,0.,-1.));
#15773 = DIRECTION('',(-0.,-1.,0.));
#15774 = FACE_BOUND('',#15775,.T.);
#15775 = EDGE_LOOP('',(#15776));
#15776 = ORIENTED_EDGE('',*,*,#15777,.T.);
#15777 = EDGE_CURVE('',#15778,#15778,#15780,.T.);
#15778 = VERTEX_POINT('',#15779);
#15779 = CARTESIAN_POINT('',(154.775,-66.962,1.51));
#15780 = CIRCLE('',#15781,0.762);
#15781 = AXIS2_PLACEMENT_3D('',#15782,#15783,#15784);
#15782 = CARTESIAN_POINT('',(154.775,-66.2,1.51));
#15783 = DIRECTION('',(-0.,0.,-1.));
#15784 = DIRECTION('',(-0.,-1.,0.));
#15785 = FACE_BOUND('',#15786,.T.);
#15786 = EDGE_LOOP('',(#15787));
#15787 = ORIENTED_EDGE('',*,*,#15788,.T.);
#15788 = EDGE_CURVE('',#15789,#15789,#15791,.T.);
#15789 = VERTEX_POINT('',#15790);
#15790 = CARTESIAN_POINT('',(151.6,-63.66,1.51));
#15791 = CIRCLE('',#15792,0.635);
#15792 = AXIS2_PLACEMENT_3D('',#15793,#15794,#15795);
#15793 = CARTESIAN_POINT('',(151.6,-63.025,1.51));
#15794 = DIRECTION('',(-0.,0.,-1.));
#15795 = DIRECTION('',(-4.475859752819E-14,-1.,0.));
#15796 = FACE_BOUND('',#15797,.T.);
#15797 = EDGE_LOOP('',(#15798));
#15798 = ORIENTED_EDGE('',*,*,#15799,.T.);
#15799 = EDGE_CURVE('',#15800,#15800,#15802,.T.);
#15800 = VERTEX_POINT('',#15801);
#15801 = CARTESIAN_POINT('',(148.425,-60.612,1.51));
#15802 = CIRCLE('',#15803,0.762);
#15803 = AXIS2_PLACEMENT_3D('',#15804,#15805,#15806);
#15804 = CARTESIAN_POINT('',(148.425,-59.85,1.51));
#15805 = DIRECTION('',(-0.,0.,-1.));
#15806 = DIRECTION('',(-0.,-1.,0.));
#15807 = FACE_BOUND('',#15808,.T.);
#15808 = EDGE_LOOP('',(#15809));
#15809 = ORIENTED_EDGE('',*,*,#15810,.T.);
#15810 = EDGE_CURVE('',#15811,#15811,#15813,.T.);
#15811 = VERTEX_POINT('',#15812);
#15812 = CARTESIAN_POINT('',(154.775,-60.612,1.51));
#15813 = CIRCLE('',#15814,0.762);
#15814 = AXIS2_PLACEMENT_3D('',#15815,#15816,#15817);
#15815 = CARTESIAN_POINT('',(154.775,-59.85,1.51));
#15816 = DIRECTION('',(-0.,0.,-1.));
#15817 = DIRECTION('',(-0.,-1.,0.));
#15818 = FACE_BOUND('',#15819,.T.);
#15819 = EDGE_LOOP('',(#15820));
#15820 = ORIENTED_EDGE('',*,*,#15821,.T.);
#15821 = EDGE_CURVE('',#15822,#15822,#15824,.T.);
#15822 = VERTEX_POINT('',#15823);
#15823 = CARTESIAN_POINT('',(150.6,-55.6,1.51));
#15824 = CIRCLE('',#15825,0.35);
#15825 = AXIS2_PLACEMENT_3D('',#15826,#15827,#15828);
#15826 = CARTESIAN_POINT('',(150.6,-55.25,1.51));
#15827 = DIRECTION('',(-0.,0.,-1.));
#15828 = DIRECTION('',(-0.,-1.,0.));
#15829 = FACE_BOUND('',#15830,.T.);
#15830 = EDGE_LOOP('',(#15831));
#15831 = ORIENTED_EDGE('',*,*,#15832,.F.);
#15832 = EDGE_CURVE('',#15833,#15833,#15835,.T.);
#15833 = VERTEX_POINT('',#15834);
#15834 = CARTESIAN_POINT('',(179.4,-56.9,1.51));
#15835 = CIRCLE('',#15836,3.5);
#15836 = AXIS2_PLACEMENT_3D('',#15837,#15838,#15839);
#15837 = CARTESIAN_POINT('',(175.9,-56.9,1.51));
#15838 = DIRECTION('',(0.,0.,1.));
#15839 = DIRECTION('',(1.,0.,-0.));
#15840 = FACE_BOUND('',#15841,.T.);
#15841 = EDGE_LOOP('',(#15842));
#15842 = ORIENTED_EDGE('',*,*,#15843,.T.);
#15843 = EDGE_CURVE('',#15844,#15844,#15846,.T.);
#15844 = VERTEX_POINT('',#15845);
#15845 = CARTESIAN_POINT('',(163.05,-54.65,1.51));
#15846 = CIRCLE('',#15847,0.35);
#15847 = AXIS2_PLACEMENT_3D('',#15848,#15849,#15850);
#15848 = CARTESIAN_POINT('',(163.05,-54.3,1.51));
#15849 = DIRECTION('',(-0.,0.,-1.));
#15850 = DIRECTION('',(-0.,-1.,0.));
#15851 = PLANE('',#15852);
#15852 = AXIS2_PLACEMENT_3D('',#15853,#15854,#15855);
#15853 = CARTESIAN_POINT('',(0.,0.,1.51));
#15854 = DIRECTION('',(0.,0.,1.));
#15855 = DIRECTION('',(1.,0.,-0.));
#15856 = ADVANCED_FACE('',(#15857),#15863,.T.);
#15857 = FACE_BOUND('',#15858,.T.);
#15858 = EDGE_LOOP('',(#15859,#15860,#15861,#15862));
#15859 = ORIENTED_EDGE('',*,*,#12878,.T.);
#15860 = ORIENTED_EDGE('',*,*,#14382,.T.);
#15861 = ORIENTED_EDGE('',*,*,#12838,.F.);
#15862 = ORIENTED_EDGE('',*,*,#12902,.F.);
#15863 = PLANE('',#15864);
#15864 = AXIS2_PLACEMENT_3D('',#15865,#15866,#15867);
#15865 = CARTESIAN_POINT('',(45.,-50.,0.));
#15866 = DIRECTION('',(0.,1.,0.));
#15867 = DIRECTION('',(1.,0.,0.));
#15868 = ADVANCED_FACE('',(#15869),#15880,.F.);
#15869 = FACE_BOUND('',#15870,.T.);
#15870 = EDGE_LOOP('',(#15871,#15877,#15878,#15879));
#15871 = ORIENTED_EDGE('',*,*,#15872,.T.);
#15872 = EDGE_CURVE('',#12912,#14392,#15873,.T.);
#15873 = LINE('',#15874,#15875);
#15874 = CARTESIAN_POINT('',(78.9,-105.75,0.));
#15875 = VECTOR('',#15876,1.);
#15876 = DIRECTION('',(0.,0.,1.));
#15877 = ORIENTED_EDGE('',*,*,#14391,.T.);
#15878 = ORIENTED_EDGE('',*,*,#15872,.F.);
#15879 = ORIENTED_EDGE('',*,*,#12911,.F.);
#15880 = CYLINDRICAL_SURFACE('',#15881,3.5);
#15881 = AXIS2_PLACEMENT_3D('',#15882,#15883,#15884);
#15882 = CARTESIAN_POINT('',(75.4,-105.75,0.));
#15883 = DIRECTION('',(-0.,-0.,-1.));
#15884 = DIRECTION('',(1.,0.,-0.));
#15885 = ADVANCED_FACE('',(#15886),#15897,.F.);
#15886 = FACE_BOUND('',#15887,.T.);
#15887 = EDGE_LOOP('',(#15888,#15889,#15895,#15896));
#15888 = ORIENTED_EDGE('',*,*,#12922,.T.);
#15889 = ORIENTED_EDGE('',*,*,#15890,.T.);
#15890 = EDGE_CURVE('',#12923,#14403,#15891,.T.);
#15891 = LINE('',#15892,#15893);
#15892 = CARTESIAN_POINT('',(111.71,-106.54,-4.6E-02));
#15893 = VECTOR('',#15894,1.);
#15894 = DIRECTION('',(0.,0.,1.));
#15895 = ORIENTED_EDGE('',*,*,#14402,.F.);
#15896 = ORIENTED_EDGE('',*,*,#15890,.F.);
#15897 = CYLINDRICAL_SURFACE('',#15898,0.5);
#15898 = AXIS2_PLACEMENT_3D('',#15899,#15900,#15901);
#15899 = CARTESIAN_POINT('',(111.71,-106.04,-4.6E-02));
#15900 = DIRECTION('',(-0.,-0.,-1.));
#15901 = DIRECTION('',(-0.,-1.,0.));
#15902 = ADVANCED_FACE('',(#15903),#15914,.F.);
#15903 = FACE_BOUND('',#15904,.T.);
#15904 = EDGE_LOOP('',(#15905,#15906,#15912,#15913));
#15905 = ORIENTED_EDGE('',*,*,#12933,.T.);
#15906 = ORIENTED_EDGE('',*,*,#15907,.T.);
#15907 = EDGE_CURVE('',#12934,#14414,#15908,.T.);
#15908 = LINE('',#15909,#15910);
#15909 = CARTESIAN_POINT('',(111.71,-104.,-4.6E-02));
#15910 = VECTOR('',#15911,1.);
#15911 = DIRECTION('',(0.,0.,1.));
#15912 = ORIENTED_EDGE('',*,*,#14413,.F.);
#15913 = ORIENTED_EDGE('',*,*,#15907,.F.);
#15914 = CYLINDRICAL_SURFACE('',#15915,0.5);
#15915 = AXIS2_PLACEMENT_3D('',#15916,#15917,#15918);
#15916 = CARTESIAN_POINT('',(111.71,-103.5,-4.6E-02));
#15917 = DIRECTION('',(-0.,-0.,-1.));
#15918 = DIRECTION('',(-0.,-1.,0.));
#15919 = ADVANCED_FACE('',(#15920),#15931,.F.);
#15920 = FACE_BOUND('',#15921,.T.);
#15921 = EDGE_LOOP('',(#15922,#15923,#15929,#15930));
#15922 = ORIENTED_EDGE('',*,*,#12944,.T.);
#15923 = ORIENTED_EDGE('',*,*,#15924,.T.);
#15924 = EDGE_CURVE('',#12945,#14425,#15925,.T.);
#15925 = LINE('',#15926,#15927);
#15926 = CARTESIAN_POINT('',(87.05,-101.475,-4.6E-02));
#15927 = VECTOR('',#15928,1.);
#15928 = DIRECTION('',(0.,0.,1.));
#15929 = ORIENTED_EDGE('',*,*,#14424,.F.);
#15930 = ORIENTED_EDGE('',*,*,#15924,.F.);
#15931 = CYLINDRICAL_SURFACE('',#15932,0.375);
#15932 = AXIS2_PLACEMENT_3D('',#15933,#15934,#15935);
#15933 = CARTESIAN_POINT('',(87.05,-101.1,-4.6E-02));
#15934 = DIRECTION('',(-0.,-0.,-1.));
#15935 = DIRECTION('',(-0.,-1.,0.));
#15936 = ADVANCED_FACE('',(#15937),#15948,.F.);
#15937 = FACE_BOUND('',#15938,.T.);
#15938 = EDGE_LOOP('',(#15939,#15940,#15946,#15947));
#15939 = ORIENTED_EDGE('',*,*,#12955,.T.);
#15940 = ORIENTED_EDGE('',*,*,#15941,.T.);
#15941 = EDGE_CURVE('',#12956,#14436,#15942,.T.);
#15942 = LINE('',#15943,#15944);
#15943 = CARTESIAN_POINT('',(88.78,-101.475,-4.6E-02));
#15944 = VECTOR('',#15945,1.);
#15945 = DIRECTION('',(0.,0.,1.));
#15946 = ORIENTED_EDGE('',*,*,#14435,.F.);
#15947 = ORIENTED_EDGE('',*,*,#15941,.F.);
#15948 = CYLINDRICAL_SURFACE('',#15949,0.375);
#15949 = AXIS2_PLACEMENT_3D('',#15950,#15951,#15952);
#15950 = CARTESIAN_POINT('',(88.78,-101.1,-4.6E-02));
#15951 = DIRECTION('',(-0.,-0.,-1.));
#15952 = DIRECTION('',(-0.,-1.,0.));
#15953 = ADVANCED_FACE('',(#15954),#15965,.F.);
#15954 = FACE_BOUND('',#15955,.T.);
#15955 = EDGE_LOOP('',(#15956,#15957,#15963,#15964));
#15956 = ORIENTED_EDGE('',*,*,#12966,.T.);
#15957 = ORIENTED_EDGE('',*,*,#15958,.T.);
#15958 = EDGE_CURVE('',#12967,#14447,#15959,.T.);
#15959 = LINE('',#15960,#15961);
#15960 = CARTESIAN_POINT('',(90.51,-101.475,-4.6E-02));
#15961 = VECTOR('',#15962,1.);
#15962 = DIRECTION('',(0.,0.,1.));
#15963 = ORIENTED_EDGE('',*,*,#14446,.F.);
#15964 = ORIENTED_EDGE('',*,*,#15958,.F.);
#15965 = CYLINDRICAL_SURFACE('',#15966,0.375);
#15966 = AXIS2_PLACEMENT_3D('',#15967,#15968,#15969);
#15967 = CARTESIAN_POINT('',(90.51,-101.1,-4.6E-02));
#15968 = DIRECTION('',(-0.,-0.,-1.));
#15969 = DIRECTION('',(-0.,-1.,0.));
#15970 = ADVANCED_FACE('',(#15971),#15982,.F.);
#15971 = FACE_BOUND('',#15972,.T.);
#15972 = EDGE_LOOP('',(#15973,#15974,#15980,#15981));
#15973 = ORIENTED_EDGE('',*,*,#12977,.T.);
#15974 = ORIENTED_EDGE('',*,*,#15975,.T.);
#15975 = EDGE_CURVE('',#12978,#14458,#15976,.T.);
#15976 = LINE('',#15977,#15978);
#15977 = CARTESIAN_POINT('',(95.35,-101.65,-4.6E-02));
#15978 = VECTOR('',#15979,1.);
#15979 = DIRECTION('',(0.,0.,1.));
#15980 = ORIENTED_EDGE('',*,*,#14457,.F.);
#15981 = ORIENTED_EDGE('',*,*,#15975,.F.);
#15982 = CYLINDRICAL_SURFACE('',#15983,0.5);
#15983 = AXIS2_PLACEMENT_3D('',#15984,#15985,#15986);
#15984 = CARTESIAN_POINT('',(95.35,-101.15,-4.6E-02));
#15985 = DIRECTION('',(-0.,-0.,-1.));
#15986 = DIRECTION('',(-0.,-1.,0.));
#15987 = ADVANCED_FACE('',(#15988),#15999,.F.);
#15988 = FACE_BOUND('',#15989,.T.);
#15989 = EDGE_LOOP('',(#15990,#15991,#15997,#15998));
#15990 = ORIENTED_EDGE('',*,*,#12988,.T.);
#15991 = ORIENTED_EDGE('',*,*,#15992,.T.);
#15992 = EDGE_CURVE('',#12989,#14469,#15993,.T.);
#15993 = LINE('',#15994,#15995);
#15994 = CARTESIAN_POINT('',(102.95,-101.65,-4.6E-02));
#15995 = VECTOR('',#15996,1.);
#15996 = DIRECTION('',(0.,0.,1.));
#15997 = ORIENTED_EDGE('',*,*,#14468,.F.);
#15998 = ORIENTED_EDGE('',*,*,#15992,.F.);
#15999 = CYLINDRICAL_SURFACE('',#16000,0.5);
#16000 = AXIS2_PLACEMENT_3D('',#16001,#16002,#16003);
#16001 = CARTESIAN_POINT('',(102.95,-101.15,-4.6E-02));
#16002 = DIRECTION('',(-0.,-0.,-1.));
#16003 = DIRECTION('',(-0.,-1.,0.));
#16004 = ADVANCED_FACE('',(#16005),#16016,.F.);
#16005 = FACE_BOUND('',#16006,.T.);
#16006 = EDGE_LOOP('',(#16007,#16008,#16014,#16015));
#16007 = ORIENTED_EDGE('',*,*,#12999,.T.);
#16008 = ORIENTED_EDGE('',*,*,#16009,.T.);
#16009 = EDGE_CURVE('',#13000,#14480,#16010,.T.);
#16010 = LINE('',#16011,#16012);
#16011 = CARTESIAN_POINT('',(111.71,-101.46,-4.6E-02));
#16012 = VECTOR('',#16013,1.);
#16013 = DIRECTION('',(0.,0.,1.));
#16014 = ORIENTED_EDGE('',*,*,#14479,.F.);
#16015 = ORIENTED_EDGE('',*,*,#16009,.F.);
#16016 = CYLINDRICAL_SURFACE('',#16017,0.5);
#16017 = AXIS2_PLACEMENT_3D('',#16018,#16019,#16020);
#16018 = CARTESIAN_POINT('',(111.71,-100.96,-4.6E-02));
#16019 = DIRECTION('',(-0.,-0.,-1.));
#16020 = DIRECTION('',(-0.,-1.,0.));
#16021 = ADVANCED_FACE('',(#16022),#16033,.F.);
#16022 = FACE_BOUND('',#16023,.T.);
#16023 = EDGE_LOOP('',(#16024,#16025,#16031,#16032));
#16024 = ORIENTED_EDGE('',*,*,#13010,.T.);
#16025 = ORIENTED_EDGE('',*,*,#16026,.T.);
#16026 = EDGE_CURVE('',#13011,#14491,#16027,.T.);
#16027 = LINE('',#16028,#16029);
#16028 = CARTESIAN_POINT('',(51.79,-89.5,-4.6E-02));
#16029 = VECTOR('',#16030,1.);
#16030 = DIRECTION('',(0.,0.,1.));
#16031 = ORIENTED_EDGE('',*,*,#14490,.F.);
#16032 = ORIENTED_EDGE('',*,*,#16026,.F.);
#16033 = CYLINDRICAL_SURFACE('',#16034,0.5);
#16034 = AXIS2_PLACEMENT_3D('',#16035,#16036,#16037);
#16035 = CARTESIAN_POINT('',(51.79,-89.,-4.6E-02));
#16036 = DIRECTION('',(-0.,-0.,-1.));
#16037 = DIRECTION('',(-0.,-1.,0.));
#16038 = ADVANCED_FACE('',(#16039),#16050,.F.);
#16039 = FACE_BOUND('',#16040,.T.);
#16040 = EDGE_LOOP('',(#16041,#16042,#16048,#16049));
#16041 = ORIENTED_EDGE('',*,*,#13021,.T.);
#16042 = ORIENTED_EDGE('',*,*,#16043,.T.);
#16043 = EDGE_CURVE('',#13022,#14502,#16044,.T.);
#16044 = LINE('',#16045,#16046);
#16045 = CARTESIAN_POINT('',(54.33,-89.5,-4.6E-02));
#16046 = VECTOR('',#16047,1.);
#16047 = DIRECTION('',(0.,0.,1.));
#16048 = ORIENTED_EDGE('',*,*,#14501,.F.);
#16049 = ORIENTED_EDGE('',*,*,#16043,.F.);
#16050 = CYLINDRICAL_SURFACE('',#16051,0.5);
#16051 = AXIS2_PLACEMENT_3D('',#16052,#16053,#16054);
#16052 = CARTESIAN_POINT('',(54.33,-89.,-4.6E-02));
#16053 = DIRECTION('',(-0.,-0.,-1.));
#16054 = DIRECTION('',(-0.,-1.,0.));
#16055 = ADVANCED_FACE('',(#16056),#16067,.F.);
#16056 = FACE_BOUND('',#16057,.T.);
#16057 = EDGE_LOOP('',(#16058,#16059,#16065,#16066));
#16058 = ORIENTED_EDGE('',*,*,#13032,.T.);
#16059 = ORIENTED_EDGE('',*,*,#16060,.T.);
#16060 = EDGE_CURVE('',#13033,#14513,#16061,.T.);
#16061 = LINE('',#16062,#16063);
#16062 = CARTESIAN_POINT('',(56.87,-89.5,-4.6E-02));
#16063 = VECTOR('',#16064,1.);
#16064 = DIRECTION('',(0.,0.,1.));
#16065 = ORIENTED_EDGE('',*,*,#14512,.F.);
#16066 = ORIENTED_EDGE('',*,*,#16060,.F.);
#16067 = CYLINDRICAL_SURFACE('',#16068,0.5);
#16068 = AXIS2_PLACEMENT_3D('',#16069,#16070,#16071);
#16069 = CARTESIAN_POINT('',(56.87,-89.,-4.6E-02));
#16070 = DIRECTION('',(-0.,-0.,-1.));
#16071 = DIRECTION('',(-0.,-1.,0.));
#16072 = ADVANCED_FACE('',(#16073),#16084,.F.);
#16073 = FACE_BOUND('',#16074,.T.);
#16074 = EDGE_LOOP('',(#16075,#16076,#16082,#16083));
#16075 = ORIENTED_EDGE('',*,*,#13043,.T.);
#16076 = ORIENTED_EDGE('',*,*,#16077,.T.);
#16077 = EDGE_CURVE('',#13044,#14524,#16078,.T.);
#16078 = LINE('',#16079,#16080);
#16079 = CARTESIAN_POINT('',(59.41,-89.5,-4.6E-02));
#16080 = VECTOR('',#16081,1.);
#16081 = DIRECTION('',(0.,0.,1.));
#16082 = ORIENTED_EDGE('',*,*,#14523,.F.);
#16083 = ORIENTED_EDGE('',*,*,#16077,.F.);
#16084 = CYLINDRICAL_SURFACE('',#16085,0.5);
#16085 = AXIS2_PLACEMENT_3D('',#16086,#16087,#16088);
#16086 = CARTESIAN_POINT('',(59.41,-89.,-4.6E-02));
#16087 = DIRECTION('',(-0.,-0.,-1.));
#16088 = DIRECTION('',(-0.,-1.,0.));
#16089 = ADVANCED_FACE('',(#16090),#16101,.F.);
#16090 = FACE_BOUND('',#16091,.T.);
#16091 = EDGE_LOOP('',(#16092,#16093,#16099,#16100));
#16092 = ORIENTED_EDGE('',*,*,#13054,.T.);
#16093 = ORIENTED_EDGE('',*,*,#16094,.T.);
#16094 = EDGE_CURVE('',#13055,#14535,#16095,.T.);
#16095 = LINE('',#16096,#16097);
#16096 = CARTESIAN_POINT('',(61.95,-89.5,-4.6E-02));
#16097 = VECTOR('',#16098,1.);
#16098 = DIRECTION('',(0.,0.,1.));
#16099 = ORIENTED_EDGE('',*,*,#14534,.F.);
#16100 = ORIENTED_EDGE('',*,*,#16094,.F.);
#16101 = CYLINDRICAL_SURFACE('',#16102,0.5);
#16102 = AXIS2_PLACEMENT_3D('',#16103,#16104,#16105);
#16103 = CARTESIAN_POINT('',(61.95,-89.,-4.6E-02));
#16104 = DIRECTION('',(-0.,-0.,-1.));
#16105 = DIRECTION('',(-0.,-1.,0.));
#16106 = ADVANCED_FACE('',(#16107),#16118,.F.);
#16107 = FACE_BOUND('',#16108,.T.);
#16108 = EDGE_LOOP('',(#16109,#16110,#16116,#16117));
#16109 = ORIENTED_EDGE('',*,*,#13065,.T.);
#16110 = ORIENTED_EDGE('',*,*,#16111,.T.);
#16111 = EDGE_CURVE('',#13066,#14546,#16112,.T.);
#16112 = LINE('',#16113,#16114);
#16113 = CARTESIAN_POINT('',(67.3,-89.55,-4.6E-02));
#16114 = VECTOR('',#16115,1.);
#16115 = DIRECTION('',(0.,0.,1.));
#16116 = ORIENTED_EDGE('',*,*,#14545,.F.);
#16117 = ORIENTED_EDGE('',*,*,#16111,.F.);
#16118 = CYLINDRICAL_SURFACE('',#16119,0.5);
#16119 = AXIS2_PLACEMENT_3D('',#16120,#16121,#16122);
#16120 = CARTESIAN_POINT('',(67.3,-89.05,-4.6E-02));
#16121 = DIRECTION('',(-0.,-0.,-1.));
#16122 = DIRECTION('',(-0.,-1.,0.));
#16123 = ADVANCED_FACE('',(#16124),#16135,.F.);
#16124 = FACE_BOUND('',#16125,.T.);
#16125 = EDGE_LOOP('',(#16126,#16127,#16133,#16134));
#16126 = ORIENTED_EDGE('',*,*,#13076,.T.);
#16127 = ORIENTED_EDGE('',*,*,#16128,.T.);
#16128 = EDGE_CURVE('',#13077,#14557,#16129,.T.);
#16129 = LINE('',#16130,#16131);
#16130 = CARTESIAN_POINT('',(69.84,-89.55,-4.6E-02));
#16131 = VECTOR('',#16132,1.);
#16132 = DIRECTION('',(0.,0.,1.));
#16133 = ORIENTED_EDGE('',*,*,#14556,.F.);
#16134 = ORIENTED_EDGE('',*,*,#16128,.F.);
#16135 = CYLINDRICAL_SURFACE('',#16136,0.5);
#16136 = AXIS2_PLACEMENT_3D('',#16137,#16138,#16139);
#16137 = CARTESIAN_POINT('',(69.84,-89.05,-4.6E-02));
#16138 = DIRECTION('',(-0.,-0.,-1.));
#16139 = DIRECTION('',(-0.,-1.,0.));
#16140 = ADVANCED_FACE('',(#16141),#16152,.F.);
#16141 = FACE_BOUND('',#16142,.T.);
#16142 = EDGE_LOOP('',(#16143,#16144,#16150,#16151));
#16143 = ORIENTED_EDGE('',*,*,#13087,.T.);
#16144 = ORIENTED_EDGE('',*,*,#16145,.T.);
#16145 = EDGE_CURVE('',#13088,#14568,#16146,.T.);
#16146 = LINE('',#16147,#16148);
#16147 = CARTESIAN_POINT('',(72.38,-89.55,-4.6E-02));
#16148 = VECTOR('',#16149,1.);
#16149 = DIRECTION('',(0.,0.,1.));
#16150 = ORIENTED_EDGE('',*,*,#14567,.F.);
#16151 = ORIENTED_EDGE('',*,*,#16145,.F.);
#16152 = CYLINDRICAL_SURFACE('',#16153,0.5);
#16153 = AXIS2_PLACEMENT_3D('',#16154,#16155,#16156);
#16154 = CARTESIAN_POINT('',(72.38,-89.05,-4.6E-02));
#16155 = DIRECTION('',(-0.,-0.,-1.));
#16156 = DIRECTION('',(-0.,-1.,0.));
#16157 = ADVANCED_FACE('',(#16158),#16169,.F.);
#16158 = FACE_BOUND('',#16159,.T.);
#16159 = EDGE_LOOP('',(#16160,#16161,#16167,#16168));
#16160 = ORIENTED_EDGE('',*,*,#13098,.T.);
#16161 = ORIENTED_EDGE('',*,*,#16162,.T.);
#16162 = EDGE_CURVE('',#13099,#14579,#16163,.T.);
#16163 = LINE('',#16164,#16165);
#16164 = CARTESIAN_POINT('',(74.92,-89.55,-4.6E-02));
#16165 = VECTOR('',#16166,1.);
#16166 = DIRECTION('',(0.,0.,1.));
#16167 = ORIENTED_EDGE('',*,*,#14578,.F.);
#16168 = ORIENTED_EDGE('',*,*,#16162,.F.);
#16169 = CYLINDRICAL_SURFACE('',#16170,0.5);
#16170 = AXIS2_PLACEMENT_3D('',#16171,#16172,#16173);
#16171 = CARTESIAN_POINT('',(74.92,-89.05,-4.6E-02));
#16172 = DIRECTION('',(-0.,-0.,-1.));
#16173 = DIRECTION('',(-0.,-1.,0.));
#16174 = ADVANCED_FACE('',(#16175),#16186,.F.);
#16175 = FACE_BOUND('',#16176,.T.);
#16176 = EDGE_LOOP('',(#16177,#16178,#16184,#16185));
#16177 = ORIENTED_EDGE('',*,*,#13109,.T.);
#16178 = ORIENTED_EDGE('',*,*,#16179,.T.);
#16179 = EDGE_CURVE('',#13110,#14590,#16180,.T.);
#16180 = LINE('',#16181,#16182);
#16181 = CARTESIAN_POINT('',(77.46,-89.55,-4.6E-02));
#16182 = VECTOR('',#16183,1.);
#16183 = DIRECTION('',(0.,0.,1.));
#16184 = ORIENTED_EDGE('',*,*,#14589,.F.);
#16185 = ORIENTED_EDGE('',*,*,#16179,.F.);
#16186 = CYLINDRICAL_SURFACE('',#16187,0.5);
#16187 = AXIS2_PLACEMENT_3D('',#16188,#16189,#16190);
#16188 = CARTESIAN_POINT('',(77.46,-89.05,-4.6E-02));
#16189 = DIRECTION('',(-0.,-0.,-1.));
#16190 = DIRECTION('',(-0.,-1.,0.));
#16191 = ADVANCED_FACE('',(#16192),#16203,.F.);
#16192 = FACE_BOUND('',#16193,.T.);
#16193 = EDGE_LOOP('',(#16194,#16195,#16201,#16202));
#16194 = ORIENTED_EDGE('',*,*,#13120,.T.);
#16195 = ORIENTED_EDGE('',*,*,#16196,.T.);
#16196 = EDGE_CURVE('',#13121,#14601,#16197,.T.);
#16197 = LINE('',#16198,#16199);
#16198 = CARTESIAN_POINT('',(80.,-89.55,-4.6E-02));
#16199 = VECTOR('',#16200,1.);
#16200 = DIRECTION('',(0.,0.,1.));
#16201 = ORIENTED_EDGE('',*,*,#14600,.F.);
#16202 = ORIENTED_EDGE('',*,*,#16196,.F.);
#16203 = CYLINDRICAL_SURFACE('',#16204,0.5);
#16204 = AXIS2_PLACEMENT_3D('',#16205,#16206,#16207);
#16205 = CARTESIAN_POINT('',(80.,-89.05,-4.6E-02));
#16206 = DIRECTION('',(-0.,-0.,-1.));
#16207 = DIRECTION('',(-0.,-1.,0.));
#16208 = ADVANCED_FACE('',(#16209),#16220,.F.);
#16209 = FACE_BOUND('',#16210,.T.);
#16210 = EDGE_LOOP('',(#16211,#16212,#16218,#16219));
#16211 = ORIENTED_EDGE('',*,*,#13131,.T.);
#16212 = ORIENTED_EDGE('',*,*,#16213,.T.);
#16213 = EDGE_CURVE('',#13132,#14612,#16214,.T.);
#16214 = LINE('',#16215,#16216);
#16215 = CARTESIAN_POINT('',(48.2,-82.5,-4.6E-02));
#16216 = VECTOR('',#16217,1.);
#16217 = DIRECTION('',(0.,0.,1.));
#16218 = ORIENTED_EDGE('',*,*,#14611,.F.);
#16219 = ORIENTED_EDGE('',*,*,#16213,.F.);
#16220 = CYLINDRICAL_SURFACE('',#16221,0.35);
#16221 = AXIS2_PLACEMENT_3D('',#16222,#16223,#16224);
#16222 = CARTESIAN_POINT('',(48.2,-82.15,-4.6E-02));
#16223 = DIRECTION('',(-0.,-0.,-1.));
#16224 = DIRECTION('',(-0.,-1.,0.));
#16225 = ADVANCED_FACE('',(#16226),#16237,.F.);
#16226 = FACE_BOUND('',#16227,.T.);
#16227 = EDGE_LOOP('',(#16228,#16229,#16235,#16236));
#16228 = ORIENTED_EDGE('',*,*,#13142,.T.);
#16229 = ORIENTED_EDGE('',*,*,#16230,.T.);
#16230 = EDGE_CURVE('',#13143,#14623,#16231,.T.);
#16231 = LINE('',#16232,#16233);
#16232 = CARTESIAN_POINT('',(60.95,-83.95,-4.6E-02));
#16233 = VECTOR('',#16234,1.);
#16234 = DIRECTION('',(0.,0.,1.));
#16235 = ORIENTED_EDGE('',*,*,#14622,.F.);
#16236 = ORIENTED_EDGE('',*,*,#16230,.F.);
#16237 = CYLINDRICAL_SURFACE('',#16238,0.35);
#16238 = AXIS2_PLACEMENT_3D('',#16239,#16240,#16241);
#16239 = CARTESIAN_POINT('',(60.95,-83.6,-4.6E-02));
#16240 = DIRECTION('',(-0.,-0.,-1.));
#16241 = DIRECTION('',(-0.,-1.,0.));
#16242 = ADVANCED_FACE('',(#16243),#16254,.F.);
#16243 = FACE_BOUND('',#16244,.T.);
#16244 = EDGE_LOOP('',(#16245,#16246,#16252,#16253));
#16245 = ORIENTED_EDGE('',*,*,#13153,.T.);
#16246 = ORIENTED_EDGE('',*,*,#16247,.T.);
#16247 = EDGE_CURVE('',#13154,#14634,#16248,.T.);
#16248 = LINE('',#16249,#16250);
#16249 = CARTESIAN_POINT('',(65.9,-82.85,-4.6E-02));
#16250 = VECTOR('',#16251,1.);
#16251 = DIRECTION('',(0.,0.,1.));
#16252 = ORIENTED_EDGE('',*,*,#14633,.F.);
#16253 = ORIENTED_EDGE('',*,*,#16247,.F.);
#16254 = CYLINDRICAL_SURFACE('',#16255,0.35);
#16255 = AXIS2_PLACEMENT_3D('',#16256,#16257,#16258);
#16256 = CARTESIAN_POINT('',(65.9,-82.5,-4.6E-02));
#16257 = DIRECTION('',(-0.,-0.,-1.));
#16258 = DIRECTION('',(-0.,-1.,0.));
#16259 = ADVANCED_FACE('',(#16260),#16271,.F.);
#16260 = FACE_BOUND('',#16261,.T.);
#16261 = EDGE_LOOP('',(#16262,#16263,#16269,#16270));
#16262 = ORIENTED_EDGE('',*,*,#13164,.T.);
#16263 = ORIENTED_EDGE('',*,*,#16264,.T.);
#16264 = EDGE_CURVE('',#13165,#14645,#16265,.T.);
#16265 = LINE('',#16266,#16267);
#16266 = CARTESIAN_POINT('',(71.,-83.,-4.6E-02));
#16267 = VECTOR('',#16268,1.);
#16268 = DIRECTION('',(0.,0.,1.));
#16269 = ORIENTED_EDGE('',*,*,#14644,.F.);
#16270 = ORIENTED_EDGE('',*,*,#16264,.F.);
#16271 = CYLINDRICAL_SURFACE('',#16272,0.35);
#16272 = AXIS2_PLACEMENT_3D('',#16273,#16274,#16275);
#16273 = CARTESIAN_POINT('',(71.,-82.65,-4.6E-02));
#16274 = DIRECTION('',(-0.,-0.,-1.));
#16275 = DIRECTION('',(-0.,-1.,0.));
#16276 = ADVANCED_FACE('',(#16277),#16288,.F.);
#16277 = FACE_BOUND('',#16278,.T.);
#16278 = EDGE_LOOP('',(#16279,#16280,#16286,#16287));
#16279 = ORIENTED_EDGE('',*,*,#13175,.T.);
#16280 = ORIENTED_EDGE('',*,*,#16281,.T.);
#16281 = EDGE_CURVE('',#13176,#14656,#16282,.T.);
#16282 = LINE('',#16283,#16284);
#16283 = CARTESIAN_POINT('',(89.2,-95.49,-4.6E-02));
#16284 = VECTOR('',#16285,1.);
#16285 = DIRECTION('',(0.,0.,1.));
#16286 = ORIENTED_EDGE('',*,*,#14655,.F.);
#16287 = ORIENTED_EDGE('',*,*,#16281,.F.);
#16288 = CYLINDRICAL_SURFACE('',#16289,0.35);
#16289 = AXIS2_PLACEMENT_3D('',#16290,#16291,#16292);
#16290 = CARTESIAN_POINT('',(89.2,-95.14,-4.6E-02));
#16291 = DIRECTION('',(-0.,0.,-1.));
#16292 = DIRECTION('',(4.060244204343E-14,-1.,-0.));
#16293 = ADVANCED_FACE('',(#16294),#16305,.F.);
#16294 = FACE_BOUND('',#16295,.T.);
#16295 = EDGE_LOOP('',(#16296,#16297,#16303,#16304));
#16296 = ORIENTED_EDGE('',*,*,#13186,.T.);
#16297 = ORIENTED_EDGE('',*,*,#16298,.T.);
#16298 = EDGE_CURVE('',#13187,#14667,#16299,.T.);
#16299 = LINE('',#16300,#16301);
#16300 = CARTESIAN_POINT('',(82.54,-89.55,-4.6E-02));
#16301 = VECTOR('',#16302,1.);
#16302 = DIRECTION('',(0.,0.,1.));
#16303 = ORIENTED_EDGE('',*,*,#14666,.F.);
#16304 = ORIENTED_EDGE('',*,*,#16298,.F.);
#16305 = CYLINDRICAL_SURFACE('',#16306,0.5);
#16306 = AXIS2_PLACEMENT_3D('',#16307,#16308,#16309);
#16307 = CARTESIAN_POINT('',(82.54,-89.05,-4.6E-02));
#16308 = DIRECTION('',(-0.,-0.,-1.));
#16309 = DIRECTION('',(-0.,-1.,0.));
#16310 = ADVANCED_FACE('',(#16311),#16322,.F.);
#16311 = FACE_BOUND('',#16312,.T.);
#16312 = EDGE_LOOP('',(#16313,#16314,#16320,#16321));
#16313 = ORIENTED_EDGE('',*,*,#13197,.T.);
#16314 = ORIENTED_EDGE('',*,*,#16315,.T.);
#16315 = EDGE_CURVE('',#13198,#14678,#16316,.T.);
#16316 = LINE('',#16317,#16318);
#16317 = CARTESIAN_POINT('',(89.2,-90.41,-4.6E-02));
#16318 = VECTOR('',#16319,1.);
#16319 = DIRECTION('',(0.,0.,1.));
#16320 = ORIENTED_EDGE('',*,*,#14677,.F.);
#16321 = ORIENTED_EDGE('',*,*,#16315,.F.);
#16322 = CYLINDRICAL_SURFACE('',#16323,0.35);
#16323 = AXIS2_PLACEMENT_3D('',#16324,#16325,#16326);
#16324 = CARTESIAN_POINT('',(89.2,-90.06,-4.6E-02));
#16325 = DIRECTION('',(-0.,0.,-1.));
#16326 = DIRECTION('',(4.060244204343E-14,-1.,-0.));
#16327 = ADVANCED_FACE('',(#16328),#16339,.F.);
#16328 = FACE_BOUND('',#16329,.T.);
#16329 = EDGE_LOOP('',(#16330,#16331,#16337,#16338));
#16330 = ORIENTED_EDGE('',*,*,#13208,.T.);
#16331 = ORIENTED_EDGE('',*,*,#16332,.T.);
#16332 = EDGE_CURVE('',#13209,#14689,#16333,.T.);
#16333 = LINE('',#16334,#16335);
#16334 = CARTESIAN_POINT('',(103.4,-92.95,-4.6E-02));
#16335 = VECTOR('',#16336,1.);
#16336 = DIRECTION('',(0.,0.,1.));
#16337 = ORIENTED_EDGE('',*,*,#14688,.F.);
#16338 = ORIENTED_EDGE('',*,*,#16332,.F.);
#16339 = CYLINDRICAL_SURFACE('',#16340,0.35);
#16340 = AXIS2_PLACEMENT_3D('',#16341,#16342,#16343);
#16341 = CARTESIAN_POINT('',(103.4,-92.6,-4.6E-02));
#16342 = DIRECTION('',(-0.,-0.,-1.));
#16343 = DIRECTION('',(-0.,-1.,0.));
#16344 = ADVANCED_FACE('',(#16345),#16356,.F.);
#16345 = FACE_BOUND('',#16346,.T.);
#16346 = EDGE_LOOP('',(#16347,#16348,#16354,#16355));
#16347 = ORIENTED_EDGE('',*,*,#13219,.T.);
#16348 = ORIENTED_EDGE('',*,*,#16349,.T.);
#16349 = EDGE_CURVE('',#13220,#14700,#16350,.T.);
#16350 = LINE('',#16351,#16352);
#16351 = CARTESIAN_POINT('',(89.5,-84.1,-4.6E-02));
#16352 = VECTOR('',#16353,1.);
#16353 = DIRECTION('',(0.,0.,1.));
#16354 = ORIENTED_EDGE('',*,*,#14699,.F.);
#16355 = ORIENTED_EDGE('',*,*,#16349,.F.);
#16356 = CYLINDRICAL_SURFACE('',#16357,0.35);
#16357 = AXIS2_PLACEMENT_3D('',#16358,#16359,#16360);
#16358 = CARTESIAN_POINT('',(89.5,-83.75,-4.6E-02));
#16359 = DIRECTION('',(-0.,-0.,-1.));
#16360 = DIRECTION('',(-0.,-1.,0.));
#16361 = ADVANCED_FACE('',(#16362),#16373,.F.);
#16362 = FACE_BOUND('',#16363,.T.);
#16363 = EDGE_LOOP('',(#16364,#16365,#16371,#16372));
#16364 = ORIENTED_EDGE('',*,*,#13230,.T.);
#16365 = ORIENTED_EDGE('',*,*,#16366,.T.);
#16366 = EDGE_CURVE('',#13231,#14711,#16367,.T.);
#16367 = LINE('',#16368,#16369);
#16368 = CARTESIAN_POINT('',(109.5,-85.85,-4.6E-02));
#16369 = VECTOR('',#16370,1.);
#16370 = DIRECTION('',(0.,0.,1.));
#16371 = ORIENTED_EDGE('',*,*,#14710,.F.);
#16372 = ORIENTED_EDGE('',*,*,#16366,.F.);
#16373 = CYLINDRICAL_SURFACE('',#16374,0.35);
#16374 = AXIS2_PLACEMENT_3D('',#16375,#16376,#16377);
#16375 = CARTESIAN_POINT('',(109.5,-85.5,-4.6E-02));
#16376 = DIRECTION('',(-0.,-0.,-1.));
#16377 = DIRECTION('',(-0.,-1.,0.));
#16378 = ADVANCED_FACE('',(#16379),#16390,.F.);
#16379 = FACE_BOUND('',#16380,.T.);
#16380 = EDGE_LOOP('',(#16381,#16382,#16388,#16389));
#16381 = ORIENTED_EDGE('',*,*,#13241,.T.);
#16382 = ORIENTED_EDGE('',*,*,#16383,.T.);
#16383 = EDGE_CURVE('',#13242,#14722,#16384,.T.);
#16384 = LINE('',#16385,#16386);
#16385 = CARTESIAN_POINT('',(117.25,-106.54,-4.6E-02));
#16386 = VECTOR('',#16387,1.);
#16387 = DIRECTION('',(0.,0.,1.));
#16388 = ORIENTED_EDGE('',*,*,#14721,.F.);
#16389 = ORIENTED_EDGE('',*,*,#16383,.F.);
#16390 = CYLINDRICAL_SURFACE('',#16391,0.5);
#16391 = AXIS2_PLACEMENT_3D('',#16392,#16393,#16394);
#16392 = CARTESIAN_POINT('',(117.25,-106.04,-4.6E-02));
#16393 = DIRECTION('',(-0.,-0.,-1.));
#16394 = DIRECTION('',(-0.,-1.,0.));
#16395 = ADVANCED_FACE('',(#16396),#16407,.F.);
#16396 = FACE_BOUND('',#16397,.T.);
#16397 = EDGE_LOOP('',(#16398,#16399,#16405,#16406));
#16398 = ORIENTED_EDGE('',*,*,#13252,.T.);
#16399 = ORIENTED_EDGE('',*,*,#16400,.T.);
#16400 = EDGE_CURVE('',#13253,#14733,#16401,.T.);
#16401 = LINE('',#16402,#16403);
#16402 = CARTESIAN_POINT('',(123.6,-106.35,-4.6E-02));
#16403 = VECTOR('',#16404,1.);
#16404 = DIRECTION('',(0.,0.,1.));
#16405 = ORIENTED_EDGE('',*,*,#14732,.F.);
#16406 = ORIENTED_EDGE('',*,*,#16400,.F.);
#16407 = CYLINDRICAL_SURFACE('',#16408,0.5);
#16408 = AXIS2_PLACEMENT_3D('',#16409,#16410,#16411);
#16409 = CARTESIAN_POINT('',(123.6,-105.85,-4.6E-02));
#16410 = DIRECTION('',(-0.,-0.,-1.));
#16411 = DIRECTION('',(-0.,-1.,0.));
#16412 = ADVANCED_FACE('',(#16413),#16424,.F.);
#16413 = FACE_BOUND('',#16414,.T.);
#16414 = EDGE_LOOP('',(#16415,#16416,#16422,#16423));
#16415 = ORIENTED_EDGE('',*,*,#13263,.T.);
#16416 = ORIENTED_EDGE('',*,*,#16417,.T.);
#16417 = EDGE_CURVE('',#13264,#14744,#16418,.T.);
#16418 = LINE('',#16419,#16420);
#16419 = CARTESIAN_POINT('',(117.25,-104.,-4.6E-02));
#16420 = VECTOR('',#16421,1.);
#16421 = DIRECTION('',(0.,0.,1.));
#16422 = ORIENTED_EDGE('',*,*,#14743,.F.);
#16423 = ORIENTED_EDGE('',*,*,#16417,.F.);
#16424 = CYLINDRICAL_SURFACE('',#16425,0.5);
#16425 = AXIS2_PLACEMENT_3D('',#16426,#16427,#16428);
#16426 = CARTESIAN_POINT('',(117.25,-103.5,-4.6E-02));
#16427 = DIRECTION('',(-0.,-0.,-1.));
#16428 = DIRECTION('',(-0.,-1.,0.));
#16429 = ADVANCED_FACE('',(#16430),#16441,.F.);
#16430 = FACE_BOUND('',#16431,.T.);
#16431 = EDGE_LOOP('',(#16432,#16433,#16439,#16440));
#16432 = ORIENTED_EDGE('',*,*,#13274,.T.);
#16433 = ORIENTED_EDGE('',*,*,#16434,.T.);
#16434 = EDGE_CURVE('',#13275,#14755,#16435,.T.);
#16435 = LINE('',#16436,#16437);
#16436 = CARTESIAN_POINT('',(123.6,-103.85,-4.6E-02));
#16437 = VECTOR('',#16438,1.);
#16438 = DIRECTION('',(0.,0.,1.));
#16439 = ORIENTED_EDGE('',*,*,#14754,.F.);
#16440 = ORIENTED_EDGE('',*,*,#16434,.F.);
#16441 = CYLINDRICAL_SURFACE('',#16442,0.5);
#16442 = AXIS2_PLACEMENT_3D('',#16443,#16444,#16445);
#16443 = CARTESIAN_POINT('',(123.6,-103.35,-4.6E-02));
#16444 = DIRECTION('',(-0.,-0.,-1.));
#16445 = DIRECTION('',(-0.,-1.,0.));
#16446 = ADVANCED_FACE('',(#16447),#16458,.F.);
#16447 = FACE_BOUND('',#16448,.T.);
#16448 = EDGE_LOOP('',(#16449,#16450,#16456,#16457));
#16449 = ORIENTED_EDGE('',*,*,#13285,.T.);
#16450 = ORIENTED_EDGE('',*,*,#16451,.T.);
#16451 = EDGE_CURVE('',#13286,#14766,#16452,.T.);
#16452 = LINE('',#16453,#16454);
#16453 = CARTESIAN_POINT('',(117.25,-101.46,-4.6E-02));
#16454 = VECTOR('',#16455,1.);
#16455 = DIRECTION('',(0.,0.,1.));
#16456 = ORIENTED_EDGE('',*,*,#14765,.F.);
#16457 = ORIENTED_EDGE('',*,*,#16451,.F.);
#16458 = CYLINDRICAL_SURFACE('',#16459,0.5);
#16459 = AXIS2_PLACEMENT_3D('',#16460,#16461,#16462);
#16460 = CARTESIAN_POINT('',(117.25,-100.96,-4.6E-02));
#16461 = DIRECTION('',(-0.,-0.,-1.));
#16462 = DIRECTION('',(-0.,-1.,0.));
#16463 = ADVANCED_FACE('',(#16464),#16475,.F.);
#16464 = FACE_BOUND('',#16465,.T.);
#16465 = EDGE_LOOP('',(#16466,#16467,#16473,#16474));
#16466 = ORIENTED_EDGE('',*,*,#13296,.T.);
#16467 = ORIENTED_EDGE('',*,*,#16468,.T.);
#16468 = EDGE_CURVE('',#13297,#14777,#16469,.T.);
#16469 = LINE('',#16470,#16471);
#16470 = CARTESIAN_POINT('',(123.6,-98.65,-4.6E-02));
#16471 = VECTOR('',#16472,1.);
#16472 = DIRECTION('',(0.,0.,1.));
#16473 = ORIENTED_EDGE('',*,*,#14776,.F.);
#16474 = ORIENTED_EDGE('',*,*,#16468,.F.);
#16475 = CYLINDRICAL_SURFACE('',#16476,0.35);
#16476 = AXIS2_PLACEMENT_3D('',#16477,#16478,#16479);
#16477 = CARTESIAN_POINT('',(123.6,-98.3,-4.6E-02));
#16478 = DIRECTION('',(-0.,-0.,-1.));
#16479 = DIRECTION('',(-0.,-1.,0.));
#16480 = ADVANCED_FACE('',(#16481),#16492,.F.);
#16481 = FACE_BOUND('',#16482,.T.);
#16482 = EDGE_LOOP('',(#16483,#16484,#16490,#16491));
#16483 = ORIENTED_EDGE('',*,*,#13307,.T.);
#16484 = ORIENTED_EDGE('',*,*,#16485,.T.);
#16485 = EDGE_CURVE('',#13308,#14788,#16486,.T.);
#16486 = LINE('',#16487,#16488);
#16487 = CARTESIAN_POINT('',(118.15,-92.95,-4.6E-02));
#16488 = VECTOR('',#16489,1.);
#16489 = DIRECTION('',(0.,0.,1.));
#16490 = ORIENTED_EDGE('',*,*,#14787,.F.);
#16491 = ORIENTED_EDGE('',*,*,#16485,.F.);
#16492 = CYLINDRICAL_SURFACE('',#16493,0.35);
#16493 = AXIS2_PLACEMENT_3D('',#16494,#16495,#16496);
#16494 = CARTESIAN_POINT('',(118.15,-92.6,-4.6E-02));
#16495 = DIRECTION('',(-0.,-0.,-1.));
#16496 = DIRECTION('',(-0.,-1.,0.));
#16497 = ADVANCED_FACE('',(#16498),#16509,.F.);
#16498 = FACE_BOUND('',#16499,.T.);
#16499 = EDGE_LOOP('',(#16500,#16501,#16507,#16508));
#16500 = ORIENTED_EDGE('',*,*,#13318,.T.);
#16501 = ORIENTED_EDGE('',*,*,#16502,.T.);
#16502 = EDGE_CURVE('',#13319,#14799,#16503,.T.);
#16503 = LINE('',#16504,#16505);
#16504 = CARTESIAN_POINT('',(128.525,-93.35,-4.6E-02));
#16505 = VECTOR('',#16506,1.);
#16506 = DIRECTION('',(0.,0.,1.));
#16507 = ORIENTED_EDGE('',*,*,#14798,.F.);
#16508 = ORIENTED_EDGE('',*,*,#16502,.F.);
#16509 = CYLINDRICAL_SURFACE('',#16510,0.4);
#16510 = AXIS2_PLACEMENT_3D('',#16511,#16512,#16513);
#16511 = CARTESIAN_POINT('',(128.525,-92.95,-4.6E-02));
#16512 = DIRECTION('',(-0.,-0.,-1.));
#16513 = DIRECTION('',(-0.,-1.,0.));
#16514 = ADVANCED_FACE('',(#16515),#16526,.F.);
#16515 = FACE_BOUND('',#16516,.T.);
#16516 = EDGE_LOOP('',(#16517,#16518,#16524,#16525));
#16517 = ORIENTED_EDGE('',*,*,#13329,.T.);
#16518 = ORIENTED_EDGE('',*,*,#16519,.T.);
#16519 = EDGE_CURVE('',#13330,#14810,#16520,.T.);
#16520 = LINE('',#16521,#16522);
#16521 = CARTESIAN_POINT('',(128.525,-90.63,-4.6E-02));
#16522 = VECTOR('',#16523,1.);
#16523 = DIRECTION('',(0.,0.,1.));
#16524 = ORIENTED_EDGE('',*,*,#14809,.F.);
#16525 = ORIENTED_EDGE('',*,*,#16519,.F.);
#16526 = CYLINDRICAL_SURFACE('',#16527,0.4);
#16527 = AXIS2_PLACEMENT_3D('',#16528,#16529,#16530);
#16528 = CARTESIAN_POINT('',(128.525,-90.23,-4.6E-02));
#16529 = DIRECTION('',(-0.,-0.,-1.));
#16530 = DIRECTION('',(-0.,-1.,0.));
#16531 = ADVANCED_FACE('',(#16532),#16543,.F.);
#16532 = FACE_BOUND('',#16533,.T.);
#16533 = EDGE_LOOP('',(#16534,#16535,#16541,#16542));
#16534 = ORIENTED_EDGE('',*,*,#13340,.T.);
#16535 = ORIENTED_EDGE('',*,*,#16536,.T.);
#16536 = EDGE_CURVE('',#13341,#14821,#16537,.T.);
#16537 = LINE('',#16538,#16539);
#16538 = CARTESIAN_POINT('',(128.525,-87.91,-4.6E-02));
#16539 = VECTOR('',#16540,1.);
#16540 = DIRECTION('',(0.,0.,1.));
#16541 = ORIENTED_EDGE('',*,*,#14820,.F.);
#16542 = ORIENTED_EDGE('',*,*,#16536,.F.);
#16543 = CYLINDRICAL_SURFACE('',#16544,0.4);
#16544 = AXIS2_PLACEMENT_3D('',#16545,#16546,#16547);
#16545 = CARTESIAN_POINT('',(128.525,-87.51,-4.6E-02));
#16546 = DIRECTION('',(-0.,-0.,-1.));
#16547 = DIRECTION('',(-0.,-1.,0.));
#16548 = ADVANCED_FACE('',(#16549),#16560,.F.);
#16549 = FACE_BOUND('',#16550,.T.);
#16550 = EDGE_LOOP('',(#16551,#16552,#16558,#16559));
#16551 = ORIENTED_EDGE('',*,*,#13351,.T.);
#16552 = ORIENTED_EDGE('',*,*,#16553,.T.);
#16553 = EDGE_CURVE('',#13352,#14832,#16554,.T.);
#16554 = LINE('',#16555,#16556);
#16555 = CARTESIAN_POINT('',(128.525,-85.19,-4.6E-02));
#16556 = VECTOR('',#16557,1.);
#16557 = DIRECTION('',(0.,0.,1.));
#16558 = ORIENTED_EDGE('',*,*,#14831,.F.);
#16559 = ORIENTED_EDGE('',*,*,#16553,.F.);
#16560 = CYLINDRICAL_SURFACE('',#16561,0.4);
#16561 = AXIS2_PLACEMENT_3D('',#16562,#16563,#16564);
#16562 = CARTESIAN_POINT('',(128.525,-84.79,-4.6E-02));
#16563 = DIRECTION('',(-0.,-0.,-1.));
#16564 = DIRECTION('',(-0.,-1.,0.));
#16565 = ADVANCED_FACE('',(#16566),#16577,.F.);
#16566 = FACE_BOUND('',#16567,.T.);
#16567 = EDGE_LOOP('',(#16568,#16569,#16575,#16576));
#16568 = ORIENTED_EDGE('',*,*,#13362,.T.);
#16569 = ORIENTED_EDGE('',*,*,#16570,.T.);
#16570 = EDGE_CURVE('',#13363,#14843,#16571,.T.);
#16571 = LINE('',#16572,#16573);
#16572 = CARTESIAN_POINT('',(128.525,-82.47,-4.6E-02));
#16573 = VECTOR('',#16574,1.);
#16574 = DIRECTION('',(0.,0.,1.));
#16575 = ORIENTED_EDGE('',*,*,#14842,.F.);
#16576 = ORIENTED_EDGE('',*,*,#16570,.F.);
#16577 = CYLINDRICAL_SURFACE('',#16578,0.4);
#16578 = AXIS2_PLACEMENT_3D('',#16579,#16580,#16581);
#16579 = CARTESIAN_POINT('',(128.525,-82.07,-4.6E-02));
#16580 = DIRECTION('',(-0.,-0.,-1.));
#16581 = DIRECTION('',(-0.,-1.,0.));
#16582 = ADVANCED_FACE('',(#16583),#16594,.F.);
#16583 = FACE_BOUND('',#16584,.T.);
#16584 = EDGE_LOOP('',(#16585,#16586,#16592,#16593));
#16585 = ORIENTED_EDGE('',*,*,#13373,.T.);
#16586 = ORIENTED_EDGE('',*,*,#16587,.T.);
#16587 = EDGE_CURVE('',#13374,#14854,#16588,.T.);
#16588 = LINE('',#16589,#16590);
#16589 = CARTESIAN_POINT('',(53.24,-79.01,-4.6E-02));
#16590 = VECTOR('',#16591,1.);
#16591 = DIRECTION('',(0.,0.,1.));
#16592 = ORIENTED_EDGE('',*,*,#14853,.F.);
#16593 = ORIENTED_EDGE('',*,*,#16587,.F.);
#16594 = CYLINDRICAL_SURFACE('',#16595,0.51);
#16595 = AXIS2_PLACEMENT_3D('',#16596,#16597,#16598);
#16596 = CARTESIAN_POINT('',(53.24,-78.5,-4.6E-02));
#16597 = DIRECTION('',(-0.,0.,-1.));
#16598 = DIRECTION('',(1.39322105051E-14,-1.,-0.));
#16599 = ADVANCED_FACE('',(#16600),#16611,.F.);
#16600 = FACE_BOUND('',#16601,.T.);
#16601 = EDGE_LOOP('',(#16602,#16603,#16609,#16610));
#16602 = ORIENTED_EDGE('',*,*,#13384,.T.);
#16603 = ORIENTED_EDGE('',*,*,#16604,.T.);
#16604 = EDGE_CURVE('',#13385,#14865,#16605,.T.);
#16605 = LINE('',#16606,#16607);
#16606 = CARTESIAN_POINT('',(55.78,-79.01,-4.6E-02));
#16607 = VECTOR('',#16608,1.);
#16608 = DIRECTION('',(0.,0.,1.));
#16609 = ORIENTED_EDGE('',*,*,#14864,.F.);
#16610 = ORIENTED_EDGE('',*,*,#16604,.F.);
#16611 = CYLINDRICAL_SURFACE('',#16612,0.51);
#16612 = AXIS2_PLACEMENT_3D('',#16613,#16614,#16615);
#16613 = CARTESIAN_POINT('',(55.78,-78.5,-4.6E-02));
#16614 = DIRECTION('',(-0.,-0.,-1.));
#16615 = DIRECTION('',(-0.,-1.,0.));
#16616 = ADVANCED_FACE('',(#16617),#16628,.F.);
#16617 = FACE_BOUND('',#16618,.T.);
#16618 = EDGE_LOOP('',(#16619,#16620,#16626,#16627));
#16619 = ORIENTED_EDGE('',*,*,#13395,.T.);
#16620 = ORIENTED_EDGE('',*,*,#16621,.T.);
#16621 = EDGE_CURVE('',#13396,#14876,#16622,.T.);
#16622 = LINE('',#16623,#16624);
#16623 = CARTESIAN_POINT('',(58.32,-79.01,-4.6E-02));
#16624 = VECTOR('',#16625,1.);
#16625 = DIRECTION('',(0.,0.,1.));
#16626 = ORIENTED_EDGE('',*,*,#14875,.F.);
#16627 = ORIENTED_EDGE('',*,*,#16621,.F.);
#16628 = CYLINDRICAL_SURFACE('',#16629,0.51);
#16629 = AXIS2_PLACEMENT_3D('',#16630,#16631,#16632);
#16630 = CARTESIAN_POINT('',(58.32,-78.5,-4.6E-02));
#16631 = DIRECTION('',(-0.,-0.,-1.));
#16632 = DIRECTION('',(-0.,-1.,0.));
#16633 = ADVANCED_FACE('',(#16634),#16645,.F.);
#16634 = FACE_BOUND('',#16635,.T.);
#16635 = EDGE_LOOP('',(#16636,#16637,#16643,#16644));
#16636 = ORIENTED_EDGE('',*,*,#13406,.T.);
#16637 = ORIENTED_EDGE('',*,*,#16638,.T.);
#16638 = EDGE_CURVE('',#13407,#14887,#16639,.T.);
#16639 = LINE('',#16640,#16641);
#16640 = CARTESIAN_POINT('',(60.86,-79.01,-4.6E-02));
#16641 = VECTOR('',#16642,1.);
#16642 = DIRECTION('',(0.,0.,1.));
#16643 = ORIENTED_EDGE('',*,*,#14886,.F.);
#16644 = ORIENTED_EDGE('',*,*,#16638,.F.);
#16645 = CYLINDRICAL_SURFACE('',#16646,0.51);
#16646 = AXIS2_PLACEMENT_3D('',#16647,#16648,#16649);
#16647 = CARTESIAN_POINT('',(60.86,-78.5,-4.6E-02));
#16648 = DIRECTION('',(-0.,-0.,-1.));
#16649 = DIRECTION('',(-0.,-1.,0.));
#16650 = ADVANCED_FACE('',(#16651),#16662,.F.);
#16651 = FACE_BOUND('',#16652,.T.);
#16652 = EDGE_LOOP('',(#16653,#16654,#16660,#16661));
#16653 = ORIENTED_EDGE('',*,*,#13417,.T.);
#16654 = ORIENTED_EDGE('',*,*,#16655,.T.);
#16655 = EDGE_CURVE('',#13418,#14898,#16656,.T.);
#16656 = LINE('',#16657,#16658);
#16657 = CARTESIAN_POINT('',(63.4,-79.01,-4.6E-02));
#16658 = VECTOR('',#16659,1.);
#16659 = DIRECTION('',(0.,0.,1.));
#16660 = ORIENTED_EDGE('',*,*,#14897,.F.);
#16661 = ORIENTED_EDGE('',*,*,#16655,.F.);
#16662 = CYLINDRICAL_SURFACE('',#16663,0.51);
#16663 = AXIS2_PLACEMENT_3D('',#16664,#16665,#16666);
#16664 = CARTESIAN_POINT('',(63.4,-78.5,-4.6E-02));
#16665 = DIRECTION('',(-0.,-0.,-1.));
#16666 = DIRECTION('',(-0.,-1.,0.));
#16667 = ADVANCED_FACE('',(#16668),#16679,.F.);
#16668 = FACE_BOUND('',#16669,.T.);
#16669 = EDGE_LOOP('',(#16670,#16671,#16677,#16678));
#16670 = ORIENTED_EDGE('',*,*,#13428,.T.);
#16671 = ORIENTED_EDGE('',*,*,#16672,.T.);
#16672 = EDGE_CURVE('',#13429,#14909,#16673,.T.);
#16673 = LINE('',#16674,#16675);
#16674 = CARTESIAN_POINT('',(65.94,-79.01,-4.6E-02));
#16675 = VECTOR('',#16676,1.);
#16676 = DIRECTION('',(0.,0.,1.));
#16677 = ORIENTED_EDGE('',*,*,#14908,.F.);
#16678 = ORIENTED_EDGE('',*,*,#16672,.F.);
#16679 = CYLINDRICAL_SURFACE('',#16680,0.51);
#16680 = AXIS2_PLACEMENT_3D('',#16681,#16682,#16683);
#16681 = CARTESIAN_POINT('',(65.94,-78.5,-4.6E-02));
#16682 = DIRECTION('',(-0.,-0.,-1.));
#16683 = DIRECTION('',(-0.,-1.,0.));
#16684 = ADVANCED_FACE('',(#16685),#16696,.F.);
#16685 = FACE_BOUND('',#16686,.T.);
#16686 = EDGE_LOOP('',(#16687,#16688,#16694,#16695));
#16687 = ORIENTED_EDGE('',*,*,#13439,.T.);
#16688 = ORIENTED_EDGE('',*,*,#16689,.T.);
#16689 = EDGE_CURVE('',#13440,#14920,#16690,.T.);
#16690 = LINE('',#16691,#16692);
#16691 = CARTESIAN_POINT('',(68.48,-79.01,-4.6E-02));
#16692 = VECTOR('',#16693,1.);
#16693 = DIRECTION('',(0.,0.,1.));
#16694 = ORIENTED_EDGE('',*,*,#14919,.F.);
#16695 = ORIENTED_EDGE('',*,*,#16689,.F.);
#16696 = CYLINDRICAL_SURFACE('',#16697,0.51);
#16697 = AXIS2_PLACEMENT_3D('',#16698,#16699,#16700);
#16698 = CARTESIAN_POINT('',(68.48,-78.5,-4.6E-02));
#16699 = DIRECTION('',(-0.,0.,-1.));
#16700 = DIRECTION('',(2.78644210102E-14,-1.,-0.));
#16701 = ADVANCED_FACE('',(#16702),#16713,.F.);
#16702 = FACE_BOUND('',#16703,.T.);
#16703 = EDGE_LOOP('',(#16704,#16705,#16711,#16712));
#16704 = ORIENTED_EDGE('',*,*,#13450,.T.);
#16705 = ORIENTED_EDGE('',*,*,#16706,.T.);
#16706 = EDGE_CURVE('',#13451,#14931,#16707,.T.);
#16707 = LINE('',#16708,#16709);
#16708 = CARTESIAN_POINT('',(71.02,-79.01,-4.6E-02));
#16709 = VECTOR('',#16710,1.);
#16710 = DIRECTION('',(0.,0.,1.));
#16711 = ORIENTED_EDGE('',*,*,#14930,.F.);
#16712 = ORIENTED_EDGE('',*,*,#16706,.F.);
#16713 = CYLINDRICAL_SURFACE('',#16714,0.51);
#16714 = AXIS2_PLACEMENT_3D('',#16715,#16716,#16717);
#16715 = CARTESIAN_POINT('',(71.02,-78.5,-4.6E-02));
#16716 = DIRECTION('',(-0.,-0.,-1.));
#16717 = DIRECTION('',(-2.78644210102E-14,-1.,0.));
#16718 = ADVANCED_FACE('',(#16719),#16730,.F.);
#16719 = FACE_BOUND('',#16720,.T.);
#16720 = EDGE_LOOP('',(#16721,#16722,#16728,#16729));
#16721 = ORIENTED_EDGE('',*,*,#13461,.T.);
#16722 = ORIENTED_EDGE('',*,*,#16723,.T.);
#16723 = EDGE_CURVE('',#13462,#14942,#16724,.T.);
#16724 = LINE('',#16725,#16726);
#16725 = CARTESIAN_POINT('',(73.56,-79.01,-4.6E-02));
#16726 = VECTOR('',#16727,1.);
#16727 = DIRECTION('',(0.,0.,1.));
#16728 = ORIENTED_EDGE('',*,*,#14941,.F.);
#16729 = ORIENTED_EDGE('',*,*,#16723,.F.);
#16730 = CYLINDRICAL_SURFACE('',#16731,0.51);
#16731 = AXIS2_PLACEMENT_3D('',#16732,#16733,#16734);
#16732 = CARTESIAN_POINT('',(73.56,-78.5,-4.6E-02));
#16733 = DIRECTION('',(-0.,-0.,-1.));
#16734 = DIRECTION('',(-0.,-1.,0.));
#16735 = ADVANCED_FACE('',(#16736),#16747,.F.);
#16736 = FACE_BOUND('',#16737,.T.);
#16737 = EDGE_LOOP('',(#16738,#16739,#16745,#16746));
#16738 = ORIENTED_EDGE('',*,*,#13472,.T.);
#16739 = ORIENTED_EDGE('',*,*,#16740,.T.);
#16740 = EDGE_CURVE('',#13473,#14953,#16741,.T.);
#16741 = LINE('',#16742,#16743);
#16742 = CARTESIAN_POINT('',(76.1,-79.01,-4.6E-02));
#16743 = VECTOR('',#16744,1.);
#16744 = DIRECTION('',(0.,0.,1.));
#16745 = ORIENTED_EDGE('',*,*,#14952,.F.);
#16746 = ORIENTED_EDGE('',*,*,#16740,.F.);
#16747 = CYLINDRICAL_SURFACE('',#16748,0.51);
#16748 = AXIS2_PLACEMENT_3D('',#16749,#16750,#16751);
#16749 = CARTESIAN_POINT('',(76.1,-78.5,-4.6E-02));
#16750 = DIRECTION('',(-0.,-0.,-1.));
#16751 = DIRECTION('',(-0.,-1.,0.));
#16752 = ADVANCED_FACE('',(#16753),#16764,.F.);
#16753 = FACE_BOUND('',#16754,.T.);
#16754 = EDGE_LOOP('',(#16755,#16756,#16762,#16763));
#16755 = ORIENTED_EDGE('',*,*,#13483,.T.);
#16756 = ORIENTED_EDGE('',*,*,#16757,.T.);
#16757 = EDGE_CURVE('',#13484,#14964,#16758,.T.);
#16758 = LINE('',#16759,#16760);
#16759 = CARTESIAN_POINT('',(78.64,-79.01,-4.6E-02));
#16760 = VECTOR('',#16761,1.);
#16761 = DIRECTION('',(0.,0.,1.));
#16762 = ORIENTED_EDGE('',*,*,#14963,.F.);
#16763 = ORIENTED_EDGE('',*,*,#16757,.F.);
#16764 = CYLINDRICAL_SURFACE('',#16765,0.51);
#16765 = AXIS2_PLACEMENT_3D('',#16766,#16767,#16768);
#16766 = CARTESIAN_POINT('',(78.64,-78.5,-4.6E-02));
#16767 = DIRECTION('',(-0.,-0.,-1.));
#16768 = DIRECTION('',(-0.,-1.,0.));
#16769 = ADVANCED_FACE('',(#16770),#16781,.F.);
#16770 = FACE_BOUND('',#16771,.T.);
#16771 = EDGE_LOOP('',(#16772,#16773,#16779,#16780));
#16772 = ORIENTED_EDGE('',*,*,#13494,.T.);
#16773 = ORIENTED_EDGE('',*,*,#16774,.T.);
#16774 = EDGE_CURVE('',#13495,#14975,#16775,.T.);
#16775 = LINE('',#16776,#16777);
#16776 = CARTESIAN_POINT('',(70.65,-71.6,-4.6E-02));
#16777 = VECTOR('',#16778,1.);
#16778 = DIRECTION('',(0.,0.,1.));
#16779 = ORIENTED_EDGE('',*,*,#14974,.F.);
#16780 = ORIENTED_EDGE('',*,*,#16774,.F.);
#16781 = CYLINDRICAL_SURFACE('',#16782,0.35);
#16782 = AXIS2_PLACEMENT_3D('',#16783,#16784,#16785);
#16783 = CARTESIAN_POINT('',(70.65,-71.25,-4.6E-02));
#16784 = DIRECTION('',(-0.,-0.,-1.));
#16785 = DIRECTION('',(-0.,-1.,0.));
#16786 = ADVANCED_FACE('',(#16787),#16798,.F.);
#16787 = FACE_BOUND('',#16788,.T.);
#16788 = EDGE_LOOP('',(#16789,#16790,#16796,#16797));
#16789 = ORIENTED_EDGE('',*,*,#13505,.T.);
#16790 = ORIENTED_EDGE('',*,*,#16791,.T.);
#16791 = EDGE_CURVE('',#13506,#14986,#16792,.T.);
#16792 = LINE('',#16793,#16794);
#16793 = CARTESIAN_POINT('',(81.18,-79.01,-4.6E-02));
#16794 = VECTOR('',#16795,1.);
#16795 = DIRECTION('',(0.,0.,1.));
#16796 = ORIENTED_EDGE('',*,*,#14985,.F.);
#16797 = ORIENTED_EDGE('',*,*,#16791,.F.);
#16798 = CYLINDRICAL_SURFACE('',#16799,0.51);
#16799 = AXIS2_PLACEMENT_3D('',#16800,#16801,#16802);
#16800 = CARTESIAN_POINT('',(81.18,-78.5,-4.6E-02));
#16801 = DIRECTION('',(-0.,-0.,-1.));
#16802 = DIRECTION('',(-0.,-1.,0.));
#16803 = ADVANCED_FACE('',(#16804),#16815,.F.);
#16804 = FACE_BOUND('',#16805,.T.);
#16805 = EDGE_LOOP('',(#16806,#16807,#16813,#16814));
#16806 = ORIENTED_EDGE('',*,*,#13516,.T.);
#16807 = ORIENTED_EDGE('',*,*,#16808,.T.);
#16808 = EDGE_CURVE('',#13517,#14997,#16809,.T.);
#16809 = LINE('',#16810,#16811);
#16810 = CARTESIAN_POINT('',(83.72,-79.01,-4.6E-02));
#16811 = VECTOR('',#16812,1.);
#16812 = DIRECTION('',(0.,0.,1.));
#16813 = ORIENTED_EDGE('',*,*,#14996,.F.);
#16814 = ORIENTED_EDGE('',*,*,#16808,.F.);
#16815 = CYLINDRICAL_SURFACE('',#16816,0.51);
#16816 = AXIS2_PLACEMENT_3D('',#16817,#16818,#16819);
#16817 = CARTESIAN_POINT('',(83.72,-78.5,-4.6E-02));
#16818 = DIRECTION('',(-0.,-0.,-1.));
#16819 = DIRECTION('',(-0.,-1.,0.));
#16820 = ADVANCED_FACE('',(#16821),#16832,.F.);
#16821 = FACE_BOUND('',#16822,.T.);
#16822 = EDGE_LOOP('',(#16823,#16824,#16830,#16831));
#16823 = ORIENTED_EDGE('',*,*,#13527,.T.);
#16824 = ORIENTED_EDGE('',*,*,#16825,.T.);
#16825 = EDGE_CURVE('',#13528,#15008,#16826,.T.);
#16826 = LINE('',#16827,#16828);
#16827 = CARTESIAN_POINT('',(86.26,-79.01,-4.6E-02));
#16828 = VECTOR('',#16829,1.);
#16829 = DIRECTION('',(0.,0.,1.));
#16830 = ORIENTED_EDGE('',*,*,#15007,.F.);
#16831 = ORIENTED_EDGE('',*,*,#16825,.F.);
#16832 = CYLINDRICAL_SURFACE('',#16833,0.51);
#16833 = AXIS2_PLACEMENT_3D('',#16834,#16835,#16836);
#16834 = CARTESIAN_POINT('',(86.26,-78.5,-4.6E-02));
#16835 = DIRECTION('',(-0.,0.,-1.));
#16836 = DIRECTION('',(2.78644210102E-14,-1.,-0.));
#16837 = ADVANCED_FACE('',(#16838),#16849,.F.);
#16838 = FACE_BOUND('',#16839,.T.);
#16839 = EDGE_LOOP('',(#16840,#16841,#16847,#16848));
#16840 = ORIENTED_EDGE('',*,*,#13538,.T.);
#16841 = ORIENTED_EDGE('',*,*,#16842,.T.);
#16842 = EDGE_CURVE('',#13539,#15019,#16843,.T.);
#16843 = LINE('',#16844,#16845);
#16844 = CARTESIAN_POINT('',(88.8,-79.01,-4.6E-02));
#16845 = VECTOR('',#16846,1.);
#16846 = DIRECTION('',(0.,0.,1.));
#16847 = ORIENTED_EDGE('',*,*,#15018,.F.);
#16848 = ORIENTED_EDGE('',*,*,#16842,.F.);
#16849 = CYLINDRICAL_SURFACE('',#16850,0.51);
#16850 = AXIS2_PLACEMENT_3D('',#16851,#16852,#16853);
#16851 = CARTESIAN_POINT('',(88.8,-78.5,-4.6E-02));
#16852 = DIRECTION('',(-0.,-0.,-1.));
#16853 = DIRECTION('',(-2.78644210102E-14,-1.,0.));
#16854 = ADVANCED_FACE('',(#16855),#16866,.F.);
#16855 = FACE_BOUND('',#16856,.T.);
#16856 = EDGE_LOOP('',(#16857,#16858,#16864,#16865));
#16857 = ORIENTED_EDGE('',*,*,#13549,.T.);
#16858 = ORIENTED_EDGE('',*,*,#16859,.T.);
#16859 = EDGE_CURVE('',#13550,#15030,#16860,.T.);
#16860 = LINE('',#16861,#16862);
#16861 = CARTESIAN_POINT('',(91.34,-79.01,-4.6E-02));
#16862 = VECTOR('',#16863,1.);
#16863 = DIRECTION('',(0.,0.,1.));
#16864 = ORIENTED_EDGE('',*,*,#15029,.F.);
#16865 = ORIENTED_EDGE('',*,*,#16859,.F.);
#16866 = CYLINDRICAL_SURFACE('',#16867,0.51);
#16867 = AXIS2_PLACEMENT_3D('',#16868,#16869,#16870);
#16868 = CARTESIAN_POINT('',(91.34,-78.5,-4.6E-02));
#16869 = DIRECTION('',(-0.,-0.,-1.));
#16870 = DIRECTION('',(-0.,-1.,0.));
#16871 = ADVANCED_FACE('',(#16872),#16883,.F.);
#16872 = FACE_BOUND('',#16873,.T.);
#16873 = EDGE_LOOP('',(#16874,#16875,#16881,#16882));
#16874 = ORIENTED_EDGE('',*,*,#13560,.T.);
#16875 = ORIENTED_EDGE('',*,*,#16876,.T.);
#16876 = EDGE_CURVE('',#13561,#15041,#16877,.T.);
#16877 = LINE('',#16878,#16879);
#16878 = CARTESIAN_POINT('',(93.88,-79.01,-4.6E-02));
#16879 = VECTOR('',#16880,1.);
#16880 = DIRECTION('',(0.,0.,1.));
#16881 = ORIENTED_EDGE('',*,*,#15040,.F.);
#16882 = ORIENTED_EDGE('',*,*,#16876,.F.);
#16883 = CYLINDRICAL_SURFACE('',#16884,0.51);
#16884 = AXIS2_PLACEMENT_3D('',#16885,#16886,#16887);
#16885 = CARTESIAN_POINT('',(93.88,-78.5,-4.6E-02));
#16886 = DIRECTION('',(-0.,-0.,-1.));
#16887 = DIRECTION('',(-0.,-1.,0.));
#16888 = ADVANCED_FACE('',(#16889),#16900,.F.);
#16889 = FACE_BOUND('',#16890,.T.);
#16890 = EDGE_LOOP('',(#16891,#16892,#16898,#16899));
#16891 = ORIENTED_EDGE('',*,*,#13571,.T.);
#16892 = ORIENTED_EDGE('',*,*,#16893,.T.);
#16893 = EDGE_CURVE('',#13572,#15052,#16894,.T.);
#16894 = LINE('',#16895,#16896);
#16895 = CARTESIAN_POINT('',(96.42,-79.01,-4.6E-02));
#16896 = VECTOR('',#16897,1.);
#16897 = DIRECTION('',(0.,0.,1.));
#16898 = ORIENTED_EDGE('',*,*,#15051,.F.);
#16899 = ORIENTED_EDGE('',*,*,#16893,.F.);
#16900 = CYLINDRICAL_SURFACE('',#16901,0.51);
#16901 = AXIS2_PLACEMENT_3D('',#16902,#16903,#16904);
#16902 = CARTESIAN_POINT('',(96.42,-78.5,-4.6E-02));
#16903 = DIRECTION('',(-0.,-0.,-1.));
#16904 = DIRECTION('',(-0.,-1.,0.));
#16905 = ADVANCED_FACE('',(#16906),#16917,.F.);
#16906 = FACE_BOUND('',#16907,.T.);
#16907 = EDGE_LOOP('',(#16908,#16909,#16915,#16916));
#16908 = ORIENTED_EDGE('',*,*,#13582,.T.);
#16909 = ORIENTED_EDGE('',*,*,#16910,.T.);
#16910 = EDGE_CURVE('',#13583,#15063,#16911,.T.);
#16911 = LINE('',#16912,#16913);
#16912 = CARTESIAN_POINT('',(91.5,-75.85,-4.6E-02));
#16913 = VECTOR('',#16914,1.);
#16914 = DIRECTION('',(0.,0.,1.));
#16915 = ORIENTED_EDGE('',*,*,#15062,.F.);
#16916 = ORIENTED_EDGE('',*,*,#16910,.F.);
#16917 = CYLINDRICAL_SURFACE('',#16918,0.35);
#16918 = AXIS2_PLACEMENT_3D('',#16919,#16920,#16921);
#16919 = CARTESIAN_POINT('',(91.5,-75.5,-4.6E-02));
#16920 = DIRECTION('',(-0.,-0.,-1.));
#16921 = DIRECTION('',(-0.,-1.,0.));
#16922 = ADVANCED_FACE('',(#16923),#16934,.F.);
#16923 = FACE_BOUND('',#16924,.T.);
#16924 = EDGE_LOOP('',(#16925,#16926,#16932,#16933));
#16925 = ORIENTED_EDGE('',*,*,#13593,.T.);
#16926 = ORIENTED_EDGE('',*,*,#16927,.T.);
#16927 = EDGE_CURVE('',#13594,#15074,#16928,.T.);
#16928 = LINE('',#16929,#16930);
#16929 = CARTESIAN_POINT('',(94.5,-75.85,-4.6E-02));
#16930 = VECTOR('',#16931,1.);
#16931 = DIRECTION('',(0.,0.,1.));
#16932 = ORIENTED_EDGE('',*,*,#15073,.F.);
#16933 = ORIENTED_EDGE('',*,*,#16927,.F.);
#16934 = CYLINDRICAL_SURFACE('',#16935,0.35);
#16935 = AXIS2_PLACEMENT_3D('',#16936,#16937,#16938);
#16936 = CARTESIAN_POINT('',(94.5,-75.5,-4.6E-02));
#16937 = DIRECTION('',(-0.,-0.,-1.));
#16938 = DIRECTION('',(-0.,-1.,0.));
#16939 = ADVANCED_FACE('',(#16940),#16951,.F.);
#16940 = FACE_BOUND('',#16941,.T.);
#16941 = EDGE_LOOP('',(#16942,#16943,#16949,#16950));
#16942 = ORIENTED_EDGE('',*,*,#13604,.T.);
#16943 = ORIENTED_EDGE('',*,*,#16944,.T.);
#16944 = EDGE_CURVE('',#13605,#15085,#16945,.T.);
#16945 = LINE('',#16946,#16947);
#16946 = CARTESIAN_POINT('',(98.96,-79.01,-4.6E-02));
#16947 = VECTOR('',#16948,1.);
#16948 = DIRECTION('',(0.,0.,1.));
#16949 = ORIENTED_EDGE('',*,*,#15084,.F.);
#16950 = ORIENTED_EDGE('',*,*,#16944,.F.);
#16951 = CYLINDRICAL_SURFACE('',#16952,0.51);
#16952 = AXIS2_PLACEMENT_3D('',#16953,#16954,#16955);
#16953 = CARTESIAN_POINT('',(98.96,-78.5,-4.6E-02));
#16954 = DIRECTION('',(-0.,-0.,-1.));
#16955 = DIRECTION('',(-2.78644210102E-14,-1.,0.));
#16956 = ADVANCED_FACE('',(#16957),#16968,.F.);
#16957 = FACE_BOUND('',#16958,.T.);
#16958 = EDGE_LOOP('',(#16959,#16960,#16966,#16967));
#16959 = ORIENTED_EDGE('',*,*,#13615,.T.);
#16960 = ORIENTED_EDGE('',*,*,#16961,.T.);
#16961 = EDGE_CURVE('',#13616,#15096,#16962,.T.);
#16962 = LINE('',#16963,#16964);
#16963 = CARTESIAN_POINT('',(101.5,-79.01,-4.6E-02));
#16964 = VECTOR('',#16965,1.);
#16965 = DIRECTION('',(0.,0.,1.));
#16966 = ORIENTED_EDGE('',*,*,#15095,.F.);
#16967 = ORIENTED_EDGE('',*,*,#16961,.F.);
#16968 = CYLINDRICAL_SURFACE('',#16969,0.51);
#16969 = AXIS2_PLACEMENT_3D('',#16970,#16971,#16972);
#16970 = CARTESIAN_POINT('',(101.5,-78.5,-4.6E-02));
#16971 = DIRECTION('',(-0.,-0.,-1.));
#16972 = DIRECTION('',(-0.,-1.,0.));
#16973 = ADVANCED_FACE('',(#16974),#16985,.F.);
#16974 = FACE_BOUND('',#16975,.T.);
#16975 = EDGE_LOOP('',(#16976,#16977,#16983,#16984));
#16976 = ORIENTED_EDGE('',*,*,#13626,.T.);
#16977 = ORIENTED_EDGE('',*,*,#16978,.T.);
#16978 = EDGE_CURVE('',#13627,#15107,#16979,.T.);
#16979 = LINE('',#16980,#16981);
#16980 = CARTESIAN_POINT('',(104.04,-79.01,-4.6E-02));
#16981 = VECTOR('',#16982,1.);
#16982 = DIRECTION('',(0.,0.,1.));
#16983 = ORIENTED_EDGE('',*,*,#15106,.F.);
#16984 = ORIENTED_EDGE('',*,*,#16978,.F.);
#16985 = CYLINDRICAL_SURFACE('',#16986,0.51);
#16986 = AXIS2_PLACEMENT_3D('',#16987,#16988,#16989);
#16987 = CARTESIAN_POINT('',(104.04,-78.5,-4.6E-02));
#16988 = DIRECTION('',(-0.,0.,-1.));
#16989 = DIRECTION('',(2.78644210102E-14,-1.,-0.));
#16990 = ADVANCED_FACE('',(#16991),#17002,.F.);
#16991 = FACE_BOUND('',#16992,.T.);
#16992 = EDGE_LOOP('',(#16993,#16994,#17000,#17001));
#16993 = ORIENTED_EDGE('',*,*,#13637,.T.);
#16994 = ORIENTED_EDGE('',*,*,#16995,.T.);
#16995 = EDGE_CURVE('',#13638,#15118,#16996,.T.);
#16996 = LINE('',#16997,#16998);
#16997 = CARTESIAN_POINT('',(106.58,-79.01,-4.6E-02));
#16998 = VECTOR('',#16999,1.);
#16999 = DIRECTION('',(0.,0.,1.));
#17000 = ORIENTED_EDGE('',*,*,#15117,.F.);
#17001 = ORIENTED_EDGE('',*,*,#16995,.F.);
#17002 = CYLINDRICAL_SURFACE('',#17003,0.51);
#17003 = AXIS2_PLACEMENT_3D('',#17004,#17005,#17006);
#17004 = CARTESIAN_POINT('',(106.58,-78.5,-4.6E-02));
#17005 = DIRECTION('',(-0.,-0.,-1.));
#17006 = DIRECTION('',(-0.,-1.,0.));
#17007 = ADVANCED_FACE('',(#17008),#17019,.F.);
#17008 = FACE_BOUND('',#17009,.T.);
#17009 = EDGE_LOOP('',(#17010,#17011,#17017,#17018));
#17010 = ORIENTED_EDGE('',*,*,#13648,.T.);
#17011 = ORIENTED_EDGE('',*,*,#17012,.T.);
#17012 = EDGE_CURVE('',#13649,#15129,#17013,.T.);
#17013 = LINE('',#17014,#17015);
#17014 = CARTESIAN_POINT('',(97.5,-75.85,-4.6E-02));
#17015 = VECTOR('',#17016,1.);
#17016 = DIRECTION('',(0.,0.,1.));
#17017 = ORIENTED_EDGE('',*,*,#15128,.F.);
#17018 = ORIENTED_EDGE('',*,*,#17012,.F.);
#17019 = CYLINDRICAL_SURFACE('',#17020,0.35);
#17020 = AXIS2_PLACEMENT_3D('',#17021,#17022,#17023);
#17021 = CARTESIAN_POINT('',(97.5,-75.5,-4.6E-02));
#17022 = DIRECTION('',(-0.,-0.,-1.));
#17023 = DIRECTION('',(-0.,-1.,0.));
#17024 = ADVANCED_FACE('',(#17025),#17036,.F.);
#17025 = FACE_BOUND('',#17026,.T.);
#17026 = EDGE_LOOP('',(#17027,#17028,#17034,#17035));
#17027 = ORIENTED_EDGE('',*,*,#13659,.T.);
#17028 = ORIENTED_EDGE('',*,*,#17029,.T.);
#17029 = EDGE_CURVE('',#13660,#15140,#17030,.T.);
#17030 = LINE('',#17031,#17032);
#17031 = CARTESIAN_POINT('',(101.5,-75.85,-4.6E-02));
#17032 = VECTOR('',#17033,1.);
#17033 = DIRECTION('',(0.,0.,1.));
#17034 = ORIENTED_EDGE('',*,*,#15139,.F.);
#17035 = ORIENTED_EDGE('',*,*,#17029,.F.);
#17036 = CYLINDRICAL_SURFACE('',#17037,0.35);
#17037 = AXIS2_PLACEMENT_3D('',#17038,#17039,#17040);
#17038 = CARTESIAN_POINT('',(101.5,-75.5,-4.6E-02));
#17039 = DIRECTION('',(-0.,-0.,-1.));
#17040 = DIRECTION('',(-0.,-1.,0.));
#17041 = ADVANCED_FACE('',(#17042),#17053,.F.);
#17042 = FACE_BOUND('',#17043,.T.);
#17043 = EDGE_LOOP('',(#17044,#17045,#17051,#17052));
#17044 = ORIENTED_EDGE('',*,*,#13670,.T.);
#17045 = ORIENTED_EDGE('',*,*,#17046,.T.);
#17046 = EDGE_CURVE('',#13671,#15151,#17047,.T.);
#17047 = LINE('',#17048,#17049);
#17048 = CARTESIAN_POINT('',(53.24,-54.01,-4.6E-02));
#17049 = VECTOR('',#17050,1.);
#17050 = DIRECTION('',(0.,0.,1.));
#17051 = ORIENTED_EDGE('',*,*,#15150,.F.);
#17052 = ORIENTED_EDGE('',*,*,#17046,.F.);
#17053 = CYLINDRICAL_SURFACE('',#17054,0.51);
#17054 = AXIS2_PLACEMENT_3D('',#17055,#17056,#17057);
#17055 = CARTESIAN_POINT('',(53.24,-53.5,-4.6E-02));
#17056 = DIRECTION('',(-0.,0.,-1.));
#17057 = DIRECTION('',(1.39322105051E-14,-1.,-0.));
#17058 = ADVANCED_FACE('',(#17059),#17070,.F.);
#17059 = FACE_BOUND('',#17060,.T.);
#17060 = EDGE_LOOP('',(#17061,#17062,#17068,#17069));
#17061 = ORIENTED_EDGE('',*,*,#13681,.T.);
#17062 = ORIENTED_EDGE('',*,*,#17063,.T.);
#17063 = EDGE_CURVE('',#13682,#15162,#17064,.T.);
#17064 = LINE('',#17065,#17066);
#17065 = CARTESIAN_POINT('',(55.78,-54.01,-4.6E-02));
#17066 = VECTOR('',#17067,1.);
#17067 = DIRECTION('',(0.,0.,1.));
#17068 = ORIENTED_EDGE('',*,*,#15161,.F.);
#17069 = ORIENTED_EDGE('',*,*,#17063,.F.);
#17070 = CYLINDRICAL_SURFACE('',#17071,0.51);
#17071 = AXIS2_PLACEMENT_3D('',#17072,#17073,#17074);
#17072 = CARTESIAN_POINT('',(55.78,-53.5,-4.6E-02));
#17073 = DIRECTION('',(-0.,-0.,-1.));
#17074 = DIRECTION('',(-0.,-1.,0.));
#17075 = ADVANCED_FACE('',(#17076),#17087,.F.);
#17076 = FACE_BOUND('',#17077,.T.);
#17077 = EDGE_LOOP('',(#17078,#17079,#17085,#17086));
#17078 = ORIENTED_EDGE('',*,*,#13692,.T.);
#17079 = ORIENTED_EDGE('',*,*,#17080,.T.);
#17080 = EDGE_CURVE('',#13693,#15173,#17081,.T.);
#17081 = LINE('',#17082,#17083);
#17082 = CARTESIAN_POINT('',(58.32,-54.01,-4.6E-02));
#17083 = VECTOR('',#17084,1.);
#17084 = DIRECTION('',(0.,0.,1.));
#17085 = ORIENTED_EDGE('',*,*,#15172,.F.);
#17086 = ORIENTED_EDGE('',*,*,#17080,.F.);
#17087 = CYLINDRICAL_SURFACE('',#17088,0.51);
#17088 = AXIS2_PLACEMENT_3D('',#17089,#17090,#17091);
#17089 = CARTESIAN_POINT('',(58.32,-53.5,-4.6E-02));
#17090 = DIRECTION('',(-0.,-0.,-1.));
#17091 = DIRECTION('',(-0.,-1.,0.));
#17092 = ADVANCED_FACE('',(#17093),#17104,.F.);
#17093 = FACE_BOUND('',#17094,.T.);
#17094 = EDGE_LOOP('',(#17095,#17096,#17102,#17103));
#17095 = ORIENTED_EDGE('',*,*,#13703,.T.);
#17096 = ORIENTED_EDGE('',*,*,#17097,.T.);
#17097 = EDGE_CURVE('',#13704,#15184,#17098,.T.);
#17098 = LINE('',#17099,#17100);
#17099 = CARTESIAN_POINT('',(60.86,-54.01,-4.6E-02));
#17100 = VECTOR('',#17101,1.);
#17101 = DIRECTION('',(0.,0.,1.));
#17102 = ORIENTED_EDGE('',*,*,#15183,.F.);
#17103 = ORIENTED_EDGE('',*,*,#17097,.F.);
#17104 = CYLINDRICAL_SURFACE('',#17105,0.51);
#17105 = AXIS2_PLACEMENT_3D('',#17106,#17107,#17108);
#17106 = CARTESIAN_POINT('',(60.86,-53.5,-4.6E-02));
#17107 = DIRECTION('',(-0.,-0.,-1.));
#17108 = DIRECTION('',(-0.,-1.,0.));
#17109 = ADVANCED_FACE('',(#17110),#17121,.F.);
#17110 = FACE_BOUND('',#17111,.T.);
#17111 = EDGE_LOOP('',(#17112,#17113,#17119,#17120));
#17112 = ORIENTED_EDGE('',*,*,#13714,.T.);
#17113 = ORIENTED_EDGE('',*,*,#17114,.T.);
#17114 = EDGE_CURVE('',#13715,#15195,#17115,.T.);
#17115 = LINE('',#17116,#17117);
#17116 = CARTESIAN_POINT('',(63.4,-54.01,-4.6E-02));
#17117 = VECTOR('',#17118,1.);
#17118 = DIRECTION('',(0.,0.,1.));
#17119 = ORIENTED_EDGE('',*,*,#15194,.F.);
#17120 = ORIENTED_EDGE('',*,*,#17114,.F.);
#17121 = CYLINDRICAL_SURFACE('',#17122,0.51);
#17122 = AXIS2_PLACEMENT_3D('',#17123,#17124,#17125);
#17123 = CARTESIAN_POINT('',(63.4,-53.5,-4.6E-02));
#17124 = DIRECTION('',(-0.,-0.,-1.));
#17125 = DIRECTION('',(-0.,-1.,0.));
#17126 = ADVANCED_FACE('',(#17127),#17138,.F.);
#17127 = FACE_BOUND('',#17128,.T.);
#17128 = EDGE_LOOP('',(#17129,#17130,#17136,#17137));
#17129 = ORIENTED_EDGE('',*,*,#13725,.T.);
#17130 = ORIENTED_EDGE('',*,*,#17131,.T.);
#17131 = EDGE_CURVE('',#13726,#15206,#17132,.T.);
#17132 = LINE('',#17133,#17134);
#17133 = CARTESIAN_POINT('',(76.05,-59.3,-4.6E-02));
#17134 = VECTOR('',#17135,1.);
#17135 = DIRECTION('',(0.,0.,1.));
#17136 = ORIENTED_EDGE('',*,*,#15205,.F.);
#17137 = ORIENTED_EDGE('',*,*,#17131,.F.);
#17138 = CYLINDRICAL_SURFACE('',#17139,0.35);
#17139 = AXIS2_PLACEMENT_3D('',#17140,#17141,#17142);
#17140 = CARTESIAN_POINT('',(76.05,-58.95,-4.6E-02));
#17141 = DIRECTION('',(-0.,-0.,-1.));
#17142 = DIRECTION('',(-4.060244204344E-14,-1.,0.));
#17143 = ADVANCED_FACE('',(#17144),#17155,.F.);
#17144 = FACE_BOUND('',#17145,.T.);
#17145 = EDGE_LOOP('',(#17146,#17147,#17153,#17154));
#17146 = ORIENTED_EDGE('',*,*,#13736,.T.);
#17147 = ORIENTED_EDGE('',*,*,#17148,.T.);
#17148 = EDGE_CURVE('',#13737,#15217,#17149,.T.);
#17149 = LINE('',#17150,#17151);
#17150 = CARTESIAN_POINT('',(65.94,-54.01,-4.6E-02));
#17151 = VECTOR('',#17152,1.);
#17152 = DIRECTION('',(0.,0.,1.));
#17153 = ORIENTED_EDGE('',*,*,#15216,.F.);
#17154 = ORIENTED_EDGE('',*,*,#17148,.F.);
#17155 = CYLINDRICAL_SURFACE('',#17156,0.51);
#17156 = AXIS2_PLACEMENT_3D('',#17157,#17158,#17159);
#17157 = CARTESIAN_POINT('',(65.94,-53.5,-4.6E-02));
#17158 = DIRECTION('',(-0.,-0.,-1.));
#17159 = DIRECTION('',(-0.,-1.,0.));
#17160 = ADVANCED_FACE('',(#17161),#17172,.F.);
#17161 = FACE_BOUND('',#17162,.T.);
#17162 = EDGE_LOOP('',(#17163,#17164,#17170,#17171));
#17163 = ORIENTED_EDGE('',*,*,#13747,.T.);
#17164 = ORIENTED_EDGE('',*,*,#17165,.T.);
#17165 = EDGE_CURVE('',#13748,#15228,#17166,.T.);
#17166 = LINE('',#17167,#17168);
#17167 = CARTESIAN_POINT('',(68.48,-54.01,-4.6E-02));
#17168 = VECTOR('',#17169,1.);
#17169 = DIRECTION('',(0.,0.,1.));
#17170 = ORIENTED_EDGE('',*,*,#15227,.F.);
#17171 = ORIENTED_EDGE('',*,*,#17165,.F.);
#17172 = CYLINDRICAL_SURFACE('',#17173,0.51);
#17173 = AXIS2_PLACEMENT_3D('',#17174,#17175,#17176);
#17174 = CARTESIAN_POINT('',(68.48,-53.5,-4.6E-02));
#17175 = DIRECTION('',(-0.,0.,-1.));
#17176 = DIRECTION('',(2.78644210102E-14,-1.,-0.));
#17177 = ADVANCED_FACE('',(#17178),#17189,.F.);
#17178 = FACE_BOUND('',#17179,.T.);
#17179 = EDGE_LOOP('',(#17180,#17181,#17187,#17188));
#17180 = ORIENTED_EDGE('',*,*,#13758,.T.);
#17181 = ORIENTED_EDGE('',*,*,#17182,.T.);
#17182 = EDGE_CURVE('',#13759,#15239,#17183,.T.);
#17183 = LINE('',#17184,#17185);
#17184 = CARTESIAN_POINT('',(71.02,-54.01,-4.6E-02));
#17185 = VECTOR('',#17186,1.);
#17186 = DIRECTION('',(0.,0.,1.));
#17187 = ORIENTED_EDGE('',*,*,#15238,.F.);
#17188 = ORIENTED_EDGE('',*,*,#17182,.F.);
#17189 = CYLINDRICAL_SURFACE('',#17190,0.51);
#17190 = AXIS2_PLACEMENT_3D('',#17191,#17192,#17193);
#17191 = CARTESIAN_POINT('',(71.02,-53.5,-4.6E-02));
#17192 = DIRECTION('',(-0.,-0.,-1.));
#17193 = DIRECTION('',(-2.78644210102E-14,-1.,0.));
#17194 = ADVANCED_FACE('',(#17195),#17206,.F.);
#17195 = FACE_BOUND('',#17196,.T.);
#17196 = EDGE_LOOP('',(#17197,#17198,#17204,#17205));
#17197 = ORIENTED_EDGE('',*,*,#13769,.T.);
#17198 = ORIENTED_EDGE('',*,*,#17199,.T.);
#17199 = EDGE_CURVE('',#13770,#15250,#17200,.T.);
#17200 = LINE('',#17201,#17202);
#17201 = CARTESIAN_POINT('',(73.56,-54.01,-4.6E-02));
#17202 = VECTOR('',#17203,1.);
#17203 = DIRECTION('',(0.,0.,1.));
#17204 = ORIENTED_EDGE('',*,*,#15249,.F.);
#17205 = ORIENTED_EDGE('',*,*,#17199,.F.);
#17206 = CYLINDRICAL_SURFACE('',#17207,0.51);
#17207 = AXIS2_PLACEMENT_3D('',#17208,#17209,#17210);
#17208 = CARTESIAN_POINT('',(73.56,-53.5,-4.6E-02));
#17209 = DIRECTION('',(-0.,-0.,-1.));
#17210 = DIRECTION('',(-0.,-1.,0.));
#17211 = ADVANCED_FACE('',(#17212),#17223,.F.);
#17212 = FACE_BOUND('',#17213,.T.);
#17213 = EDGE_LOOP('',(#17214,#17215,#17221,#17222));
#17214 = ORIENTED_EDGE('',*,*,#13780,.T.);
#17215 = ORIENTED_EDGE('',*,*,#17216,.T.);
#17216 = EDGE_CURVE('',#13781,#15261,#17217,.T.);
#17217 = LINE('',#17218,#17219);
#17218 = CARTESIAN_POINT('',(76.1,-54.01,-4.6E-02));
#17219 = VECTOR('',#17220,1.);
#17220 = DIRECTION('',(0.,0.,1.));
#17221 = ORIENTED_EDGE('',*,*,#15260,.F.);
#17222 = ORIENTED_EDGE('',*,*,#17216,.F.);
#17223 = CYLINDRICAL_SURFACE('',#17224,0.51);
#17224 = AXIS2_PLACEMENT_3D('',#17225,#17226,#17227);
#17225 = CARTESIAN_POINT('',(76.1,-53.5,-4.6E-02));
#17226 = DIRECTION('',(-0.,-0.,-1.));
#17227 = DIRECTION('',(-0.,-1.,0.));
#17228 = ADVANCED_FACE('',(#17229),#17240,.F.);
#17229 = FACE_BOUND('',#17230,.T.);
#17230 = EDGE_LOOP('',(#17231,#17232,#17238,#17239));
#17231 = ORIENTED_EDGE('',*,*,#13791,.T.);
#17232 = ORIENTED_EDGE('',*,*,#17233,.T.);
#17233 = EDGE_CURVE('',#13792,#15272,#17234,.T.);
#17234 = LINE('',#17235,#17236);
#17235 = CARTESIAN_POINT('',(78.64,-54.01,-4.6E-02));
#17236 = VECTOR('',#17237,1.);
#17237 = DIRECTION('',(0.,0.,1.));
#17238 = ORIENTED_EDGE('',*,*,#15271,.F.);
#17239 = ORIENTED_EDGE('',*,*,#17233,.F.);
#17240 = CYLINDRICAL_SURFACE('',#17241,0.51);
#17241 = AXIS2_PLACEMENT_3D('',#17242,#17243,#17244);
#17242 = CARTESIAN_POINT('',(78.64,-53.5,-4.6E-02));
#17243 = DIRECTION('',(-0.,-0.,-1.));
#17244 = DIRECTION('',(-0.,-1.,0.));
#17245 = ADVANCED_FACE('',(#17246),#17257,.F.);
#17246 = FACE_BOUND('',#17247,.T.);
#17247 = EDGE_LOOP('',(#17248,#17249,#17255,#17256));
#17248 = ORIENTED_EDGE('',*,*,#13802,.T.);
#17249 = ORIENTED_EDGE('',*,*,#17250,.T.);
#17250 = EDGE_CURVE('',#13803,#15283,#17251,.T.);
#17251 = LINE('',#17252,#17253);
#17252 = CARTESIAN_POINT('',(97.,-64.35,-4.6E-02));
#17253 = VECTOR('',#17254,1.);
#17254 = DIRECTION('',(0.,0.,1.));
#17255 = ORIENTED_EDGE('',*,*,#15282,.F.);
#17256 = ORIENTED_EDGE('',*,*,#17250,.F.);
#17257 = CYLINDRICAL_SURFACE('',#17258,0.35);
#17258 = AXIS2_PLACEMENT_3D('',#17259,#17260,#17261);
#17259 = CARTESIAN_POINT('',(97.,-64.,-4.6E-02));
#17260 = DIRECTION('',(-0.,-0.,-1.));
#17261 = DIRECTION('',(-0.,-1.,0.));
#17262 = ADVANCED_FACE('',(#17263),#17274,.F.);
#17263 = FACE_BOUND('',#17264,.T.);
#17264 = EDGE_LOOP('',(#17265,#17266,#17272,#17273));
#17265 = ORIENTED_EDGE('',*,*,#13813,.T.);
#17266 = ORIENTED_EDGE('',*,*,#17267,.T.);
#17267 = EDGE_CURVE('',#13814,#15294,#17268,.T.);
#17268 = LINE('',#17269,#17270);
#17269 = CARTESIAN_POINT('',(102.5,-62.35,-4.6E-02));
#17270 = VECTOR('',#17271,1.);
#17271 = DIRECTION('',(0.,0.,1.));
#17272 = ORIENTED_EDGE('',*,*,#15293,.F.);
#17273 = ORIENTED_EDGE('',*,*,#17267,.F.);
#17274 = CYLINDRICAL_SURFACE('',#17275,0.35);
#17275 = AXIS2_PLACEMENT_3D('',#17276,#17277,#17278);
#17276 = CARTESIAN_POINT('',(102.5,-62.,-4.6E-02));
#17277 = DIRECTION('',(-0.,-0.,-1.));
#17278 = DIRECTION('',(-0.,-1.,0.));
#17279 = ADVANCED_FACE('',(#17280),#17291,.F.);
#17280 = FACE_BOUND('',#17281,.T.);
#17281 = EDGE_LOOP('',(#17282,#17283,#17289,#17290));
#17282 = ORIENTED_EDGE('',*,*,#13824,.T.);
#17283 = ORIENTED_EDGE('',*,*,#17284,.T.);
#17284 = EDGE_CURVE('',#13825,#15305,#17285,.T.);
#17285 = LINE('',#17286,#17287);
#17286 = CARTESIAN_POINT('',(81.18,-54.01,-4.6E-02));
#17287 = VECTOR('',#17288,1.);
#17288 = DIRECTION('',(0.,0.,1.));
#17289 = ORIENTED_EDGE('',*,*,#15304,.F.);
#17290 = ORIENTED_EDGE('',*,*,#17284,.F.);
#17291 = CYLINDRICAL_SURFACE('',#17292,0.51);
#17292 = AXIS2_PLACEMENT_3D('',#17293,#17294,#17295);
#17293 = CARTESIAN_POINT('',(81.18,-53.5,-4.6E-02));
#17294 = DIRECTION('',(-0.,-0.,-1.));
#17295 = DIRECTION('',(-0.,-1.,0.));
#17296 = ADVANCED_FACE('',(#17297),#17308,.F.);
#17297 = FACE_BOUND('',#17298,.T.);
#17298 = EDGE_LOOP('',(#17299,#17300,#17306,#17307));
#17299 = ORIENTED_EDGE('',*,*,#13835,.T.);
#17300 = ORIENTED_EDGE('',*,*,#17301,.T.);
#17301 = EDGE_CURVE('',#13836,#15316,#17302,.T.);
#17302 = LINE('',#17303,#17304);
#17303 = CARTESIAN_POINT('',(83.72,-54.01,-4.6E-02));
#17304 = VECTOR('',#17305,1.);
#17305 = DIRECTION('',(0.,0.,1.));
#17306 = ORIENTED_EDGE('',*,*,#15315,.F.);
#17307 = ORIENTED_EDGE('',*,*,#17301,.F.);
#17308 = CYLINDRICAL_SURFACE('',#17309,0.51);
#17309 = AXIS2_PLACEMENT_3D('',#17310,#17311,#17312);
#17310 = CARTESIAN_POINT('',(83.72,-53.5,-4.6E-02));
#17311 = DIRECTION('',(-0.,-0.,-1.));
#17312 = DIRECTION('',(-0.,-1.,0.));
#17313 = ADVANCED_FACE('',(#17314),#17325,.F.);
#17314 = FACE_BOUND('',#17315,.T.);
#17315 = EDGE_LOOP('',(#17316,#17317,#17323,#17324));
#17316 = ORIENTED_EDGE('',*,*,#13846,.T.);
#17317 = ORIENTED_EDGE('',*,*,#17318,.T.);
#17318 = EDGE_CURVE('',#13847,#15327,#17319,.T.);
#17319 = LINE('',#17320,#17321);
#17320 = CARTESIAN_POINT('',(86.26,-54.01,-4.6E-02));
#17321 = VECTOR('',#17322,1.);
#17322 = DIRECTION('',(0.,0.,1.));
#17323 = ORIENTED_EDGE('',*,*,#15326,.F.);
#17324 = ORIENTED_EDGE('',*,*,#17318,.F.);
#17325 = CYLINDRICAL_SURFACE('',#17326,0.51);
#17326 = AXIS2_PLACEMENT_3D('',#17327,#17328,#17329);
#17327 = CARTESIAN_POINT('',(86.26,-53.5,-4.6E-02));
#17328 = DIRECTION('',(-0.,0.,-1.));
#17329 = DIRECTION('',(2.78644210102E-14,-1.,-0.));
#17330 = ADVANCED_FACE('',(#17331),#17342,.F.);
#17331 = FACE_BOUND('',#17332,.T.);
#17332 = EDGE_LOOP('',(#17333,#17334,#17340,#17341));
#17333 = ORIENTED_EDGE('',*,*,#13857,.T.);
#17334 = ORIENTED_EDGE('',*,*,#17335,.T.);
#17335 = EDGE_CURVE('',#13858,#15338,#17336,.T.);
#17336 = LINE('',#17337,#17338);
#17337 = CARTESIAN_POINT('',(88.8,-54.01,-4.6E-02));
#17338 = VECTOR('',#17339,1.);
#17339 = DIRECTION('',(0.,0.,1.));
#17340 = ORIENTED_EDGE('',*,*,#15337,.F.);
#17341 = ORIENTED_EDGE('',*,*,#17335,.F.);
#17342 = CYLINDRICAL_SURFACE('',#17343,0.51);
#17343 = AXIS2_PLACEMENT_3D('',#17344,#17345,#17346);
#17344 = CARTESIAN_POINT('',(88.8,-53.5,-4.6E-02));
#17345 = DIRECTION('',(-0.,-0.,-1.));
#17346 = DIRECTION('',(-2.78644210102E-14,-1.,0.));
#17347 = ADVANCED_FACE('',(#17348),#17359,.F.);
#17348 = FACE_BOUND('',#17349,.T.);
#17349 = EDGE_LOOP('',(#17350,#17351,#17357,#17358));
#17350 = ORIENTED_EDGE('',*,*,#13868,.T.);
#17351 = ORIENTED_EDGE('',*,*,#17352,.T.);
#17352 = EDGE_CURVE('',#13869,#15349,#17353,.T.);
#17353 = LINE('',#17354,#17355);
#17354 = CARTESIAN_POINT('',(91.34,-54.01,-4.6E-02));
#17355 = VECTOR('',#17356,1.);
#17356 = DIRECTION('',(0.,0.,1.));
#17357 = ORIENTED_EDGE('',*,*,#15348,.F.);
#17358 = ORIENTED_EDGE('',*,*,#17352,.F.);
#17359 = CYLINDRICAL_SURFACE('',#17360,0.51);
#17360 = AXIS2_PLACEMENT_3D('',#17361,#17362,#17363);
#17361 = CARTESIAN_POINT('',(91.34,-53.5,-4.6E-02));
#17362 = DIRECTION('',(-0.,-0.,-1.));
#17363 = DIRECTION('',(-0.,-1.,0.));
#17364 = ADVANCED_FACE('',(#17365),#17376,.F.);
#17365 = FACE_BOUND('',#17366,.T.);
#17366 = EDGE_LOOP('',(#17367,#17368,#17374,#17375));
#17367 = ORIENTED_EDGE('',*,*,#13879,.T.);
#17368 = ORIENTED_EDGE('',*,*,#17369,.T.);
#17369 = EDGE_CURVE('',#13880,#15360,#17370,.T.);
#17370 = LINE('',#17371,#17372);
#17371 = CARTESIAN_POINT('',(93.88,-54.01,-4.6E-02));
#17372 = VECTOR('',#17373,1.);
#17373 = DIRECTION('',(0.,0.,1.));
#17374 = ORIENTED_EDGE('',*,*,#15359,.F.);
#17375 = ORIENTED_EDGE('',*,*,#17369,.F.);
#17376 = CYLINDRICAL_SURFACE('',#17377,0.51);
#17377 = AXIS2_PLACEMENT_3D('',#17378,#17379,#17380);
#17378 = CARTESIAN_POINT('',(93.88,-53.5,-4.6E-02));
#17379 = DIRECTION('',(-0.,-0.,-1.));
#17380 = DIRECTION('',(-0.,-1.,0.));
#17381 = ADVANCED_FACE('',(#17382),#17393,.F.);
#17382 = FACE_BOUND('',#17383,.T.);
#17383 = EDGE_LOOP('',(#17384,#17385,#17391,#17392));
#17384 = ORIENTED_EDGE('',*,*,#13890,.T.);
#17385 = ORIENTED_EDGE('',*,*,#17386,.T.);
#17386 = EDGE_CURVE('',#13891,#15371,#17387,.T.);
#17387 = LINE('',#17388,#17389);
#17388 = CARTESIAN_POINT('',(96.42,-54.01,-4.6E-02));
#17389 = VECTOR('',#17390,1.);
#17390 = DIRECTION('',(0.,0.,1.));
#17391 = ORIENTED_EDGE('',*,*,#15370,.F.);
#17392 = ORIENTED_EDGE('',*,*,#17386,.F.);
#17393 = CYLINDRICAL_SURFACE('',#17394,0.51);
#17394 = AXIS2_PLACEMENT_3D('',#17395,#17396,#17397);
#17395 = CARTESIAN_POINT('',(96.42,-53.5,-4.6E-02));
#17396 = DIRECTION('',(-0.,-0.,-1.));
#17397 = DIRECTION('',(-0.,-1.,0.));
#17398 = ADVANCED_FACE('',(#17399),#17410,.F.);
#17399 = FACE_BOUND('',#17400,.T.);
#17400 = EDGE_LOOP('',(#17401,#17402,#17408,#17409));
#17401 = ORIENTED_EDGE('',*,*,#13901,.T.);
#17402 = ORIENTED_EDGE('',*,*,#17403,.T.);
#17403 = EDGE_CURVE('',#13902,#15382,#17404,.T.);
#17404 = LINE('',#17405,#17406);
#17405 = CARTESIAN_POINT('',(99.5,-60.35,-4.6E-02));
#17406 = VECTOR('',#17407,1.);
#17407 = DIRECTION('',(0.,0.,1.));
#17408 = ORIENTED_EDGE('',*,*,#15381,.F.);
#17409 = ORIENTED_EDGE('',*,*,#17403,.F.);
#17410 = CYLINDRICAL_SURFACE('',#17411,0.35);
#17411 = AXIS2_PLACEMENT_3D('',#17412,#17413,#17414);
#17412 = CARTESIAN_POINT('',(99.5,-60.,-4.6E-02));
#17413 = DIRECTION('',(-0.,-0.,-1.));
#17414 = DIRECTION('',(-0.,-1.,0.));
#17415 = ADVANCED_FACE('',(#17416),#17427,.F.);
#17416 = FACE_BOUND('',#17417,.T.);
#17417 = EDGE_LOOP('',(#17418,#17419,#17425,#17426));
#17418 = ORIENTED_EDGE('',*,*,#13912,.T.);
#17419 = ORIENTED_EDGE('',*,*,#17420,.T.);
#17420 = EDGE_CURVE('',#13913,#15393,#17421,.T.);
#17421 = LINE('',#17422,#17423);
#17422 = CARTESIAN_POINT('',(98.96,-54.01,-4.6E-02));
#17423 = VECTOR('',#17424,1.);
#17424 = DIRECTION('',(0.,0.,1.));
#17425 = ORIENTED_EDGE('',*,*,#15392,.F.);
#17426 = ORIENTED_EDGE('',*,*,#17420,.F.);
#17427 = CYLINDRICAL_SURFACE('',#17428,0.51);
#17428 = AXIS2_PLACEMENT_3D('',#17429,#17430,#17431);
#17429 = CARTESIAN_POINT('',(98.96,-53.5,-4.6E-02));
#17430 = DIRECTION('',(-0.,-0.,-1.));
#17431 = DIRECTION('',(-2.78644210102E-14,-1.,0.));
#17432 = ADVANCED_FACE('',(#17433),#17444,.F.);
#17433 = FACE_BOUND('',#17434,.T.);
#17434 = EDGE_LOOP('',(#17435,#17436,#17442,#17443));
#17435 = ORIENTED_EDGE('',*,*,#13923,.T.);
#17436 = ORIENTED_EDGE('',*,*,#17437,.T.);
#17437 = EDGE_CURVE('',#13924,#15404,#17438,.T.);
#17438 = LINE('',#17439,#17440);
#17439 = CARTESIAN_POINT('',(101.5,-54.01,-4.6E-02));
#17440 = VECTOR('',#17441,1.);
#17441 = DIRECTION('',(0.,0.,1.));
#17442 = ORIENTED_EDGE('',*,*,#15403,.F.);
#17443 = ORIENTED_EDGE('',*,*,#17437,.F.);
#17444 = CYLINDRICAL_SURFACE('',#17445,0.51);
#17445 = AXIS2_PLACEMENT_3D('',#17446,#17447,#17448);
#17446 = CARTESIAN_POINT('',(101.5,-53.5,-4.6E-02));
#17447 = DIRECTION('',(-0.,-0.,-1.));
#17448 = DIRECTION('',(-0.,-1.,0.));
#17449 = ADVANCED_FACE('',(#17450),#17461,.F.);
#17450 = FACE_BOUND('',#17451,.T.);
#17451 = EDGE_LOOP('',(#17452,#17453,#17459,#17460));
#17452 = ORIENTED_EDGE('',*,*,#13934,.T.);
#17453 = ORIENTED_EDGE('',*,*,#17454,.T.);
#17454 = EDGE_CURVE('',#13935,#15415,#17455,.T.);
#17455 = LINE('',#17456,#17457);
#17456 = CARTESIAN_POINT('',(104.04,-54.01,-4.6E-02));
#17457 = VECTOR('',#17458,1.);
#17458 = DIRECTION('',(0.,0.,1.));
#17459 = ORIENTED_EDGE('',*,*,#15414,.F.);
#17460 = ORIENTED_EDGE('',*,*,#17454,.F.);
#17461 = CYLINDRICAL_SURFACE('',#17462,0.51);
#17462 = AXIS2_PLACEMENT_3D('',#17463,#17464,#17465);
#17463 = CARTESIAN_POINT('',(104.04,-53.5,-4.6E-02));
#17464 = DIRECTION('',(-0.,0.,-1.));
#17465 = DIRECTION('',(2.78644210102E-14,-1.,-0.));
#17466 = ADVANCED_FACE('',(#17467),#17478,.F.);
#17467 = FACE_BOUND('',#17468,.T.);
#17468 = EDGE_LOOP('',(#17469,#17470,#17476,#17477));
#17469 = ORIENTED_EDGE('',*,*,#13945,.T.);
#17470 = ORIENTED_EDGE('',*,*,#17471,.T.);
#17471 = EDGE_CURVE('',#13946,#15426,#17472,.T.);
#17472 = LINE('',#17473,#17474);
#17473 = CARTESIAN_POINT('',(106.58,-54.01,-4.6E-02));
#17474 = VECTOR('',#17475,1.);
#17475 = DIRECTION('',(0.,0.,1.));
#17476 = ORIENTED_EDGE('',*,*,#15425,.F.);
#17477 = ORIENTED_EDGE('',*,*,#17471,.F.);
#17478 = CYLINDRICAL_SURFACE('',#17479,0.51);
#17479 = AXIS2_PLACEMENT_3D('',#17480,#17481,#17482);
#17480 = CARTESIAN_POINT('',(106.58,-53.5,-4.6E-02));
#17481 = DIRECTION('',(-0.,-0.,-1.));
#17482 = DIRECTION('',(-0.,-1.,0.));
#17483 = ADVANCED_FACE('',(#17484),#17495,.F.);
#17484 = FACE_BOUND('',#17485,.T.);
#17485 = EDGE_LOOP('',(#17486,#17487,#17493,#17494));
#17486 = ORIENTED_EDGE('',*,*,#13956,.T.);
#17487 = ORIENTED_EDGE('',*,*,#17488,.T.);
#17488 = EDGE_CURVE('',#13957,#15437,#17489,.T.);
#17489 = LINE('',#17490,#17491);
#17490 = CARTESIAN_POINT('',(118.75,-79.55,-4.6E-02));
#17491 = VECTOR('',#17492,1.);
#17492 = DIRECTION('',(0.,0.,1.));
#17493 = ORIENTED_EDGE('',*,*,#15436,.F.);
#17494 = ORIENTED_EDGE('',*,*,#17488,.F.);
#17495 = CYLINDRICAL_SURFACE('',#17496,0.35);
#17496 = AXIS2_PLACEMENT_3D('',#17497,#17498,#17499);
#17497 = CARTESIAN_POINT('',(118.75,-79.2,-4.6E-02));
#17498 = DIRECTION('',(-0.,-0.,-1.));
#17499 = DIRECTION('',(-0.,-1.,0.));
#17500 = ADVANCED_FACE('',(#17501),#17512,.F.);
#17501 = FACE_BOUND('',#17502,.T.);
#17502 = EDGE_LOOP('',(#17503,#17504,#17510,#17511));
#17503 = ORIENTED_EDGE('',*,*,#13967,.T.);
#17504 = ORIENTED_EDGE('',*,*,#17505,.T.);
#17505 = EDGE_CURVE('',#13968,#15448,#17506,.T.);
#17506 = LINE('',#17507,#17508);
#17507 = CARTESIAN_POINT('',(128.525,-79.75,-4.6E-02));
#17508 = VECTOR('',#17509,1.);
#17509 = DIRECTION('',(0.,0.,1.));
#17510 = ORIENTED_EDGE('',*,*,#15447,.F.);
#17511 = ORIENTED_EDGE('',*,*,#17505,.F.);
#17512 = CYLINDRICAL_SURFACE('',#17513,0.4);
#17513 = AXIS2_PLACEMENT_3D('',#17514,#17515,#17516);
#17514 = CARTESIAN_POINT('',(128.525,-79.35,-4.6E-02));
#17515 = DIRECTION('',(-0.,-0.,-1.));
#17516 = DIRECTION('',(-0.,-1.,0.));
#17517 = ADVANCED_FACE('',(#17518),#17529,.F.);
#17518 = FACE_BOUND('',#17519,.T.);
#17519 = EDGE_LOOP('',(#17520,#17521,#17527,#17528));
#17520 = ORIENTED_EDGE('',*,*,#13978,.T.);
#17521 = ORIENTED_EDGE('',*,*,#17522,.T.);
#17522 = EDGE_CURVE('',#13979,#15459,#17523,.T.);
#17523 = LINE('',#17524,#17525);
#17524 = CARTESIAN_POINT('',(119.,-74.6,-4.6E-02));
#17525 = VECTOR('',#17526,1.);
#17526 = DIRECTION('',(0.,0.,1.));
#17527 = ORIENTED_EDGE('',*,*,#15458,.F.);
#17528 = ORIENTED_EDGE('',*,*,#17522,.F.);
#17529 = CYLINDRICAL_SURFACE('',#17530,0.35);
#17530 = AXIS2_PLACEMENT_3D('',#17531,#17532,#17533);
#17531 = CARTESIAN_POINT('',(119.,-74.25,-4.6E-02));
#17532 = DIRECTION('',(-0.,-0.,-1.));
#17533 = DIRECTION('',(-0.,-1.,0.));
#17534 = ADVANCED_FACE('',(#17535),#17546,.F.);
#17535 = FACE_BOUND('',#17536,.T.);
#17536 = EDGE_LOOP('',(#17537,#17538,#17544,#17545));
#17537 = ORIENTED_EDGE('',*,*,#13989,.T.);
#17538 = ORIENTED_EDGE('',*,*,#17539,.T.);
#17539 = EDGE_CURVE('',#13990,#15470,#17540,.T.);
#17540 = LINE('',#17541,#17542);
#17541 = CARTESIAN_POINT('',(119.,-71.05,-4.6E-02));
#17542 = VECTOR('',#17543,1.);
#17543 = DIRECTION('',(0.,0.,1.));
#17544 = ORIENTED_EDGE('',*,*,#15469,.F.);
#17545 = ORIENTED_EDGE('',*,*,#17539,.F.);
#17546 = CYLINDRICAL_SURFACE('',#17547,0.35);
#17547 = AXIS2_PLACEMENT_3D('',#17548,#17549,#17550);
#17548 = CARTESIAN_POINT('',(119.,-70.7,-4.6E-02));
#17549 = DIRECTION('',(-0.,-0.,-1.));
#17550 = DIRECTION('',(-0.,-1.,0.));
#17551 = ADVANCED_FACE('',(#17552),#17563,.F.);
#17552 = FACE_BOUND('',#17553,.T.);
#17553 = EDGE_LOOP('',(#17554,#17555,#17561,#17562));
#17554 = ORIENTED_EDGE('',*,*,#14000,.T.);
#17555 = ORIENTED_EDGE('',*,*,#17556,.T.);
#17556 = EDGE_CURVE('',#14001,#15481,#17557,.T.);
#17557 = LINE('',#17558,#17559);
#17558 = CARTESIAN_POINT('',(124.45,-70.15,-4.6E-02));
#17559 = VECTOR('',#17560,1.);
#17560 = DIRECTION('',(0.,0.,1.));
#17561 = ORIENTED_EDGE('',*,*,#15480,.F.);
#17562 = ORIENTED_EDGE('',*,*,#17556,.F.);
#17563 = CYLINDRICAL_SURFACE('',#17564,0.35);
#17564 = AXIS2_PLACEMENT_3D('',#17565,#17566,#17567);
#17565 = CARTESIAN_POINT('',(124.45,-69.8,-4.6E-02));
#17566 = DIRECTION('',(-0.,0.,-1.));
#17567 = DIRECTION('',(4.060244204343E-14,-1.,-0.));
#17568 = ADVANCED_FACE('',(#17569),#17580,.F.);
#17569 = FACE_BOUND('',#17570,.T.);
#17570 = EDGE_LOOP('',(#17571,#17572,#17578,#17579));
#17571 = ORIENTED_EDGE('',*,*,#14011,.T.);
#17572 = ORIENTED_EDGE('',*,*,#17573,.T.);
#17573 = EDGE_CURVE('',#14012,#15492,#17574,.T.);
#17574 = LINE('',#17575,#17576);
#17575 = CARTESIAN_POINT('',(128.2175,-70.8425,-4.6E-02));
#17576 = VECTOR('',#17577,1.);
#17577 = DIRECTION('',(0.,0.,1.));
#17578 = ORIENTED_EDGE('',*,*,#15491,.F.);
#17579 = ORIENTED_EDGE('',*,*,#17573,.F.);
#17580 = CYLINDRICAL_SURFACE('',#17581,0.4);
#17581 = AXIS2_PLACEMENT_3D('',#17582,#17583,#17584);
#17582 = CARTESIAN_POINT('',(128.2175,-70.4425,-4.6E-02));
#17583 = DIRECTION('',(-0.,-0.,-1.));
#17584 = DIRECTION('',(-0.,-1.,0.));
#17585 = ADVANCED_FACE('',(#17586),#17597,.F.);
#17586 = FACE_BOUND('',#17587,.T.);
#17587 = EDGE_LOOP('',(#17588,#17589,#17595,#17596));
#17588 = ORIENTED_EDGE('',*,*,#14022,.T.);
#17589 = ORIENTED_EDGE('',*,*,#17590,.T.);
#17590 = EDGE_CURVE('',#14023,#15503,#17591,.T.);
#17591 = LINE('',#17592,#17593);
#17592 = CARTESIAN_POINT('',(128.2175,-68.8425,-4.6E-02));
#17593 = VECTOR('',#17594,1.);
#17594 = DIRECTION('',(0.,0.,1.));
#17595 = ORIENTED_EDGE('',*,*,#15502,.F.);
#17596 = ORIENTED_EDGE('',*,*,#17590,.F.);
#17597 = CYLINDRICAL_SURFACE('',#17598,0.4);
#17598 = AXIS2_PLACEMENT_3D('',#17599,#17600,#17601);
#17599 = CARTESIAN_POINT('',(128.2175,-68.4425,-4.6E-02));
#17600 = DIRECTION('',(-0.,-0.,-1.));
#17601 = DIRECTION('',(-0.,-1.,0.));
#17602 = ADVANCED_FACE('',(#17603),#17614,.F.);
#17603 = FACE_BOUND('',#17604,.T.);
#17604 = EDGE_LOOP('',(#17605,#17606,#17612,#17613));
#17605 = ORIENTED_EDGE('',*,*,#14033,.T.);
#17606 = ORIENTED_EDGE('',*,*,#17607,.T.);
#17607 = EDGE_CURVE('',#14034,#15514,#17608,.T.);
#17608 = LINE('',#17609,#17610);
#17609 = CARTESIAN_POINT('',(141.8175,-70.8425,-4.6E-02));
#17610 = VECTOR('',#17611,1.);
#17611 = DIRECTION('',(0.,0.,1.));
#17612 = ORIENTED_EDGE('',*,*,#15513,.F.);
#17613 = ORIENTED_EDGE('',*,*,#17607,.F.);
#17614 = CYLINDRICAL_SURFACE('',#17615,0.4);
#17615 = AXIS2_PLACEMENT_3D('',#17616,#17617,#17618);
#17616 = CARTESIAN_POINT('',(141.8175,-70.4425,-4.6E-02));
#17617 = DIRECTION('',(-0.,-0.,-1.));
#17618 = DIRECTION('',(-0.,-1.,0.));
#17619 = ADVANCED_FACE('',(#17620),#17631,.F.);
#17620 = FACE_BOUND('',#17621,.T.);
#17621 = EDGE_LOOP('',(#17622,#17623,#17629,#17630));
#17622 = ORIENTED_EDGE('',*,*,#14044,.T.);
#17623 = ORIENTED_EDGE('',*,*,#17624,.T.);
#17624 = EDGE_CURVE('',#14045,#15525,#17625,.T.);
#17625 = LINE('',#17626,#17627);
#17626 = CARTESIAN_POINT('',(141.8175,-68.8425,-4.6E-02));
#17627 = VECTOR('',#17628,1.);
#17628 = DIRECTION('',(0.,0.,1.));
#17629 = ORIENTED_EDGE('',*,*,#15524,.F.);
#17630 = ORIENTED_EDGE('',*,*,#17624,.F.);
#17631 = CYLINDRICAL_SURFACE('',#17632,0.4);
#17632 = AXIS2_PLACEMENT_3D('',#17633,#17634,#17635);
#17633 = CARTESIAN_POINT('',(141.8175,-68.4425,-4.6E-02));
#17634 = DIRECTION('',(-0.,-0.,-1.));
#17635 = DIRECTION('',(-0.,-1.,0.));
#17636 = ADVANCED_FACE('',(#17637),#17648,.F.);
#17637 = FACE_BOUND('',#17638,.T.);
#17638 = EDGE_LOOP('',(#17639,#17640,#17646,#17647));
#17639 = ORIENTED_EDGE('',*,*,#14055,.T.);
#17640 = ORIENTED_EDGE('',*,*,#17641,.T.);
#17641 = EDGE_CURVE('',#14056,#15536,#17642,.T.);
#17642 = LINE('',#17643,#17644);
#17643 = CARTESIAN_POINT('',(166.1,-80.55,-4.6E-02));
#17644 = VECTOR('',#17645,1.);
#17645 = DIRECTION('',(0.,0.,1.));
#17646 = ORIENTED_EDGE('',*,*,#15535,.F.);
#17647 = ORIENTED_EDGE('',*,*,#17641,.F.);
#17648 = CYLINDRICAL_SURFACE('',#17649,0.35);
#17649 = AXIS2_PLACEMENT_3D('',#17650,#17651,#17652);
#17650 = CARTESIAN_POINT('',(166.1,-80.2,-4.6E-02));
#17651 = DIRECTION('',(-0.,-0.,-1.));
#17652 = DIRECTION('',(-0.,-1.,0.));
#17653 = ADVANCED_FACE('',(#17654),#17665,.F.);
#17654 = FACE_BOUND('',#17655,.T.);
#17655 = EDGE_LOOP('',(#17656,#17657,#17663,#17664));
#17656 = ORIENTED_EDGE('',*,*,#14066,.T.);
#17657 = ORIENTED_EDGE('',*,*,#17658,.T.);
#17658 = EDGE_CURVE('',#14067,#15547,#17659,.T.);
#17659 = LINE('',#17660,#17661);
#17660 = CARTESIAN_POINT('',(172.55,-78.9,-4.6E-02));
#17661 = VECTOR('',#17662,1.);
#17662 = DIRECTION('',(0.,0.,1.));
#17663 = ORIENTED_EDGE('',*,*,#15546,.F.);
#17664 = ORIENTED_EDGE('',*,*,#17658,.F.);
#17665 = CYLINDRICAL_SURFACE('',#17666,0.35);
#17666 = AXIS2_PLACEMENT_3D('',#17667,#17668,#17669);
#17667 = CARTESIAN_POINT('',(172.55,-78.55,-4.6E-02));
#17668 = DIRECTION('',(-0.,-0.,-1.));
#17669 = DIRECTION('',(-0.,-1.,0.));
#17670 = ADVANCED_FACE('',(#17671),#17682,.F.);
#17671 = FACE_BOUND('',#17672,.T.);
#17672 = EDGE_LOOP('',(#17673,#17674,#17680,#17681));
#17673 = ORIENTED_EDGE('',*,*,#14077,.T.);
#17674 = ORIENTED_EDGE('',*,*,#17675,.T.);
#17675 = EDGE_CURVE('',#14078,#15558,#17676,.T.);
#17676 = LINE('',#17677,#17678);
#17677 = CARTESIAN_POINT('',(167.,-73.95,-4.6E-02));
#17678 = VECTOR('',#17679,1.);
#17679 = DIRECTION('',(0.,0.,1.));
#17680 = ORIENTED_EDGE('',*,*,#15557,.F.);
#17681 = ORIENTED_EDGE('',*,*,#17675,.F.);
#17682 = CYLINDRICAL_SURFACE('',#17683,0.5);
#17683 = AXIS2_PLACEMENT_3D('',#17684,#17685,#17686);
#17684 = CARTESIAN_POINT('',(167.,-73.45,-4.6E-02));
#17685 = DIRECTION('',(-0.,-0.,-1.));
#17686 = DIRECTION('',(-0.,-1.,0.));
#17687 = ADVANCED_FACE('',(#17688),#17699,.F.);
#17688 = FACE_BOUND('',#17689,.T.);
#17689 = EDGE_LOOP('',(#17690,#17691,#17697,#17698));
#17690 = ORIENTED_EDGE('',*,*,#14088,.T.);
#17691 = ORIENTED_EDGE('',*,*,#17692,.T.);
#17692 = EDGE_CURVE('',#14089,#15569,#17693,.T.);
#17693 = LINE('',#17694,#17695);
#17694 = CARTESIAN_POINT('',(169.54,-73.95,-4.6E-02));
#17695 = VECTOR('',#17696,1.);
#17696 = DIRECTION('',(0.,0.,1.));
#17697 = ORIENTED_EDGE('',*,*,#15568,.F.);
#17698 = ORIENTED_EDGE('',*,*,#17692,.F.);
#17699 = CYLINDRICAL_SURFACE('',#17700,0.5);
#17700 = AXIS2_PLACEMENT_3D('',#17701,#17702,#17703);
#17701 = CARTESIAN_POINT('',(169.54,-73.45,-4.6E-02));
#17702 = DIRECTION('',(-0.,-0.,-1.));
#17703 = DIRECTION('',(-0.,-1.,0.));
#17704 = ADVANCED_FACE('',(#17705),#17716,.F.);
#17705 = FACE_BOUND('',#17706,.T.);
#17706 = EDGE_LOOP('',(#17707,#17708,#17714,#17715));
#17707 = ORIENTED_EDGE('',*,*,#14099,.T.);
#17708 = ORIENTED_EDGE('',*,*,#17709,.T.);
#17709 = EDGE_CURVE('',#14100,#15580,#17710,.T.);
#17710 = LINE('',#17711,#17712);
#17711 = CARTESIAN_POINT('',(172.08,-73.95,-4.6E-02));
#17712 = VECTOR('',#17713,1.);
#17713 = DIRECTION('',(0.,0.,1.));
#17714 = ORIENTED_EDGE('',*,*,#15579,.F.);
#17715 = ORIENTED_EDGE('',*,*,#17709,.F.);
#17716 = CYLINDRICAL_SURFACE('',#17717,0.5);
#17717 = AXIS2_PLACEMENT_3D('',#17718,#17719,#17720);
#17718 = CARTESIAN_POINT('',(172.08,-73.45,-4.6E-02));
#17719 = DIRECTION('',(-0.,-0.,-1.));
#17720 = DIRECTION('',(-0.,-1.,0.));
#17721 = ADVANCED_FACE('',(#17722),#17733,.F.);
#17722 = FACE_BOUND('',#17723,.T.);
#17723 = EDGE_LOOP('',(#17724,#17725,#17731,#17732));
#17724 = ORIENTED_EDGE('',*,*,#14110,.T.);
#17725 = ORIENTED_EDGE('',*,*,#17726,.T.);
#17726 = EDGE_CURVE('',#14111,#15591,#17727,.T.);
#17727 = LINE('',#17728,#17729);
#17728 = CARTESIAN_POINT('',(174.62,-73.95,-4.6E-02));
#17729 = VECTOR('',#17730,1.);
#17730 = DIRECTION('',(0.,0.,1.));
#17731 = ORIENTED_EDGE('',*,*,#15590,.F.);
#17732 = ORIENTED_EDGE('',*,*,#17726,.F.);
#17733 = CYLINDRICAL_SURFACE('',#17734,0.5);
#17734 = AXIS2_PLACEMENT_3D('',#17735,#17736,#17737);
#17735 = CARTESIAN_POINT('',(174.62,-73.45,-4.6E-02));
#17736 = DIRECTION('',(-0.,-0.,-1.));
#17737 = DIRECTION('',(-0.,-1.,0.));
#17738 = ADVANCED_FACE('',(#17739),#17750,.F.);
#17739 = FACE_BOUND('',#17740,.T.);
#17740 = EDGE_LOOP('',(#17741,#17742,#17748,#17749));
#17741 = ORIENTED_EDGE('',*,*,#14121,.T.);
#17742 = ORIENTED_EDGE('',*,*,#17743,.T.);
#17743 = EDGE_CURVE('',#14122,#15602,#17744,.T.);
#17744 = LINE('',#17745,#17746);
#17745 = CARTESIAN_POINT('',(128.2175,-66.8425,-4.6E-02));
#17746 = VECTOR('',#17747,1.);
#17747 = DIRECTION('',(0.,0.,1.));
#17748 = ORIENTED_EDGE('',*,*,#15601,.F.);
#17749 = ORIENTED_EDGE('',*,*,#17743,.F.);
#17750 = CYLINDRICAL_SURFACE('',#17751,0.4);
#17751 = AXIS2_PLACEMENT_3D('',#17752,#17753,#17754);
#17752 = CARTESIAN_POINT('',(128.2175,-66.4425,-4.6E-02));
#17753 = DIRECTION('',(-0.,-0.,-1.));
#17754 = DIRECTION('',(-0.,-1.,0.));
#17755 = ADVANCED_FACE('',(#17756),#17767,.F.);
#17756 = FACE_BOUND('',#17757,.T.);
#17757 = EDGE_LOOP('',(#17758,#17759,#17765,#17766));
#17758 = ORIENTED_EDGE('',*,*,#14132,.T.);
#17759 = ORIENTED_EDGE('',*,*,#17760,.T.);
#17760 = EDGE_CURVE('',#14133,#15613,#17761,.T.);
#17761 = LINE('',#17762,#17763);
#17762 = CARTESIAN_POINT('',(128.2175,-64.8425,-4.6E-02));
#17763 = VECTOR('',#17764,1.);
#17764 = DIRECTION('',(0.,0.,1.));
#17765 = ORIENTED_EDGE('',*,*,#15612,.F.);
#17766 = ORIENTED_EDGE('',*,*,#17760,.F.);
#17767 = CYLINDRICAL_SURFACE('',#17768,0.4);
#17768 = AXIS2_PLACEMENT_3D('',#17769,#17770,#17771);
#17769 = CARTESIAN_POINT('',(128.2175,-64.4425,-4.6E-02));
#17770 = DIRECTION('',(-0.,-0.,-1.));
#17771 = DIRECTION('',(-0.,-1.,0.));
#17772 = ADVANCED_FACE('',(#17773),#17784,.F.);
#17773 = FACE_BOUND('',#17774,.T.);
#17774 = EDGE_LOOP('',(#17775,#17776,#17782,#17783));
#17775 = ORIENTED_EDGE('',*,*,#14143,.T.);
#17776 = ORIENTED_EDGE('',*,*,#17777,.T.);
#17777 = EDGE_CURVE('',#14144,#15624,#17778,.T.);
#17778 = LINE('',#17779,#17780);
#17779 = CARTESIAN_POINT('',(128.2175,-62.8425,-4.6E-02));
#17780 = VECTOR('',#17781,1.);
#17781 = DIRECTION('',(0.,0.,1.));
#17782 = ORIENTED_EDGE('',*,*,#15623,.F.);
#17783 = ORIENTED_EDGE('',*,*,#17777,.F.);
#17784 = CYLINDRICAL_SURFACE('',#17785,0.4);
#17785 = AXIS2_PLACEMENT_3D('',#17786,#17787,#17788);
#17786 = CARTESIAN_POINT('',(128.2175,-62.4425,-4.6E-02));
#17787 = DIRECTION('',(-0.,-0.,-1.));
#17788 = DIRECTION('',(-0.,-1.,0.));
#17789 = ADVANCED_FACE('',(#17790),#17801,.F.);
#17790 = FACE_BOUND('',#17791,.T.);
#17791 = EDGE_LOOP('',(#17792,#17793,#17799,#17800));
#17792 = ORIENTED_EDGE('',*,*,#14154,.T.);
#17793 = ORIENTED_EDGE('',*,*,#17794,.T.);
#17794 = EDGE_CURVE('',#14155,#15635,#17795,.T.);
#17795 = LINE('',#17796,#17797);
#17796 = CARTESIAN_POINT('',(128.2175,-60.8425,-4.6E-02));
#17797 = VECTOR('',#17798,1.);
#17798 = DIRECTION('',(0.,0.,1.));
#17799 = ORIENTED_EDGE('',*,*,#15634,.F.);
#17800 = ORIENTED_EDGE('',*,*,#17794,.F.);
#17801 = CYLINDRICAL_SURFACE('',#17802,0.4);
#17802 = AXIS2_PLACEMENT_3D('',#17803,#17804,#17805);
#17803 = CARTESIAN_POINT('',(128.2175,-60.4425,-4.6E-02));
#17804 = DIRECTION('',(-0.,-0.,-1.));
#17805 = DIRECTION('',(-0.,-1.,0.));
#17806 = ADVANCED_FACE('',(#17807),#17818,.F.);
#17807 = FACE_BOUND('',#17808,.T.);
#17808 = EDGE_LOOP('',(#17809,#17810,#17816,#17817));
#17809 = ORIENTED_EDGE('',*,*,#14165,.T.);
#17810 = ORIENTED_EDGE('',*,*,#17811,.T.);
#17811 = EDGE_CURVE('',#14166,#15646,#17812,.T.);
#17812 = LINE('',#17813,#17814);
#17813 = CARTESIAN_POINT('',(141.8175,-66.8425,-4.6E-02));
#17814 = VECTOR('',#17815,1.);
#17815 = DIRECTION('',(0.,0.,1.));
#17816 = ORIENTED_EDGE('',*,*,#15645,.F.);
#17817 = ORIENTED_EDGE('',*,*,#17811,.F.);
#17818 = CYLINDRICAL_SURFACE('',#17819,0.4);
#17819 = AXIS2_PLACEMENT_3D('',#17820,#17821,#17822);
#17820 = CARTESIAN_POINT('',(141.8175,-66.4425,-4.6E-02));
#17821 = DIRECTION('',(-0.,-0.,-1.));
#17822 = DIRECTION('',(-0.,-1.,0.));
#17823 = ADVANCED_FACE('',(#17824),#17835,.F.);
#17824 = FACE_BOUND('',#17825,.T.);
#17825 = EDGE_LOOP('',(#17826,#17827,#17833,#17834));
#17826 = ORIENTED_EDGE('',*,*,#14176,.T.);
#17827 = ORIENTED_EDGE('',*,*,#17828,.T.);
#17828 = EDGE_CURVE('',#14177,#15657,#17829,.T.);
#17829 = LINE('',#17830,#17831);
#17830 = CARTESIAN_POINT('',(141.8175,-64.8425,-4.6E-02));
#17831 = VECTOR('',#17832,1.);
#17832 = DIRECTION('',(0.,0.,1.));
#17833 = ORIENTED_EDGE('',*,*,#15656,.F.);
#17834 = ORIENTED_EDGE('',*,*,#17828,.F.);
#17835 = CYLINDRICAL_SURFACE('',#17836,0.4);
#17836 = AXIS2_PLACEMENT_3D('',#17837,#17838,#17839);
#17837 = CARTESIAN_POINT('',(141.8175,-64.4425,-4.6E-02));
#17838 = DIRECTION('',(-0.,-0.,-1.));
#17839 = DIRECTION('',(-0.,-1.,0.));
#17840 = ADVANCED_FACE('',(#17841),#17852,.F.);
#17841 = FACE_BOUND('',#17842,.T.);
#17842 = EDGE_LOOP('',(#17843,#17844,#17850,#17851));
#17843 = ORIENTED_EDGE('',*,*,#14187,.T.);
#17844 = ORIENTED_EDGE('',*,*,#17845,.T.);
#17845 = EDGE_CURVE('',#14188,#15668,#17846,.T.);
#17846 = LINE('',#17847,#17848);
#17847 = CARTESIAN_POINT('',(141.8175,-62.8425,-4.6E-02));
#17848 = VECTOR('',#17849,1.);
#17849 = DIRECTION('',(0.,0.,1.));
#17850 = ORIENTED_EDGE('',*,*,#15667,.F.);
#17851 = ORIENTED_EDGE('',*,*,#17845,.F.);
#17852 = CYLINDRICAL_SURFACE('',#17853,0.4);
#17853 = AXIS2_PLACEMENT_3D('',#17854,#17855,#17856);
#17854 = CARTESIAN_POINT('',(141.8175,-62.4425,-4.6E-02));
#17855 = DIRECTION('',(-0.,-0.,-1.));
#17856 = DIRECTION('',(-0.,-1.,0.));
#17857 = ADVANCED_FACE('',(#17858),#17869,.F.);
#17858 = FACE_BOUND('',#17859,.T.);
#17859 = EDGE_LOOP('',(#17860,#17861,#17867,#17868));
#17860 = ORIENTED_EDGE('',*,*,#14198,.T.);
#17861 = ORIENTED_EDGE('',*,*,#17862,.T.);
#17862 = EDGE_CURVE('',#14199,#15679,#17863,.T.);
#17863 = LINE('',#17864,#17865);
#17864 = CARTESIAN_POINT('',(141.8175,-60.8425,-4.6E-02));
#17865 = VECTOR('',#17866,1.);
#17866 = DIRECTION('',(0.,0.,1.));
#17867 = ORIENTED_EDGE('',*,*,#15678,.F.);
#17868 = ORIENTED_EDGE('',*,*,#17862,.F.);
#17869 = CYLINDRICAL_SURFACE('',#17870,0.4);
#17870 = AXIS2_PLACEMENT_3D('',#17871,#17872,#17873);
#17871 = CARTESIAN_POINT('',(141.8175,-60.4425,-4.6E-02));
#17872 = DIRECTION('',(-0.,-0.,-1.));
#17873 = DIRECTION('',(-0.,-1.,0.));
#17874 = ADVANCED_FACE('',(#17875),#17886,.F.);
#17875 = FACE_BOUND('',#17876,.T.);
#17876 = EDGE_LOOP('',(#17877,#17878,#17884,#17885));
#17877 = ORIENTED_EDGE('',*,*,#14209,.T.);
#17878 = ORIENTED_EDGE('',*,*,#17879,.T.);
#17879 = EDGE_CURVE('',#14210,#15690,#17880,.T.);
#17880 = LINE('',#17881,#17882);
#17881 = CARTESIAN_POINT('',(128.2175,-58.8425,-4.6E-02));
#17882 = VECTOR('',#17883,1.);
#17883 = DIRECTION('',(0.,0.,1.));
#17884 = ORIENTED_EDGE('',*,*,#15689,.F.);
#17885 = ORIENTED_EDGE('',*,*,#17879,.F.);
#17886 = CYLINDRICAL_SURFACE('',#17887,0.4);
#17887 = AXIS2_PLACEMENT_3D('',#17888,#17889,#17890);
#17888 = CARTESIAN_POINT('',(128.2175,-58.4425,-4.6E-02));
#17889 = DIRECTION('',(-0.,-0.,-1.));
#17890 = DIRECTION('',(-0.,-1.,0.));
#17891 = ADVANCED_FACE('',(#17892),#17903,.F.);
#17892 = FACE_BOUND('',#17893,.T.);
#17893 = EDGE_LOOP('',(#17894,#17895,#17901,#17902));
#17894 = ORIENTED_EDGE('',*,*,#14220,.T.);
#17895 = ORIENTED_EDGE('',*,*,#17896,.T.);
#17896 = EDGE_CURVE('',#14221,#15701,#17897,.T.);
#17897 = LINE('',#17898,#17899);
#17898 = CARTESIAN_POINT('',(122.9,-58.35,-4.6E-02));
#17899 = VECTOR('',#17900,1.);
#17900 = DIRECTION('',(0.,0.,1.));
#17901 = ORIENTED_EDGE('',*,*,#15700,.F.);
#17902 = ORIENTED_EDGE('',*,*,#17896,.F.);
#17903 = CYLINDRICAL_SURFACE('',#17904,0.35);
#17904 = AXIS2_PLACEMENT_3D('',#17905,#17906,#17907);
#17905 = CARTESIAN_POINT('',(122.9,-58.,-4.6E-02));
#17906 = DIRECTION('',(-0.,-0.,-1.));
#17907 = DIRECTION('',(-0.,-1.,0.));
#17908 = ADVANCED_FACE('',(#17909),#17920,.F.);
#17909 = FACE_BOUND('',#17910,.T.);
#17910 = EDGE_LOOP('',(#17911,#17912,#17918,#17919));
#17911 = ORIENTED_EDGE('',*,*,#14231,.T.);
#17912 = ORIENTED_EDGE('',*,*,#17913,.T.);
#17913 = EDGE_CURVE('',#14232,#15712,#17914,.T.);
#17914 = LINE('',#17915,#17916);
#17915 = CARTESIAN_POINT('',(120.225,-54.55,-4.6E-02));
#17916 = VECTOR('',#17917,1.);
#17917 = DIRECTION('',(0.,0.,1.));
#17918 = ORIENTED_EDGE('',*,*,#15711,.F.);
#17919 = ORIENTED_EDGE('',*,*,#17913,.F.);
#17920 = CYLINDRICAL_SURFACE('',#17921,0.35);
#17921 = AXIS2_PLACEMENT_3D('',#17922,#17923,#17924);
#17922 = CARTESIAN_POINT('',(120.225,-54.2,-4.6E-02));
#17923 = DIRECTION('',(-0.,-0.,-1.));
#17924 = DIRECTION('',(-0.,-1.,0.));
#17925 = ADVANCED_FACE('',(#17926),#17937,.F.);
#17926 = FACE_BOUND('',#17927,.T.);
#17927 = EDGE_LOOP('',(#17928,#17929,#17935,#17936));
#17928 = ORIENTED_EDGE('',*,*,#14242,.T.);
#17929 = ORIENTED_EDGE('',*,*,#17930,.T.);
#17930 = EDGE_CURVE('',#14243,#15723,#17931,.T.);
#17931 = LINE('',#17932,#17933);
#17932 = CARTESIAN_POINT('',(128.2175,-56.8425,-4.6E-02));
#17933 = VECTOR('',#17934,1.);
#17934 = DIRECTION('',(0.,0.,1.));
#17935 = ORIENTED_EDGE('',*,*,#15722,.F.);
#17936 = ORIENTED_EDGE('',*,*,#17930,.F.);
#17937 = CYLINDRICAL_SURFACE('',#17938,0.4);
#17938 = AXIS2_PLACEMENT_3D('',#17939,#17940,#17941);
#17939 = CARTESIAN_POINT('',(128.2175,-56.4425,-4.6E-02));
#17940 = DIRECTION('',(-0.,-0.,-1.));
#17941 = DIRECTION('',(-0.,-1.,0.));
#17942 = ADVANCED_FACE('',(#17943),#17954,.F.);
#17943 = FACE_BOUND('',#17944,.T.);
#17944 = EDGE_LOOP('',(#17945,#17946,#17952,#17953));
#17945 = ORIENTED_EDGE('',*,*,#14253,.T.);
#17946 = ORIENTED_EDGE('',*,*,#17947,.T.);
#17947 = EDGE_CURVE('',#14254,#15734,#17948,.T.);
#17948 = LINE('',#17949,#17950);
#17949 = CARTESIAN_POINT('',(141.8175,-58.8425,-4.6E-02));
#17950 = VECTOR('',#17951,1.);
#17951 = DIRECTION('',(0.,0.,1.));
#17952 = ORIENTED_EDGE('',*,*,#15733,.F.);
#17953 = ORIENTED_EDGE('',*,*,#17947,.F.);
#17954 = CYLINDRICAL_SURFACE('',#17955,0.4);
#17955 = AXIS2_PLACEMENT_3D('',#17956,#17957,#17958);
#17956 = CARTESIAN_POINT('',(141.8175,-58.4425,-4.6E-02));
#17957 = DIRECTION('',(-0.,-0.,-1.));
#17958 = DIRECTION('',(-0.,-1.,0.));
#17959 = ADVANCED_FACE('',(#17960),#17971,.F.);
#17960 = FACE_BOUND('',#17961,.T.);
#17961 = EDGE_LOOP('',(#17962,#17963,#17969,#17970));
#17962 = ORIENTED_EDGE('',*,*,#14264,.T.);
#17963 = ORIENTED_EDGE('',*,*,#17964,.T.);
#17964 = EDGE_CURVE('',#14265,#15745,#17965,.T.);
#17965 = LINE('',#17966,#17967);
#17966 = CARTESIAN_POINT('',(141.8175,-56.8425,-4.6E-02));
#17967 = VECTOR('',#17968,1.);
#17968 = DIRECTION('',(0.,0.,1.));
#17969 = ORIENTED_EDGE('',*,*,#15744,.F.);
#17970 = ORIENTED_EDGE('',*,*,#17964,.F.);
#17971 = CYLINDRICAL_SURFACE('',#17972,0.4);
#17972 = AXIS2_PLACEMENT_3D('',#17973,#17974,#17975);
#17973 = CARTESIAN_POINT('',(141.8175,-56.4425,-4.6E-02));
#17974 = DIRECTION('',(-0.,-0.,-1.));
#17975 = DIRECTION('',(-0.,-1.,0.));
#17976 = ADVANCED_FACE('',(#17977),#17988,.F.);
#17977 = FACE_BOUND('',#17978,.T.);
#17978 = EDGE_LOOP('',(#17979,#17980,#17986,#17987));
#17979 = ORIENTED_EDGE('',*,*,#14275,.T.);
#17980 = ORIENTED_EDGE('',*,*,#17981,.T.);
#17981 = EDGE_CURVE('',#14276,#15756,#17982,.T.);
#17982 = LINE('',#17983,#17984);
#17983 = CARTESIAN_POINT('',(144.925,-54.45,-4.6E-02));
#17984 = VECTOR('',#17985,1.);
#17985 = DIRECTION('',(0.,0.,1.));
#17986 = ORIENTED_EDGE('',*,*,#15755,.F.);
#17987 = ORIENTED_EDGE('',*,*,#17981,.F.);
#17988 = CYLINDRICAL_SURFACE('',#17989,0.35);
#17989 = AXIS2_PLACEMENT_3D('',#17990,#17991,#17992);
#17990 = CARTESIAN_POINT('',(144.925,-54.1,-4.6E-02));
#17991 = DIRECTION('',(-0.,-0.,-1.));
#17992 = DIRECTION('',(-0.,-1.,0.));
#17993 = ADVANCED_FACE('',(#17994),#18005,.F.);
#17994 = FACE_BOUND('',#17995,.T.);
#17995 = EDGE_LOOP('',(#17996,#17997,#18003,#18004));
#17996 = ORIENTED_EDGE('',*,*,#14286,.T.);
#17997 = ORIENTED_EDGE('',*,*,#17998,.T.);
#17998 = EDGE_CURVE('',#14287,#15767,#17999,.T.);
#17999 = LINE('',#18000,#18001);
#18000 = CARTESIAN_POINT('',(148.425,-66.962,-4.6E-02));
#18001 = VECTOR('',#18002,1.);
#18002 = DIRECTION('',(0.,0.,1.));
#18003 = ORIENTED_EDGE('',*,*,#15766,.F.);
#18004 = ORIENTED_EDGE('',*,*,#17998,.F.);
#18005 = CYLINDRICAL_SURFACE('',#18006,0.762);
#18006 = AXIS2_PLACEMENT_3D('',#18007,#18008,#18009);
#18007 = CARTESIAN_POINT('',(148.425,-66.2,-4.6E-02));
#18008 = DIRECTION('',(-0.,-0.,-1.));
#18009 = DIRECTION('',(-0.,-1.,0.));
#18010 = ADVANCED_FACE('',(#18011),#18022,.F.);
#18011 = FACE_BOUND('',#18012,.T.);
#18012 = EDGE_LOOP('',(#18013,#18014,#18020,#18021));
#18013 = ORIENTED_EDGE('',*,*,#14297,.T.);
#18014 = ORIENTED_EDGE('',*,*,#18015,.T.);
#18015 = EDGE_CURVE('',#14298,#15778,#18016,.T.);
#18016 = LINE('',#18017,#18018);
#18017 = CARTESIAN_POINT('',(154.775,-66.962,-4.6E-02));
#18018 = VECTOR('',#18019,1.);
#18019 = DIRECTION('',(0.,0.,1.));
#18020 = ORIENTED_EDGE('',*,*,#15777,.F.);
#18021 = ORIENTED_EDGE('',*,*,#18015,.F.);
#18022 = CYLINDRICAL_SURFACE('',#18023,0.762);
#18023 = AXIS2_PLACEMENT_3D('',#18024,#18025,#18026);
#18024 = CARTESIAN_POINT('',(154.775,-66.2,-4.6E-02));
#18025 = DIRECTION('',(-0.,-0.,-1.));
#18026 = DIRECTION('',(-0.,-1.,0.));
#18027 = ADVANCED_FACE('',(#18028),#18039,.F.);
#18028 = FACE_BOUND('',#18029,.T.);
#18029 = EDGE_LOOP('',(#18030,#18031,#18037,#18038));
#18030 = ORIENTED_EDGE('',*,*,#14308,.T.);
#18031 = ORIENTED_EDGE('',*,*,#18032,.T.);
#18032 = EDGE_CURVE('',#14309,#15789,#18033,.T.);
#18033 = LINE('',#18034,#18035);
#18034 = CARTESIAN_POINT('',(151.6,-63.66,-4.6E-02));
#18035 = VECTOR('',#18036,1.);
#18036 = DIRECTION('',(0.,0.,1.));
#18037 = ORIENTED_EDGE('',*,*,#15788,.F.);
#18038 = ORIENTED_EDGE('',*,*,#18032,.F.);
#18039 = CYLINDRICAL_SURFACE('',#18040,0.635);
#18040 = AXIS2_PLACEMENT_3D('',#18041,#18042,#18043);
#18041 = CARTESIAN_POINT('',(151.6,-63.025,-4.6E-02));
#18042 = DIRECTION('',(-0.,-0.,-1.));
#18043 = DIRECTION('',(-4.475859752819E-14,-1.,0.));
#18044 = ADVANCED_FACE('',(#18045),#18056,.F.);
#18045 = FACE_BOUND('',#18046,.T.);
#18046 = EDGE_LOOP('',(#18047,#18048,#18054,#18055));
#18047 = ORIENTED_EDGE('',*,*,#14319,.T.);
#18048 = ORIENTED_EDGE('',*,*,#18049,.T.);
#18049 = EDGE_CURVE('',#14320,#15800,#18050,.T.);
#18050 = LINE('',#18051,#18052);
#18051 = CARTESIAN_POINT('',(148.425,-60.612,-4.6E-02));
#18052 = VECTOR('',#18053,1.);
#18053 = DIRECTION('',(0.,0.,1.));
#18054 = ORIENTED_EDGE('',*,*,#15799,.F.);
#18055 = ORIENTED_EDGE('',*,*,#18049,.F.);
#18056 = CYLINDRICAL_SURFACE('',#18057,0.762);
#18057 = AXIS2_PLACEMENT_3D('',#18058,#18059,#18060);
#18058 = CARTESIAN_POINT('',(148.425,-59.85,-4.6E-02));
#18059 = DIRECTION('',(-0.,-0.,-1.));
#18060 = DIRECTION('',(-0.,-1.,0.));
#18061 = ADVANCED_FACE('',(#18062),#18073,.F.);
#18062 = FACE_BOUND('',#18063,.T.);
#18063 = EDGE_LOOP('',(#18064,#18065,#18071,#18072));
#18064 = ORIENTED_EDGE('',*,*,#14330,.T.);
#18065 = ORIENTED_EDGE('',*,*,#18066,.T.);
#18066 = EDGE_CURVE('',#14331,#15811,#18067,.T.);
#18067 = LINE('',#18068,#18069);
#18068 = CARTESIAN_POINT('',(154.775,-60.612,-4.6E-02));
#18069 = VECTOR('',#18070,1.);
#18070 = DIRECTION('',(0.,0.,1.));
#18071 = ORIENTED_EDGE('',*,*,#15810,.F.);
#18072 = ORIENTED_EDGE('',*,*,#18066,.F.);
#18073 = CYLINDRICAL_SURFACE('',#18074,0.762);
#18074 = AXIS2_PLACEMENT_3D('',#18075,#18076,#18077);
#18075 = CARTESIAN_POINT('',(154.775,-59.85,-4.6E-02));
#18076 = DIRECTION('',(-0.,-0.,-1.));
#18077 = DIRECTION('',(-0.,-1.,0.));
#18078 = ADVANCED_FACE('',(#18079),#18090,.F.);
#18079 = FACE_BOUND('',#18080,.T.);
#18080 = EDGE_LOOP('',(#18081,#18082,#18088,#18089));
#18081 = ORIENTED_EDGE('',*,*,#14341,.T.);
#18082 = ORIENTED_EDGE('',*,*,#18083,.T.);
#18083 = EDGE_CURVE('',#14342,#15822,#18084,.T.);
#18084 = LINE('',#18085,#18086);
#18085 = CARTESIAN_POINT('',(150.6,-55.6,-4.6E-02));
#18086 = VECTOR('',#18087,1.);
#18087 = DIRECTION('',(0.,0.,1.));
#18088 = ORIENTED_EDGE('',*,*,#15821,.F.);
#18089 = ORIENTED_EDGE('',*,*,#18083,.F.);
#18090 = CYLINDRICAL_SURFACE('',#18091,0.35);
#18091 = AXIS2_PLACEMENT_3D('',#18092,#18093,#18094);
#18092 = CARTESIAN_POINT('',(150.6,-55.25,-4.6E-02));
#18093 = DIRECTION('',(-0.,-0.,-1.));
#18094 = DIRECTION('',(-0.,-1.,0.));
#18095 = ADVANCED_FACE('',(#18096),#18107,.F.);
#18096 = FACE_BOUND('',#18097,.T.);
#18097 = EDGE_LOOP('',(#18098,#18104,#18105,#18106));
#18098 = ORIENTED_EDGE('',*,*,#18099,.T.);
#18099 = EDGE_CURVE('',#14353,#15833,#18100,.T.);
#18100 = LINE('',#18101,#18102);
#18101 = CARTESIAN_POINT('',(179.4,-56.9,0.));
#18102 = VECTOR('',#18103,1.);
#18103 = DIRECTION('',(0.,0.,1.));
#18104 = ORIENTED_EDGE('',*,*,#15832,.T.);
#18105 = ORIENTED_EDGE('',*,*,#18099,.F.);
#18106 = ORIENTED_EDGE('',*,*,#14352,.F.);
#18107 = CYLINDRICAL_SURFACE('',#18108,3.5);
#18108 = AXIS2_PLACEMENT_3D('',#18109,#18110,#18111);
#18109 = CARTESIAN_POINT('',(175.9,-56.9,0.));
#18110 = DIRECTION('',(-0.,-0.,-1.));
#18111 = DIRECTION('',(1.,0.,-0.));
#18112 = ADVANCED_FACE('',(#18113),#18124,.F.);
#18113 = FACE_BOUND('',#18114,.T.);
#18114 = EDGE_LOOP('',(#18115,#18116,#18122,#18123));
#18115 = ORIENTED_EDGE('',*,*,#14363,.T.);
#18116 = ORIENTED_EDGE('',*,*,#18117,.T.);
#18117 = EDGE_CURVE('',#14364,#15844,#18118,.T.);
#18118 = LINE('',#18119,#18120);
#18119 = CARTESIAN_POINT('',(163.05,-54.65,-4.6E-02));
#18120 = VECTOR('',#18121,1.);
#18121 = DIRECTION('',(0.,0.,1.));
#18122 = ORIENTED_EDGE('',*,*,#15843,.F.);
#18123 = ORIENTED_EDGE('',*,*,#18117,.F.);
#18124 = CYLINDRICAL_SURFACE('',#18125,0.35);
#18125 = AXIS2_PLACEMENT_3D('',#18126,#18127,#18128);
#18126 = CARTESIAN_POINT('',(163.05,-54.3,-4.6E-02));
#18127 = DIRECTION('',(-0.,-0.,-1.));
#18128 = DIRECTION('',(-0.,-1.,0.));
#18129 = ( GEOMETRIC_REPRESENTATION_CONTEXT(3) 
GLOBAL_UNCERTAINTY_ASSIGNED_CONTEXT((#18133)) 
GLOBAL_UNIT_ASSIGNED_CONTEXT((#18130,#18131,#18132)) 
REPRESENTATION_CONTEXT('Context #1',
  '3D Context with UNIT and UNCERTAINTY') );
#18130 = ( LENGTH_UNIT() NAMED_UNIT(*) SI_UNIT(.MILLI.,.METRE.) );
#18131 = ( NAMED_UNIT(*) PLANE_ANGLE_UNIT() SI_UNIT($,.RADIAN.) );
#18132 = ( NAMED_UNIT(*) SI_UNIT($,.STERADIAN.) SOLID_ANGLE_UNIT() );
#18133 = UNCERTAINTY_MEASURE_WITH_UNIT(LENGTH_MEASURE(1.E-07),#18130,
  'distance_accuracy_value','confusion accuracy');
#18134 = CONTEXT_DEPENDENT_SHAPE_REPRESENTATION(#18135,#18137);
#18135 = ( REPRESENTATION_RELATIONSHIP('','',#12791,#10) 
REPRESENTATION_RELATIONSHIP_WITH_TRANSFORMATION(#18136) 
SHAPE_REPRESENTATION_RELATIONSHIP() );
#18136 = ITEM_DEFINED_TRANSFORMATION('','',#11,#43);
#18137 = PRODUCT_DEFINITION_SHAPE('Placement','Placement of an item',
  #18138);
#18138 = NEXT_ASSEMBLY_USAGE_OCCURRENCE('21','=>[0:1:1:21]','',#5,#12786
  ,$);
#18139 = PRODUCT_RELATED_PRODUCT_CATEGORY('part',$,(#12788));
#18140 = MECHANICAL_DESIGN_GEOMETRIC_PRESENTATION_REPRESENTATION('',(
    #18141),#18129);
#18141 = STYLED_ITEM('color',(#18142),#12792);
#18142 = PRESENTATION_STYLE_ASSIGNMENT((#18143));
#18143 = SURFACE_STYLE_USAGE(.BOTH.,#18144);
#18144 = SURFACE_SIDE_STYLE('',(#18145));
#18145 = SURFACE_STYLE_FILL_AREA(#18146);
#18146 = FILL_AREA_STYLE('',(#18147));
#18147 = FILL_AREA_STYLE_COLOUR('',#18148);
#18148 = COLOUR_RGB('',0.313304153717,0.484529207832,0.410020903123);
#18149 = MECHANICAL_DESIGN_GEOMETRIC_PRESENTATION_REPRESENTATION('',(
    #18150),#10441);
#18150 = STYLED_ITEM('color',(#18151),#9790);
#18151 = PRESENTATION_STYLE_ASSIGNMENT((#18152,#18158));
#18152 = SURFACE_STYLE_USAGE(.BOTH.,#18153);
#18153 = SURFACE_SIDE_STYLE('',(#18154));
#18154 = SURFACE_STYLE_FILL_AREA(#18155);
#18155 = FILL_AREA_STYLE('',(#18156));
#18156 = FILL_AREA_STYLE_COLOUR('',#18157);
#18157 = COLOUR_RGB('',0.823999987314,0.819999987296,0.781000009244);
#18158 = CURVE_STYLE('',#18159,POSITIVE_LENGTH_MEASURE(0.1),#18160);
#18159 = DRAUGHTING_PRE_DEFINED_CURVE_FONT('continuous');
#18160 = COLOUR_RGB('',9.803921802644E-02,9.803921802644E-02,
  9.803921802644E-02);
#18161 = MECHANICAL_DESIGN_GEOMETRIC_PRESENTATION_REPRESENTATION('',(
    #18162,#18170,#18177,#18184,#18191,#18198,#18205,#18212,#18219,
    #18226,#18233,#18240,#18247,#18254,#18261,#18268,#18275,#18282,
    #18289),#12773);
#18162 = STYLED_ITEM('color',(#18163),#12263);
#18163 = PRESENTATION_STYLE_ASSIGNMENT((#18164));
#18164 = SURFACE_STYLE_USAGE(.BOTH.,#18165);
#18165 = SURFACE_SIDE_STYLE('',(#18166));
#18166 = SURFACE_STYLE_FILL_AREA(#18167);
#18167 = FILL_AREA_STYLE('',(#18168));
#18168 = FILL_AREA_STYLE_COLOUR('',#18169);
#18169 = COLOUR_RGB('',0.147999998088,0.144999993226,0.144999993226);
#18170 = STYLED_ITEM('color',(#18171),#12303);
#18171 = PRESENTATION_STYLE_ASSIGNMENT((#18172));
#18172 = SURFACE_STYLE_USAGE(.BOTH.,#18173);
#18173 = SURFACE_SIDE_STYLE('',(#18174));
#18174 = SURFACE_STYLE_FILL_AREA(#18175);
#18175 = FILL_AREA_STYLE('',(#18176));
#18176 = FILL_AREA_STYLE_COLOUR('',#18169);
#18177 = STYLED_ITEM('color',(#18178),#12327);
#18178 = PRESENTATION_STYLE_ASSIGNMENT((#18179));
#18179 = SURFACE_STYLE_USAGE(.BOTH.,#18180);
#18180 = SURFACE_SIDE_STYLE('',(#18181));
#18181 = SURFACE_STYLE_FILL_AREA(#18182);
#18182 = FILL_AREA_STYLE('',(#18183));
#18183 = FILL_AREA_STYLE_COLOUR('',#18169);
#18184 = STYLED_ITEM('color',(#18185),#12439);
#18185 = PRESENTATION_STYLE_ASSIGNMENT((#18186));
#18186 = SURFACE_STYLE_USAGE(.BOTH.,#18187);
#18187 = SURFACE_SIDE_STYLE('',(#18188));
#18188 = SURFACE_STYLE_FILL_AREA(#18189);
#18189 = FILL_AREA_STYLE('',(#18190));
#18190 = FILL_AREA_STYLE_COLOUR('',#18169);
#18191 = STYLED_ITEM('color',(#18192),#12449);
#18192 = PRESENTATION_STYLE_ASSIGNMENT((#18193));
#18193 = SURFACE_STYLE_USAGE(.BOTH.,#18194);
#18194 = SURFACE_SIDE_STYLE('',(#18195));
#18195 = SURFACE_STYLE_FILL_AREA(#18196);
#18196 = FILL_AREA_STYLE('',(#18197));
#18197 = FILL_AREA_STYLE_COLOUR('',#18157);
#18198 = STYLED_ITEM('color',(#18199),#12480);
#18199 = PRESENTATION_STYLE_ASSIGNMENT((#18200));
#18200 = SURFACE_STYLE_USAGE(.BOTH.,#18201);
#18201 = SURFACE_SIDE_STYLE('',(#18202));
#18202 = SURFACE_STYLE_FILL_AREA(#18203);
#18203 = FILL_AREA_STYLE('',(#18204));
#18204 = FILL_AREA_STYLE_COLOUR('',#18157);
#18205 = STYLED_ITEM('color',(#18206),#12504);
#18206 = PRESENTATION_STYLE_ASSIGNMENT((#18207));
#18207 = SURFACE_STYLE_USAGE(.BOTH.,#18208);
#18208 = SURFACE_SIDE_STYLE('',(#18209));
#18209 = SURFACE_STYLE_FILL_AREA(#18210);
#18210 = FILL_AREA_STYLE('',(#18211));
#18211 = FILL_AREA_STYLE_COLOUR('',#18157);
#18212 = STYLED_ITEM('color',(#18213),#12528);
#18213 = PRESENTATION_STYLE_ASSIGNMENT((#18214));
#18214 = SURFACE_STYLE_USAGE(.BOTH.,#18215);
#18215 = SURFACE_SIDE_STYLE('',(#18216));
#18216 = SURFACE_STYLE_FILL_AREA(#18217);
#18217 = FILL_AREA_STYLE('',(#18218));
#18218 = FILL_AREA_STYLE_COLOUR('',#18157);
#18219 = STYLED_ITEM('color',(#18220),#12545);
#18220 = PRESENTATION_STYLE_ASSIGNMENT((#18221));
#18221 = SURFACE_STYLE_USAGE(.BOTH.,#18222);
#18222 = SURFACE_SIDE_STYLE('',(#18223));
#18223 = SURFACE_STYLE_FILL_AREA(#18224);
#18224 = FILL_AREA_STYLE('',(#18225));
#18225 = FILL_AREA_STYLE_COLOUR('',#18157);
#18226 = STYLED_ITEM('color',(#18227),#12576);
#18227 = PRESENTATION_STYLE_ASSIGNMENT((#18228));
#18228 = SURFACE_STYLE_USAGE(.BOTH.,#18229);
#18229 = SURFACE_SIDE_STYLE('',(#18230));
#18230 = SURFACE_STYLE_FILL_AREA(#18231);
#18231 = FILL_AREA_STYLE('',(#18232));
#18232 = FILL_AREA_STYLE_COLOUR('',#18157);
#18233 = STYLED_ITEM('color',(#18234),#12600);
#18234 = PRESENTATION_STYLE_ASSIGNMENT((#18235));
#18235 = SURFACE_STYLE_USAGE(.BOTH.,#18236);
#18236 = SURFACE_SIDE_STYLE('',(#18237));
#18237 = SURFACE_STYLE_FILL_AREA(#18238);
#18238 = FILL_AREA_STYLE('',(#18239));
#18239 = FILL_AREA_STYLE_COLOUR('',#18157);
#18240 = STYLED_ITEM('color',(#18241),#12624);
#18241 = PRESENTATION_STYLE_ASSIGNMENT((#18242));
#18242 = SURFACE_STYLE_USAGE(.BOTH.,#18243);
#18243 = SURFACE_SIDE_STYLE('',(#18244));
#18244 = SURFACE_STYLE_FILL_AREA(#18245);
#18245 = FILL_AREA_STYLE('',(#18246));
#18246 = FILL_AREA_STYLE_COLOUR('',#18157);
#18247 = STYLED_ITEM('color',(#18248),#12641);
#18248 = PRESENTATION_STYLE_ASSIGNMENT((#18249));
#18249 = SURFACE_STYLE_USAGE(.BOTH.,#18250);
#18250 = SURFACE_SIDE_STYLE('',(#18251));
#18251 = SURFACE_STYLE_FILL_AREA(#18252);
#18252 = FILL_AREA_STYLE('',(#18253));
#18253 = FILL_AREA_STYLE_COLOUR('',#18157);
#18254 = STYLED_ITEM('color',(#18255),#12672);
#18255 = PRESENTATION_STYLE_ASSIGNMENT((#18256));
#18256 = SURFACE_STYLE_USAGE(.BOTH.,#18257);
#18257 = SURFACE_SIDE_STYLE('',(#18258));
#18258 = SURFACE_STYLE_FILL_AREA(#18259);
#18259 = FILL_AREA_STYLE('',(#18260));
#18260 = FILL_AREA_STYLE_COLOUR('',#18157);
#18261 = STYLED_ITEM('color',(#18262),#12696);
#18262 = PRESENTATION_STYLE_ASSIGNMENT((#18263));
#18263 = SURFACE_STYLE_USAGE(.BOTH.,#18264);
#18264 = SURFACE_SIDE_STYLE('',(#18265));
#18265 = SURFACE_STYLE_FILL_AREA(#18266);
#18266 = FILL_AREA_STYLE('',(#18267));
#18267 = FILL_AREA_STYLE_COLOUR('',#18157);
#18268 = STYLED_ITEM('color',(#18269),#12720);
#18269 = PRESENTATION_STYLE_ASSIGNMENT((#18270));
#18270 = SURFACE_STYLE_USAGE(.BOTH.,#18271);
#18271 = SURFACE_SIDE_STYLE('',(#18272));
#18272 = SURFACE_STYLE_FILL_AREA(#18273);
#18273 = FILL_AREA_STYLE('',(#18274));
#18274 = FILL_AREA_STYLE_COLOUR('',#18157);
#18275 = STYLED_ITEM('color',(#18276),#12737);
#18276 = PRESENTATION_STYLE_ASSIGNMENT((#18277));
#18277 = SURFACE_STYLE_USAGE(.BOTH.,#18278);
#18278 = SURFACE_SIDE_STYLE('',(#18279));
#18279 = SURFACE_STYLE_FILL_AREA(#18280);
#18280 = FILL_AREA_STYLE('',(#18281));
#18281 = FILL_AREA_STYLE_COLOUR('',#18157);
#18282 = STYLED_ITEM('color',(#18283),#12749);
#18283 = PRESENTATION_STYLE_ASSIGNMENT((#18284));
#18284 = SURFACE_STYLE_USAGE(.BOTH.,#18285);
#18285 = SURFACE_SIDE_STYLE('',(#18286));
#18286 = SURFACE_STYLE_FILL_AREA(#18287);
#18287 = FILL_AREA_STYLE('',(#18288));
#18288 = FILL_AREA_STYLE_COLOUR('',#18157);
#18289 = STYLED_ITEM('color',(#18290),#12761);
#18290 = PRESENTATION_STYLE_ASSIGNMENT((#18291));
#18291 = SURFACE_STYLE_USAGE(.BOTH.,#18292);
#18292 = SURFACE_SIDE_STYLE('',(#18293));
#18293 = SURFACE_STYLE_FILL_AREA(#18294);
#18294 = FILL_AREA_STYLE('',(#18295));
#18295 = FILL_AREA_STYLE_COLOUR('',#18157);
#18296 = MECHANICAL_DESIGN_GEOMETRIC_PRESENTATION_REPRESENTATION('',(
    #18297),#11880);
#18297 = STYLED_ITEM('color',(#18298),#11295);
#18298 = PRESENTATION_STYLE_ASSIGNMENT((#18299,#18304));
#18299 = SURFACE_STYLE_USAGE(.BOTH.,#18300);
#18300 = SURFACE_SIDE_STYLE('',(#18301));
#18301 = SURFACE_STYLE_FILL_AREA(#18302);
#18302 = FILL_AREA_STYLE('',(#18303));
#18303 = FILL_AREA_STYLE_COLOUR('',#18157);
#18304 = CURVE_STYLE('',#18305,POSITIVE_LENGTH_MEASURE(0.1),#18160);
#18305 = DRAUGHTING_PRE_DEFINED_CURVE_FONT('continuous');
#18306 = MECHANICAL_DESIGN_GEOMETRIC_PRESENTATION_REPRESENTATION('',(
    #18307),#8897);
#18307 = STYLED_ITEM('color',(#18308),#7149);
#18308 = PRESENTATION_STYLE_ASSIGNMENT((#18309,#18314));
#18309 = SURFACE_STYLE_USAGE(.BOTH.,#18310);
#18310 = SURFACE_SIDE_STYLE('',(#18311));
#18311 = SURFACE_STYLE_FILL_AREA(#18312);
#18312 = FILL_AREA_STYLE('',(#18313));
#18313 = FILL_AREA_STYLE_COLOUR('',#18169);
#18314 = CURVE_STYLE('',#18315,POSITIVE_LENGTH_MEASURE(0.1),#18160);
#18315 = DRAUGHTING_PRE_DEFINED_CURVE_FONT('continuous');
#18316 = MECHANICAL_DESIGN_GEOMETRIC_PRESENTATION_REPRESENTATION('',(
    #18317),#9068);
#18317 = STYLED_ITEM('color',(#18318),#8916);
#18318 = PRESENTATION_STYLE_ASSIGNMENT((#18319,#18325));
#18319 = SURFACE_STYLE_USAGE(.BOTH.,#18320);
#18320 = SURFACE_SIDE_STYLE('',(#18321));
#18321 = SURFACE_STYLE_FILL_AREA(#18322);
#18322 = FILL_AREA_STYLE('',(#18323));
#18323 = FILL_AREA_STYLE_COLOUR('',#18324);
#18324 = COLOUR_RGB('',0.894999966383,0.890999961016,0.813000030345);
#18325 = CURVE_STYLE('',#18326,POSITIVE_LENGTH_MEASURE(0.1),#18160);
#18326 = DRAUGHTING_PRE_DEFINED_CURVE_FONT('continuous');
#18327 = MECHANICAL_DESIGN_GEOMETRIC_PRESENTATION_REPRESENTATION('',(
    #18328,#18335,#18342,#18349,#18356,#18363,#18370,#18377,#18384,
    #18391,#18398,#18405,#18412,#18419,#18426,#18433,#18440,#18447,
    #18454,#18461,#18468,#18475,#18482,#18490,#18497,#18504,#18511,
    #18518,#18525,#18532,#18539,#18546,#18553,#18560,#18567,#18574,
    #18581,#18588,#18595,#18602,#18609,#18616,#18623,#18630,#18637,
    #18644,#18651,#18658,#18665,#18672,#18679,#18686,#18693,#18700,
    #18707,#18714,#18721,#18728,#18735,#18742,#18749,#18756,#18763,
    #18770,#18777,#18784,#18791,#18798,#18805,#18812,#18819,#18826,
    #18833,#18840,#18847,#18854),#2763);
#18328 = STYLED_ITEM('color',(#18329),#659);
#18329 = PRESENTATION_STYLE_ASSIGNMENT((#18330));
#18330 = SURFACE_STYLE_USAGE(.BOTH.,#18331);
#18331 = SURFACE_SIDE_STYLE('',(#18332));
#18332 = SURFACE_STYLE_FILL_AREA(#18333);
#18333 = FILL_AREA_STYLE('',(#18334));
#18334 = FILL_AREA_STYLE_COLOUR('',#18169);
#18335 = STYLED_ITEM('color',(#18336),#699);
#18336 = PRESENTATION_STYLE_ASSIGNMENT((#18337));
#18337 = SURFACE_STYLE_USAGE(.BOTH.,#18338);
#18338 = SURFACE_SIDE_STYLE('',(#18339));
#18339 = SURFACE_STYLE_FILL_AREA(#18340);
#18340 = FILL_AREA_STYLE('',(#18341));
#18341 = FILL_AREA_STYLE_COLOUR('',#18169);
#18342 = STYLED_ITEM('color',(#18343),#730);
#18343 = PRESENTATION_STYLE_ASSIGNMENT((#18344));
#18344 = SURFACE_STYLE_USAGE(.BOTH.,#18345);
#18345 = SURFACE_SIDE_STYLE('',(#18346));
#18346 = SURFACE_STYLE_FILL_AREA(#18347);
#18347 = FILL_AREA_STYLE('',(#18348));
#18348 = FILL_AREA_STYLE_COLOUR('',#18169);
#18349 = STYLED_ITEM('color',(#18350),#761);
#18350 = PRESENTATION_STYLE_ASSIGNMENT((#18351));
#18351 = SURFACE_STYLE_USAGE(.BOTH.,#18352);
#18352 = SURFACE_SIDE_STYLE('',(#18353));
#18353 = SURFACE_STYLE_FILL_AREA(#18354);
#18354 = FILL_AREA_STYLE('',(#18355));
#18355 = FILL_AREA_STYLE_COLOUR('',#18169);
#18356 = STYLED_ITEM('color',(#18357),#1008);
#18357 = PRESENTATION_STYLE_ASSIGNMENT((#18358));
#18358 = SURFACE_STYLE_USAGE(.BOTH.,#18359);
#18359 = SURFACE_SIDE_STYLE('',(#18360));
#18360 = SURFACE_STYLE_FILL_AREA(#18361);
#18361 = FILL_AREA_STYLE('',(#18362));
#18362 = FILL_AREA_STYLE_COLOUR('',#18169);
#18363 = STYLED_ITEM('color',(#18364),#1255);
#18364 = PRESENTATION_STYLE_ASSIGNMENT((#18365));
#18365 = SURFACE_STYLE_USAGE(.BOTH.,#18366);
#18366 = SURFACE_SIDE_STYLE('',(#18367));
#18367 = SURFACE_STYLE_FILL_AREA(#18368);
#18368 = FILL_AREA_STYLE('',(#18369));
#18369 = FILL_AREA_STYLE_COLOUR('',#18169);
#18370 = STYLED_ITEM('color',(#18371),#1272);
#18371 = PRESENTATION_STYLE_ASSIGNMENT((#18372));
#18372 = SURFACE_STYLE_USAGE(.BOTH.,#18373);
#18373 = SURFACE_SIDE_STYLE('',(#18374));
#18374 = SURFACE_STYLE_FILL_AREA(#18375);
#18375 = FILL_AREA_STYLE('',(#18376));
#18376 = FILL_AREA_STYLE_COLOUR('',#18169);
#18377 = STYLED_ITEM('color',(#18378),#1289);
#18378 = PRESENTATION_STYLE_ASSIGNMENT((#18379));
#18379 = SURFACE_STYLE_USAGE(.BOTH.,#18380);
#18380 = SURFACE_SIDE_STYLE('',(#18381));
#18381 = SURFACE_STYLE_FILL_AREA(#18382);
#18382 = FILL_AREA_STYLE('',(#18383));
#18383 = FILL_AREA_STYLE_COLOUR('',#18169);
#18384 = STYLED_ITEM('color',(#18385),#1306);
#18385 = PRESENTATION_STYLE_ASSIGNMENT((#18386));
#18386 = SURFACE_STYLE_USAGE(.BOTH.,#18387);
#18387 = SURFACE_SIDE_STYLE('',(#18388));
#18388 = SURFACE_STYLE_FILL_AREA(#18389);
#18389 = FILL_AREA_STYLE('',(#18390));
#18390 = FILL_AREA_STYLE_COLOUR('',#18169);
#18391 = STYLED_ITEM('color',(#18392),#1323);
#18392 = PRESENTATION_STYLE_ASSIGNMENT((#18393));
#18393 = SURFACE_STYLE_USAGE(.BOTH.,#18394);
#18394 = SURFACE_SIDE_STYLE('',(#18395));
#18395 = SURFACE_STYLE_FILL_AREA(#18396);
#18396 = FILL_AREA_STYLE('',(#18397));
#18397 = FILL_AREA_STYLE_COLOUR('',#18169);
#18398 = STYLED_ITEM('color',(#18399),#1340);
#18399 = PRESENTATION_STYLE_ASSIGNMENT((#18400));
#18400 = SURFACE_STYLE_USAGE(.BOTH.,#18401);
#18401 = SURFACE_SIDE_STYLE('',(#18402));
#18402 = SURFACE_STYLE_FILL_AREA(#18403);
#18403 = FILL_AREA_STYLE('',(#18404));
#18404 = FILL_AREA_STYLE_COLOUR('',#18169);
#18405 = STYLED_ITEM('color',(#18406),#1357);
#18406 = PRESENTATION_STYLE_ASSIGNMENT((#18407));
#18407 = SURFACE_STYLE_USAGE(.BOTH.,#18408);
#18408 = SURFACE_SIDE_STYLE('',(#18409));
#18409 = SURFACE_STYLE_FILL_AREA(#18410);
#18410 = FILL_AREA_STYLE('',(#18411));
#18411 = FILL_AREA_STYLE_COLOUR('',#18169);
#18412 = STYLED_ITEM('color',(#18413),#1374);
#18413 = PRESENTATION_STYLE_ASSIGNMENT((#18414));
#18414 = SURFACE_STYLE_USAGE(.BOTH.,#18415);
#18415 = SURFACE_SIDE_STYLE('',(#18416));
#18416 = SURFACE_STYLE_FILL_AREA(#18417);
#18417 = FILL_AREA_STYLE('',(#18418));
#18418 = FILL_AREA_STYLE_COLOUR('',#18169);
#18419 = STYLED_ITEM('color',(#18420),#1391);
#18420 = PRESENTATION_STYLE_ASSIGNMENT((#18421));
#18421 = SURFACE_STYLE_USAGE(.BOTH.,#18422);
#18422 = SURFACE_SIDE_STYLE('',(#18423));
#18423 = SURFACE_STYLE_FILL_AREA(#18424);
#18424 = FILL_AREA_STYLE('',(#18425));
#18425 = FILL_AREA_STYLE_COLOUR('',#18169);
#18426 = STYLED_ITEM('color',(#18427),#1408);
#18427 = PRESENTATION_STYLE_ASSIGNMENT((#18428));
#18428 = SURFACE_STYLE_USAGE(.BOTH.,#18429);
#18429 = SURFACE_SIDE_STYLE('',(#18430));
#18430 = SURFACE_STYLE_FILL_AREA(#18431);
#18431 = FILL_AREA_STYLE('',(#18432));
#18432 = FILL_AREA_STYLE_COLOUR('',#18169);
#18433 = STYLED_ITEM('color',(#18434),#1425);
#18434 = PRESENTATION_STYLE_ASSIGNMENT((#18435));
#18435 = SURFACE_STYLE_USAGE(.BOTH.,#18436);
#18436 = SURFACE_SIDE_STYLE('',(#18437));
#18437 = SURFACE_STYLE_FILL_AREA(#18438);
#18438 = FILL_AREA_STYLE('',(#18439));
#18439 = FILL_AREA_STYLE_COLOUR('',#18169);
#18440 = STYLED_ITEM('color',(#18441),#1442);
#18441 = PRESENTATION_STYLE_ASSIGNMENT((#18442));
#18442 = SURFACE_STYLE_USAGE(.BOTH.,#18443);
#18443 = SURFACE_SIDE_STYLE('',(#18444));
#18444 = SURFACE_STYLE_FILL_AREA(#18445);
#18445 = FILL_AREA_STYLE('',(#18446));
#18446 = FILL_AREA_STYLE_COLOUR('',#18169);
#18447 = STYLED_ITEM('color',(#18448),#1459);
#18448 = PRESENTATION_STYLE_ASSIGNMENT((#18449));
#18449 = SURFACE_STYLE_USAGE(.BOTH.,#18450);
#18450 = SURFACE_SIDE_STYLE('',(#18451));
#18451 = SURFACE_STYLE_FILL_AREA(#18452);
#18452 = FILL_AREA_STYLE('',(#18453));
#18453 = FILL_AREA_STYLE_COLOUR('',#18169);
#18454 = STYLED_ITEM('color',(#18455),#1476);
#18455 = PRESENTATION_STYLE_ASSIGNMENT((#18456));
#18456 = SURFACE_STYLE_USAGE(.BOTH.,#18457);
#18457 = SURFACE_SIDE_STYLE('',(#18458));
#18458 = SURFACE_STYLE_FILL_AREA(#18459);
#18459 = FILL_AREA_STYLE('',(#18460));
#18460 = FILL_AREA_STYLE_COLOUR('',#18169);
#18461 = STYLED_ITEM('color',(#18462),#1493);
#18462 = PRESENTATION_STYLE_ASSIGNMENT((#18463));
#18463 = SURFACE_STYLE_USAGE(.BOTH.,#18464);
#18464 = SURFACE_SIDE_STYLE('',(#18465));
#18465 = SURFACE_STYLE_FILL_AREA(#18466);
#18466 = FILL_AREA_STYLE('',(#18467));
#18467 = FILL_AREA_STYLE_COLOUR('',#18169);
#18468 = STYLED_ITEM('color',(#18469),#1510);
#18469 = PRESENTATION_STYLE_ASSIGNMENT((#18470));
#18470 = SURFACE_STYLE_USAGE(.BOTH.,#18471);
#18471 = SURFACE_SIDE_STYLE('',(#18472));
#18472 = SURFACE_STYLE_FILL_AREA(#18473);
#18473 = FILL_AREA_STYLE('',(#18474));
#18474 = FILL_AREA_STYLE_COLOUR('',#18169);
#18475 = STYLED_ITEM('color',(#18476),#1527);
#18476 = PRESENTATION_STYLE_ASSIGNMENT((#18477));
#18477 = SURFACE_STYLE_USAGE(.BOTH.,#18478);
#18478 = SURFACE_SIDE_STYLE('',(#18479));
#18479 = SURFACE_STYLE_FILL_AREA(#18480);
#18480 = FILL_AREA_STYLE('',(#18481));
#18481 = FILL_AREA_STYLE_COLOUR('',#18169);
#18482 = STYLED_ITEM('color',(#18483),#1539);
#18483 = PRESENTATION_STYLE_ASSIGNMENT((#18484));
#18484 = SURFACE_STYLE_USAGE(.BOTH.,#18485);
#18485 = SURFACE_SIDE_STYLE('',(#18486));
#18486 = SURFACE_STYLE_FILL_AREA(#18487);
#18487 = FILL_AREA_STYLE('',(#18488));
#18488 = FILL_AREA_STYLE_COLOUR('',#18489);
#18489 = COLOUR_RGB('',0.859000020776,0.737999965183,0.495999988746);
#18490 = STYLED_ITEM('color',(#18491),#1570);
#18491 = PRESENTATION_STYLE_ASSIGNMENT((#18492));
#18492 = SURFACE_STYLE_USAGE(.BOTH.,#18493);
#18493 = SURFACE_SIDE_STYLE('',(#18494));
#18494 = SURFACE_STYLE_FILL_AREA(#18495);
#18495 = FILL_AREA_STYLE('',(#18496));
#18496 = FILL_AREA_STYLE_COLOUR('',#18489);
#18497 = STYLED_ITEM('color',(#18498),#1594);
#18498 = PRESENTATION_STYLE_ASSIGNMENT((#18499));
#18499 = SURFACE_STYLE_USAGE(.BOTH.,#18500);
#18500 = SURFACE_SIDE_STYLE('',(#18501));
#18501 = SURFACE_STYLE_FILL_AREA(#18502);
#18502 = FILL_AREA_STYLE('',(#18503));
#18503 = FILL_AREA_STYLE_COLOUR('',#18489);
#18504 = STYLED_ITEM('color',(#18505),#1618);
#18505 = PRESENTATION_STYLE_ASSIGNMENT((#18506));
#18506 = SURFACE_STYLE_USAGE(.BOTH.,#18507);
#18507 = SURFACE_SIDE_STYLE('',(#18508));
#18508 = SURFACE_STYLE_FILL_AREA(#18509);
#18509 = FILL_AREA_STYLE('',(#18510));
#18510 = FILL_AREA_STYLE_COLOUR('',#18489);
#18511 = STYLED_ITEM('color',(#18512),#1635);
#18512 = PRESENTATION_STYLE_ASSIGNMENT((#18513));
#18513 = SURFACE_STYLE_USAGE(.BOTH.,#18514);
#18514 = SURFACE_SIDE_STYLE('',(#18515));
#18515 = SURFACE_STYLE_FILL_AREA(#18516);
#18516 = FILL_AREA_STYLE('',(#18517));
#18517 = FILL_AREA_STYLE_COLOUR('',#18489);
#18518 = STYLED_ITEM('color',(#18519),#1666);
#18519 = PRESENTATION_STYLE_ASSIGNMENT((#18520));
#18520 = SURFACE_STYLE_USAGE(.BOTH.,#18521);
#18521 = SURFACE_SIDE_STYLE('',(#18522));
#18522 = SURFACE_STYLE_FILL_AREA(#18523);
#18523 = FILL_AREA_STYLE('',(#18524));
#18524 = FILL_AREA_STYLE_COLOUR('',#18489);
#18525 = STYLED_ITEM('color',(#18526),#1690);
#18526 = PRESENTATION_STYLE_ASSIGNMENT((#18527));
#18527 = SURFACE_STYLE_USAGE(.BOTH.,#18528);
#18528 = SURFACE_SIDE_STYLE('',(#18529));
#18529 = SURFACE_STYLE_FILL_AREA(#18530);
#18530 = FILL_AREA_STYLE('',(#18531));
#18531 = FILL_AREA_STYLE_COLOUR('',#18489);
#18532 = STYLED_ITEM('color',(#18533),#1714);
#18533 = PRESENTATION_STYLE_ASSIGNMENT((#18534));
#18534 = SURFACE_STYLE_USAGE(.BOTH.,#18535);
#18535 = SURFACE_SIDE_STYLE('',(#18536));
#18536 = SURFACE_STYLE_FILL_AREA(#18537);
#18537 = FILL_AREA_STYLE('',(#18538));
#18538 = FILL_AREA_STYLE_COLOUR('',#18489);
#18539 = STYLED_ITEM('color',(#18540),#1731);
#18540 = PRESENTATION_STYLE_ASSIGNMENT((#18541));
#18541 = SURFACE_STYLE_USAGE(.BOTH.,#18542);
#18542 = SURFACE_SIDE_STYLE('',(#18543));
#18543 = SURFACE_STYLE_FILL_AREA(#18544);
#18544 = FILL_AREA_STYLE('',(#18545));
#18545 = FILL_AREA_STYLE_COLOUR('',#18489);
#18546 = STYLED_ITEM('color',(#18547),#1762);
#18547 = PRESENTATION_STYLE_ASSIGNMENT((#18548));
#18548 = SURFACE_STYLE_USAGE(.BOTH.,#18549);
#18549 = SURFACE_SIDE_STYLE('',(#18550));
#18550 = SURFACE_STYLE_FILL_AREA(#18551);
#18551 = FILL_AREA_STYLE('',(#18552));
#18552 = FILL_AREA_STYLE_COLOUR('',#18489);
#18553 = STYLED_ITEM('color',(#18554),#1786);
#18554 = PRESENTATION_STYLE_ASSIGNMENT((#18555));
#18555 = SURFACE_STYLE_USAGE(.BOTH.,#18556);
#18556 = SURFACE_SIDE_STYLE('',(#18557));
#18557 = SURFACE_STYLE_FILL_AREA(#18558);
#18558 = FILL_AREA_STYLE('',(#18559));
#18559 = FILL_AREA_STYLE_COLOUR('',#18489);
#18560 = STYLED_ITEM('color',(#18561),#1810);
#18561 = PRESENTATION_STYLE_ASSIGNMENT((#18562));
#18562 = SURFACE_STYLE_USAGE(.BOTH.,#18563);
#18563 = SURFACE_SIDE_STYLE('',(#18564));
#18564 = SURFACE_STYLE_FILL_AREA(#18565);
#18565 = FILL_AREA_STYLE('',(#18566));
#18566 = FILL_AREA_STYLE_COLOUR('',#18489);
#18567 = STYLED_ITEM('color',(#18568),#1827);
#18568 = PRESENTATION_STYLE_ASSIGNMENT((#18569));
#18569 = SURFACE_STYLE_USAGE(.BOTH.,#18570);
#18570 = SURFACE_SIDE_STYLE('',(#18571));
#18571 = SURFACE_STYLE_FILL_AREA(#18572);
#18572 = FILL_AREA_STYLE('',(#18573));
#18573 = FILL_AREA_STYLE_COLOUR('',#18489);
#18574 = STYLED_ITEM('color',(#18575),#1858);
#18575 = PRESENTATION_STYLE_ASSIGNMENT((#18576));
#18576 = SURFACE_STYLE_USAGE(.BOTH.,#18577);
#18577 = SURFACE_SIDE_STYLE('',(#18578));
#18578 = SURFACE_STYLE_FILL_AREA(#18579);
#18579 = FILL_AREA_STYLE('',(#18580));
#18580 = FILL_AREA_STYLE_COLOUR('',#18489);
#18581 = STYLED_ITEM('color',(#18582),#1882);
#18582 = PRESENTATION_STYLE_ASSIGNMENT((#18583));
#18583 = SURFACE_STYLE_USAGE(.BOTH.,#18584);
#18584 = SURFACE_SIDE_STYLE('',(#18585));
#18585 = SURFACE_STYLE_FILL_AREA(#18586);
#18586 = FILL_AREA_STYLE('',(#18587));
#18587 = FILL_AREA_STYLE_COLOUR('',#18489);
#18588 = STYLED_ITEM('color',(#18589),#1906);
#18589 = PRESENTATION_STYLE_ASSIGNMENT((#18590));
#18590 = SURFACE_STYLE_USAGE(.BOTH.,#18591);
#18591 = SURFACE_SIDE_STYLE('',(#18592));
#18592 = SURFACE_STYLE_FILL_AREA(#18593);
#18593 = FILL_AREA_STYLE('',(#18594));
#18594 = FILL_AREA_STYLE_COLOUR('',#18489);
#18595 = STYLED_ITEM('color',(#18596),#1923);
#18596 = PRESENTATION_STYLE_ASSIGNMENT((#18597));
#18597 = SURFACE_STYLE_USAGE(.BOTH.,#18598);
#18598 = SURFACE_SIDE_STYLE('',(#18599));
#18599 = SURFACE_STYLE_FILL_AREA(#18600);
#18600 = FILL_AREA_STYLE('',(#18601));
#18601 = FILL_AREA_STYLE_COLOUR('',#18489);
#18602 = STYLED_ITEM('color',(#18603),#1954);
#18603 = PRESENTATION_STYLE_ASSIGNMENT((#18604));
#18604 = SURFACE_STYLE_USAGE(.BOTH.,#18605);
#18605 = SURFACE_SIDE_STYLE('',(#18606));
#18606 = SURFACE_STYLE_FILL_AREA(#18607);
#18607 = FILL_AREA_STYLE('',(#18608));
#18608 = FILL_AREA_STYLE_COLOUR('',#18489);
#18609 = STYLED_ITEM('color',(#18610),#1978);
#18610 = PRESENTATION_STYLE_ASSIGNMENT((#18611));
#18611 = SURFACE_STYLE_USAGE(.BOTH.,#18612);
#18612 = SURFACE_SIDE_STYLE('',(#18613));
#18613 = SURFACE_STYLE_FILL_AREA(#18614);
#18614 = FILL_AREA_STYLE('',(#18615));
#18615 = FILL_AREA_STYLE_COLOUR('',#18489);
#18616 = STYLED_ITEM('color',(#18617),#2002);
#18617 = PRESENTATION_STYLE_ASSIGNMENT((#18618));
#18618 = SURFACE_STYLE_USAGE(.BOTH.,#18619);
#18619 = SURFACE_SIDE_STYLE('',(#18620));
#18620 = SURFACE_STYLE_FILL_AREA(#18621);
#18621 = FILL_AREA_STYLE('',(#18622));
#18622 = FILL_AREA_STYLE_COLOUR('',#18489);
#18623 = STYLED_ITEM('color',(#18624),#2019);
#18624 = PRESENTATION_STYLE_ASSIGNMENT((#18625));
#18625 = SURFACE_STYLE_USAGE(.BOTH.,#18626);
#18626 = SURFACE_SIDE_STYLE('',(#18627));
#18627 = SURFACE_STYLE_FILL_AREA(#18628);
#18628 = FILL_AREA_STYLE('',(#18629));
#18629 = FILL_AREA_STYLE_COLOUR('',#18489);
#18630 = STYLED_ITEM('color',(#18631),#2050);
#18631 = PRESENTATION_STYLE_ASSIGNMENT((#18632));
#18632 = SURFACE_STYLE_USAGE(.BOTH.,#18633);
#18633 = SURFACE_SIDE_STYLE('',(#18634));
#18634 = SURFACE_STYLE_FILL_AREA(#18635);
#18635 = FILL_AREA_STYLE('',(#18636));
#18636 = FILL_AREA_STYLE_COLOUR('',#18489);
#18637 = STYLED_ITEM('color',(#18638),#2074);
#18638 = PRESENTATION_STYLE_ASSIGNMENT((#18639));
#18639 = SURFACE_STYLE_USAGE(.BOTH.,#18640);
#18640 = SURFACE_SIDE_STYLE('',(#18641));
#18641 = SURFACE_STYLE_FILL_AREA(#18642);
#18642 = FILL_AREA_STYLE('',(#18643));
#18643 = FILL_AREA_STYLE_COLOUR('',#18489);
#18644 = STYLED_ITEM('color',(#18645),#2098);
#18645 = PRESENTATION_STYLE_ASSIGNMENT((#18646));
#18646 = SURFACE_STYLE_USAGE(.BOTH.,#18647);
#18647 = SURFACE_SIDE_STYLE('',(#18648));
#18648 = SURFACE_STYLE_FILL_AREA(#18649);
#18649 = FILL_AREA_STYLE('',(#18650));
#18650 = FILL_AREA_STYLE_COLOUR('',#18489);
#18651 = STYLED_ITEM('color',(#18652),#2115);
#18652 = PRESENTATION_STYLE_ASSIGNMENT((#18653));
#18653 = SURFACE_STYLE_USAGE(.BOTH.,#18654);
#18654 = SURFACE_SIDE_STYLE('',(#18655));
#18655 = SURFACE_STYLE_FILL_AREA(#18656);
#18656 = FILL_AREA_STYLE('',(#18657));
#18657 = FILL_AREA_STYLE_COLOUR('',#18489);
#18658 = STYLED_ITEM('color',(#18659),#2146);
#18659 = PRESENTATION_STYLE_ASSIGNMENT((#18660));
#18660 = SURFACE_STYLE_USAGE(.BOTH.,#18661);
#18661 = SURFACE_SIDE_STYLE('',(#18662));
#18662 = SURFACE_STYLE_FILL_AREA(#18663);
#18663 = FILL_AREA_STYLE('',(#18664));
#18664 = FILL_AREA_STYLE_COLOUR('',#18489);
#18665 = STYLED_ITEM('color',(#18666),#2170);
#18666 = PRESENTATION_STYLE_ASSIGNMENT((#18667));
#18667 = SURFACE_STYLE_USAGE(.BOTH.,#18668);
#18668 = SURFACE_SIDE_STYLE('',(#18669));
#18669 = SURFACE_STYLE_FILL_AREA(#18670);
#18670 = FILL_AREA_STYLE('',(#18671));
#18671 = FILL_AREA_STYLE_COLOUR('',#18489);
#18672 = STYLED_ITEM('color',(#18673),#2194);
#18673 = PRESENTATION_STYLE_ASSIGNMENT((#18674));
#18674 = SURFACE_STYLE_USAGE(.BOTH.,#18675);
#18675 = SURFACE_SIDE_STYLE('',(#18676));
#18676 = SURFACE_STYLE_FILL_AREA(#18677);
#18677 = FILL_AREA_STYLE('',(#18678));
#18678 = FILL_AREA_STYLE_COLOUR('',#18489);
#18679 = STYLED_ITEM('color',(#18680),#2211);
#18680 = PRESENTATION_STYLE_ASSIGNMENT((#18681));
#18681 = SURFACE_STYLE_USAGE(.BOTH.,#18682);
#18682 = SURFACE_SIDE_STYLE('',(#18683));
#18683 = SURFACE_STYLE_FILL_AREA(#18684);
#18684 = FILL_AREA_STYLE('',(#18685));
#18685 = FILL_AREA_STYLE_COLOUR('',#18489);
#18686 = STYLED_ITEM('color',(#18687),#2242);
#18687 = PRESENTATION_STYLE_ASSIGNMENT((#18688));
#18688 = SURFACE_STYLE_USAGE(.BOTH.,#18689);
#18689 = SURFACE_SIDE_STYLE('',(#18690));
#18690 = SURFACE_STYLE_FILL_AREA(#18691);
#18691 = FILL_AREA_STYLE('',(#18692));
#18692 = FILL_AREA_STYLE_COLOUR('',#18489);
#18693 = STYLED_ITEM('color',(#18694),#2266);
#18694 = PRESENTATION_STYLE_ASSIGNMENT((#18695));
#18695 = SURFACE_STYLE_USAGE(.BOTH.,#18696);
#18696 = SURFACE_SIDE_STYLE('',(#18697));
#18697 = SURFACE_STYLE_FILL_AREA(#18698);
#18698 = FILL_AREA_STYLE('',(#18699));
#18699 = FILL_AREA_STYLE_COLOUR('',#18489);
#18700 = STYLED_ITEM('color',(#18701),#2290);
#18701 = PRESENTATION_STYLE_ASSIGNMENT((#18702));
#18702 = SURFACE_STYLE_USAGE(.BOTH.,#18703);
#18703 = SURFACE_SIDE_STYLE('',(#18704));
#18704 = SURFACE_STYLE_FILL_AREA(#18705);
#18705 = FILL_AREA_STYLE('',(#18706));
#18706 = FILL_AREA_STYLE_COLOUR('',#18489);
#18707 = STYLED_ITEM('color',(#18708),#2307);
#18708 = PRESENTATION_STYLE_ASSIGNMENT((#18709));
#18709 = SURFACE_STYLE_USAGE(.BOTH.,#18710);
#18710 = SURFACE_SIDE_STYLE('',(#18711));
#18711 = SURFACE_STYLE_FILL_AREA(#18712);
#18712 = FILL_AREA_STYLE('',(#18713));
#18713 = FILL_AREA_STYLE_COLOUR('',#18489);
#18714 = STYLED_ITEM('color',(#18715),#2338);
#18715 = PRESENTATION_STYLE_ASSIGNMENT((#18716));
#18716 = SURFACE_STYLE_USAGE(.BOTH.,#18717);
#18717 = SURFACE_SIDE_STYLE('',(#18718));
#18718 = SURFACE_STYLE_FILL_AREA(#18719);
#18719 = FILL_AREA_STYLE('',(#18720));
#18720 = FILL_AREA_STYLE_COLOUR('',#18489);
#18721 = STYLED_ITEM('color',(#18722),#2362);
#18722 = PRESENTATION_STYLE_ASSIGNMENT((#18723));
#18723 = SURFACE_STYLE_USAGE(.BOTH.,#18724);
#18724 = SURFACE_SIDE_STYLE('',(#18725));
#18725 = SURFACE_STYLE_FILL_AREA(#18726);
#18726 = FILL_AREA_STYLE('',(#18727));
#18727 = FILL_AREA_STYLE_COLOUR('',#18489);
#18728 = STYLED_ITEM('color',(#18729),#2386);
#18729 = PRESENTATION_STYLE_ASSIGNMENT((#18730));
#18730 = SURFACE_STYLE_USAGE(.BOTH.,#18731);
#18731 = SURFACE_SIDE_STYLE('',(#18732));
#18732 = SURFACE_STYLE_FILL_AREA(#18733);
#18733 = FILL_AREA_STYLE('',(#18734));
#18734 = FILL_AREA_STYLE_COLOUR('',#18489);
#18735 = STYLED_ITEM('color',(#18736),#2403);
#18736 = PRESENTATION_STYLE_ASSIGNMENT((#18737));
#18737 = SURFACE_STYLE_USAGE(.BOTH.,#18738);
#18738 = SURFACE_SIDE_STYLE('',(#18739));
#18739 = SURFACE_STYLE_FILL_AREA(#18740);
#18740 = FILL_AREA_STYLE('',(#18741));
#18741 = FILL_AREA_STYLE_COLOUR('',#18489);
#18742 = STYLED_ITEM('color',(#18743),#2434);
#18743 = PRESENTATION_STYLE_ASSIGNMENT((#18744));
#18744 = SURFACE_STYLE_USAGE(.BOTH.,#18745);
#18745 = SURFACE_SIDE_STYLE('',(#18746));
#18746 = SURFACE_STYLE_FILL_AREA(#18747);
#18747 = FILL_AREA_STYLE('',(#18748));
#18748 = FILL_AREA_STYLE_COLOUR('',#18489);
#18749 = STYLED_ITEM('color',(#18750),#2458);
#18750 = PRESENTATION_STYLE_ASSIGNMENT((#18751));
#18751 = SURFACE_STYLE_USAGE(.BOTH.,#18752);
#18752 = SURFACE_SIDE_STYLE('',(#18753));
#18753 = SURFACE_STYLE_FILL_AREA(#18754);
#18754 = FILL_AREA_STYLE('',(#18755));
#18755 = FILL_AREA_STYLE_COLOUR('',#18489);
#18756 = STYLED_ITEM('color',(#18757),#2482);
#18757 = PRESENTATION_STYLE_ASSIGNMENT((#18758));
#18758 = SURFACE_STYLE_USAGE(.BOTH.,#18759);
#18759 = SURFACE_SIDE_STYLE('',(#18760));
#18760 = SURFACE_STYLE_FILL_AREA(#18761);
#18761 = FILL_AREA_STYLE('',(#18762));
#18762 = FILL_AREA_STYLE_COLOUR('',#18489);
#18763 = STYLED_ITEM('color',(#18764),#2499);
#18764 = PRESENTATION_STYLE_ASSIGNMENT((#18765));
#18765 = SURFACE_STYLE_USAGE(.BOTH.,#18766);
#18766 = SURFACE_SIDE_STYLE('',(#18767));
#18767 = SURFACE_STYLE_FILL_AREA(#18768);
#18768 = FILL_AREA_STYLE('',(#18769));
#18769 = FILL_AREA_STYLE_COLOUR('',#18489);
#18770 = STYLED_ITEM('color',(#18771),#2530);
#18771 = PRESENTATION_STYLE_ASSIGNMENT((#18772));
#18772 = SURFACE_STYLE_USAGE(.BOTH.,#18773);
#18773 = SURFACE_SIDE_STYLE('',(#18774));
#18774 = SURFACE_STYLE_FILL_AREA(#18775);
#18775 = FILL_AREA_STYLE('',(#18776));
#18776 = FILL_AREA_STYLE_COLOUR('',#18489);
#18777 = STYLED_ITEM('color',(#18778),#2554);
#18778 = PRESENTATION_STYLE_ASSIGNMENT((#18779));
#18779 = SURFACE_STYLE_USAGE(.BOTH.,#18780);
#18780 = SURFACE_SIDE_STYLE('',(#18781));
#18781 = SURFACE_STYLE_FILL_AREA(#18782);
#18782 = FILL_AREA_STYLE('',(#18783));
#18783 = FILL_AREA_STYLE_COLOUR('',#18489);
#18784 = STYLED_ITEM('color',(#18785),#2578);
#18785 = PRESENTATION_STYLE_ASSIGNMENT((#18786));
#18786 = SURFACE_STYLE_USAGE(.BOTH.,#18787);
#18787 = SURFACE_SIDE_STYLE('',(#18788));
#18788 = SURFACE_STYLE_FILL_AREA(#18789);
#18789 = FILL_AREA_STYLE('',(#18790));
#18790 = FILL_AREA_STYLE_COLOUR('',#18489);
#18791 = STYLED_ITEM('color',(#18792),#2595);
#18792 = PRESENTATION_STYLE_ASSIGNMENT((#18793));
#18793 = SURFACE_STYLE_USAGE(.BOTH.,#18794);
#18794 = SURFACE_SIDE_STYLE('',(#18795));
#18795 = SURFACE_STYLE_FILL_AREA(#18796);
#18796 = FILL_AREA_STYLE('',(#18797));
#18797 = FILL_AREA_STYLE_COLOUR('',#18489);
#18798 = STYLED_ITEM('color',(#18799),#2626);
#18799 = PRESENTATION_STYLE_ASSIGNMENT((#18800));
#18800 = SURFACE_STYLE_USAGE(.BOTH.,#18801);
#18801 = SURFACE_SIDE_STYLE('',(#18802));
#18802 = SURFACE_STYLE_FILL_AREA(#18803);
#18803 = FILL_AREA_STYLE('',(#18804));
#18804 = FILL_AREA_STYLE_COLOUR('',#18489);
#18805 = STYLED_ITEM('color',(#18806),#2650);
#18806 = PRESENTATION_STYLE_ASSIGNMENT((#18807));
#18807 = SURFACE_STYLE_USAGE(.BOTH.,#18808);
#18808 = SURFACE_SIDE_STYLE('',(#18809));
#18809 = SURFACE_STYLE_FILL_AREA(#18810);
#18810 = FILL_AREA_STYLE('',(#18811));
#18811 = FILL_AREA_STYLE_COLOUR('',#18489);
#18812 = STYLED_ITEM('color',(#18813),#2674);
#18813 = PRESENTATION_STYLE_ASSIGNMENT((#18814));
#18814 = SURFACE_STYLE_USAGE(.BOTH.,#18815);
#18815 = SURFACE_SIDE_STYLE('',(#18816));
#18816 = SURFACE_STYLE_FILL_AREA(#18817);
#18817 = FILL_AREA_STYLE('',(#18818));
#18818 = FILL_AREA_STYLE_COLOUR('',#18489);
#18819 = STYLED_ITEM('color',(#18820),#2691);
#18820 = PRESENTATION_STYLE_ASSIGNMENT((#18821));
#18821 = SURFACE_STYLE_USAGE(.BOTH.,#18822);
#18822 = SURFACE_SIDE_STYLE('',(#18823));
#18823 = SURFACE_STYLE_FILL_AREA(#18824);
#18824 = FILL_AREA_STYLE('',(#18825));
#18825 = FILL_AREA_STYLE_COLOUR('',#18489);
#18826 = STYLED_ITEM('color',(#18827),#2703);
#18827 = PRESENTATION_STYLE_ASSIGNMENT((#18828));
#18828 = SURFACE_STYLE_USAGE(.BOTH.,#18829);
#18829 = SURFACE_SIDE_STYLE('',(#18830));
#18830 = SURFACE_STYLE_FILL_AREA(#18831);
#18831 = FILL_AREA_STYLE('',(#18832));
#18832 = FILL_AREA_STYLE_COLOUR('',#18489);
#18833 = STYLED_ITEM('color',(#18834),#2715);
#18834 = PRESENTATION_STYLE_ASSIGNMENT((#18835));
#18835 = SURFACE_STYLE_USAGE(.BOTH.,#18836);
#18836 = SURFACE_SIDE_STYLE('',(#18837));
#18837 = SURFACE_STYLE_FILL_AREA(#18838);
#18838 = FILL_AREA_STYLE('',(#18839));
#18839 = FILL_AREA_STYLE_COLOUR('',#18489);
#18840 = STYLED_ITEM('color',(#18841),#2727);
#18841 = PRESENTATION_STYLE_ASSIGNMENT((#18842));
#18842 = SURFACE_STYLE_USAGE(.BOTH.,#18843);
#18843 = SURFACE_SIDE_STYLE('',(#18844));
#18844 = SURFACE_STYLE_FILL_AREA(#18845);
#18845 = FILL_AREA_STYLE('',(#18846));
#18846 = FILL_AREA_STYLE_COLOUR('',#18489);
#18847 = STYLED_ITEM('color',(#18848),#2739);
#18848 = PRESENTATION_STYLE_ASSIGNMENT((#18849));
#18849 = SURFACE_STYLE_USAGE(.BOTH.,#18850);
#18850 = SURFACE_SIDE_STYLE('',(#18851));
#18851 = SURFACE_STYLE_FILL_AREA(#18852);
#18852 = FILL_AREA_STYLE('',(#18853));
#18853 = FILL_AREA_STYLE_COLOUR('',#18489);
#18854 = STYLED_ITEM('color',(#18855),#2751);
#18855 = PRESENTATION_STYLE_ASSIGNMENT((#18856));
#18856 = SURFACE_STYLE_USAGE(.BOTH.,#18857);
#18857 = SURFACE_SIDE_STYLE('',(#18858));
#18858 = SURFACE_STYLE_FILL_AREA(#18859);
#18859 = FILL_AREA_STYLE('',(#18860));
#18860 = FILL_AREA_STYLE_COLOUR('',#18489);
#18861 = MECHANICAL_DESIGN_GEOMETRIC_PRESENTATION_REPRESENTATION('',(
    #18862),#7130);
#18862 = STYLED_ITEM('color',(#18863),#5388);
#18863 = PRESENTATION_STYLE_ASSIGNMENT((#18864,#18869));
#18864 = SURFACE_STYLE_USAGE(.BOTH.,#18865);
#18865 = SURFACE_SIDE_STYLE('',(#18866));
#18866 = SURFACE_STYLE_FILL_AREA(#18867);
#18867 = FILL_AREA_STYLE('',(#18868));
#18868 = FILL_AREA_STYLE_COLOUR('',#18324);
#18869 = CURVE_STYLE('',#18870,POSITIVE_LENGTH_MEASURE(0.1),#18160);
#18870 = DRAUGHTING_PRE_DEFINED_CURVE_FONT('continuous');
#18871 = MECHANICAL_DESIGN_GEOMETRIC_PRESENTATION_REPRESENTATION('',(
    #18872,#18880,#18887,#18894,#18901,#18908,#18915,#18922,#18929,
    #18936,#18943,#18950,#18957,#18964,#18971),#615);
#18872 = STYLED_ITEM('color',(#18873),#86);
#18873 = PRESENTATION_STYLE_ASSIGNMENT((#18874));
#18874 = SURFACE_STYLE_USAGE(.BOTH.,#18875);
#18875 = SURFACE_SIDE_STYLE('',(#18876));
#18876 = SURFACE_STYLE_FILL_AREA(#18877);
#18877 = FILL_AREA_STYLE('',(#18878));
#18878 = FILL_AREA_STYLE_COLOUR('',#18879);
#18879 = COLOUR_RGB('',0.883000012551,0.711000022565,0.492000011028);
#18880 = STYLED_ITEM('color',(#18881),#119);
#18881 = PRESENTATION_STYLE_ASSIGNMENT((#18882));
#18882 = SURFACE_STYLE_USAGE(.BOTH.,#18883);
#18883 = SURFACE_SIDE_STYLE('',(#18884));
#18884 = SURFACE_STYLE_FILL_AREA(#18885);
#18885 = FILL_AREA_STYLE('',(#18886));
#18886 = FILL_AREA_STYLE_COLOUR('',#18879);
#18887 = STYLED_ITEM('color',(#18888),#145);
#18888 = PRESENTATION_STYLE_ASSIGNMENT((#18889));
#18889 = SURFACE_STYLE_USAGE(.BOTH.,#18890);
#18890 = SURFACE_SIDE_STYLE('',(#18891));
#18891 = SURFACE_STYLE_FILL_AREA(#18892);
#18892 = FILL_AREA_STYLE('',(#18893));
#18893 = FILL_AREA_STYLE_COLOUR('',#18879);
#18894 = STYLED_ITEM('color',(#18895),#165);
#18895 = PRESENTATION_STYLE_ASSIGNMENT((#18896));
#18896 = SURFACE_STYLE_USAGE(.BOTH.,#18897);
#18897 = SURFACE_SIDE_STYLE('',(#18898));
#18898 = SURFACE_STYLE_FILL_AREA(#18899);
#18899 = FILL_AREA_STYLE('',(#18900));
#18900 = FILL_AREA_STYLE_COLOUR('',#18879);
#18901 = STYLED_ITEM('color',(#18902),#282);
#18902 = PRESENTATION_STYLE_ASSIGNMENT((#18903));
#18903 = SURFACE_STYLE_USAGE(.BOTH.,#18904);
#18904 = SURFACE_SIDE_STYLE('',(#18905));
#18905 = SURFACE_STYLE_FILL_AREA(#18906);
#18906 = FILL_AREA_STYLE('',(#18907));
#18907 = FILL_AREA_STYLE_COLOUR('',#18879);
#18908 = STYLED_ITEM('color',(#18909),#307);
#18909 = PRESENTATION_STYLE_ASSIGNMENT((#18910));
#18910 = SURFACE_STYLE_USAGE(.BOTH.,#18911);
#18911 = SURFACE_SIDE_STYLE('',(#18912));
#18912 = SURFACE_STYLE_FILL_AREA(#18913);
#18913 = FILL_AREA_STYLE('',(#18914));
#18914 = FILL_AREA_STYLE_COLOUR('',#18157);
#18915 = STYLED_ITEM('color',(#18916),#333);
#18916 = PRESENTATION_STYLE_ASSIGNMENT((#18917));
#18917 = SURFACE_STYLE_USAGE(.BOTH.,#18918);
#18918 = SURFACE_SIDE_STYLE('',(#18919));
#18919 = SURFACE_STYLE_FILL_AREA(#18920);
#18920 = FILL_AREA_STYLE('',(#18921));
#18921 = FILL_AREA_STYLE_COLOUR('',#18879);
#18922 = STYLED_ITEM('color',(#18923),#353);
#18923 = PRESENTATION_STYLE_ASSIGNMENT((#18924));
#18924 = SURFACE_STYLE_USAGE(.BOTH.,#18925);
#18925 = SURFACE_SIDE_STYLE('',(#18926));
#18926 = SURFACE_STYLE_FILL_AREA(#18927);
#18927 = FILL_AREA_STYLE('',(#18928));
#18928 = FILL_AREA_STYLE_COLOUR('',#18157);
#18929 = STYLED_ITEM('color',(#18930),#378);
#18930 = PRESENTATION_STYLE_ASSIGNMENT((#18931));
#18931 = SURFACE_STYLE_USAGE(.BOTH.,#18932);
#18932 = SURFACE_SIDE_STYLE('',(#18933));
#18933 = SURFACE_STYLE_FILL_AREA(#18934);
#18934 = FILL_AREA_STYLE('',(#18935));
#18935 = FILL_AREA_STYLE_COLOUR('',#18879);
#18936 = STYLED_ITEM('color',(#18937),#403);
#18937 = PRESENTATION_STYLE_ASSIGNMENT((#18938));
#18938 = SURFACE_STYLE_USAGE(.BOTH.,#18939);
#18939 = SURFACE_SIDE_STYLE('',(#18940));
#18940 = SURFACE_STYLE_FILL_AREA(#18941);
#18941 = FILL_AREA_STYLE('',(#18942));
#18942 = FILL_AREA_STYLE_COLOUR('',#18157);
#18943 = STYLED_ITEM('color',(#18944),#412);
#18944 = PRESENTATION_STYLE_ASSIGNMENT((#18945));
#18945 = SURFACE_STYLE_USAGE(.BOTH.,#18946);
#18946 = SURFACE_SIDE_STYLE('',(#18947));
#18947 = SURFACE_STYLE_FILL_AREA(#18948);
#18948 = FILL_AREA_STYLE('',(#18949));
#18949 = FILL_AREA_STYLE_COLOUR('',#18879);
#18950 = STYLED_ITEM('color',(#18951),#438);
#18951 = PRESENTATION_STYLE_ASSIGNMENT((#18952));
#18952 = SURFACE_STYLE_USAGE(.BOTH.,#18953);
#18953 = SURFACE_SIDE_STYLE('',(#18954));
#18954 = SURFACE_STYLE_FILL_AREA(#18955);
#18955 = FILL_AREA_STYLE('',(#18956));
#18956 = FILL_AREA_STYLE_COLOUR('',#18879);
#18957 = STYLED_ITEM('color',(#18958),#555);
#18958 = PRESENTATION_STYLE_ASSIGNMENT((#18959));
#18959 = SURFACE_STYLE_USAGE(.BOTH.,#18960);
#18960 = SURFACE_SIDE_STYLE('',(#18961));
#18961 = SURFACE_STYLE_FILL_AREA(#18962);
#18962 = FILL_AREA_STYLE('',(#18963));
#18963 = FILL_AREA_STYLE_COLOUR('',#18157);
#18964 = STYLED_ITEM('color',(#18965),#581);
#18965 = PRESENTATION_STYLE_ASSIGNMENT((#18966));
#18966 = SURFACE_STYLE_USAGE(.BOTH.,#18967);
#18967 = SURFACE_SIDE_STYLE('',(#18968));
#18968 = SURFACE_STYLE_FILL_AREA(#18969);
#18969 = FILL_AREA_STYLE('',(#18970));
#18970 = FILL_AREA_STYLE_COLOUR('',#18157);
#18971 = STYLED_ITEM('color',(#18972),#606);
#18972 = PRESENTATION_STYLE_ASSIGNMENT((#18973));
#18973 = SURFACE_STYLE_USAGE(.BOTH.,#18974);
#18974 = SURFACE_SIDE_STYLE('',(#18975));
#18975 = SURFACE_STYLE_FILL_AREA(#18976);
#18976 = FILL_AREA_STYLE('',(#18977));
#18977 = FILL_AREA_STYLE_COLOUR('',#18157);
#18978 = MECHANICAL_DESIGN_GEOMETRIC_PRESENTATION_REPRESENTATION('',(
    #18979),#11276);
#18979 = STYLED_ITEM('color',(#18980),#10460);
#18980 = PRESENTATION_STYLE_ASSIGNMENT((#18981,#18986));
#18981 = SURFACE_STYLE_USAGE(.BOTH.,#18982);
#18982 = SURFACE_SIDE_STYLE('',(#18983));
#18983 = SURFACE_STYLE_FILL_AREA(#18984);
#18984 = FILL_AREA_STYLE('',(#18985));
#18985 = FILL_AREA_STYLE_COLOUR('',#18157);
#18986 = CURVE_STYLE('',#18987,POSITIVE_LENGTH_MEASURE(0.1),#18160);
#18987 = DRAUGHTING_PRE_DEFINED_CURVE_FONT('continuous');
#18988 = MECHANICAL_DESIGN_GEOMETRIC_PRESENTATION_REPRESENTATION('',(
    #18989,#18997,#19004,#19011,#19018,#19025,#19032,#19039,#19046,
    #19053,#19060,#19067,#19074,#19081,#19088,#19095,#19102,#19109,
    #19116,#19124,#19131,#19138,#19145,#19152,#19159,#19166,#19173,
    #19180,#19187,#19194,#19201,#19208,#19215,#19222,#19229,#19236,
    #19243,#19250,#19257,#19264,#19271,#19278,#19285,#19292,#19299,
    #19306,#19313,#19320,#19327,#19334,#19341,#19348,#19355,#19362,
    #19369,#19376,#19383,#19390,#19397,#19404,#19411,#19418,#19425,
    #19432,#19439,#19446,#19453,#19460,#19467,#19474,#19481,#19488,
    #19495,#19502,#19509,#19516,#19523,#19530,#19537,#19544,#19551,
    #19558),#5299);
#18989 = STYLED_ITEM('color',(#18990),#2807);
#18990 = PRESENTATION_STYLE_ASSIGNMENT((#18991));
#18991 = SURFACE_STYLE_USAGE(.BOTH.,#18992);
#18992 = SURFACE_SIDE_STYLE('',(#18993));
#18993 = SURFACE_STYLE_FILL_AREA(#18994);
#18994 = FILL_AREA_STYLE('',(#18995));
#18995 = FILL_AREA_STYLE_COLOUR('',#18996);
#18996 = COLOUR_RGB('',0.894117649055,0.890196087049,0.811764731185);
#18997 = STYLED_ITEM('color',(#18998),#2943);
#18998 = PRESENTATION_STYLE_ASSIGNMENT((#18999));
#18999 = SURFACE_STYLE_USAGE(.BOTH.,#19000);
#19000 = SURFACE_SIDE_STYLE('',(#19001));
#19001 = SURFACE_STYLE_FILL_AREA(#19002);
#19002 = FILL_AREA_STYLE('',(#19003));
#19003 = FILL_AREA_STYLE_COLOUR('',#18996);
#19004 = STYLED_ITEM('color',(#19005),#2974);
#19005 = PRESENTATION_STYLE_ASSIGNMENT((#19006));
#19006 = SURFACE_STYLE_USAGE(.BOTH.,#19007);
#19007 = SURFACE_SIDE_STYLE('',(#19008));
#19008 = SURFACE_STYLE_FILL_AREA(#19009);
#19009 = FILL_AREA_STYLE('',(#19010));
#19010 = FILL_AREA_STYLE_COLOUR('',#18996);
#19011 = STYLED_ITEM('color',(#19012),#2998);
#19012 = PRESENTATION_STYLE_ASSIGNMENT((#19013));
#19013 = SURFACE_STYLE_USAGE(.BOTH.,#19014);
#19014 = SURFACE_SIDE_STYLE('',(#19015));
#19015 = SURFACE_STYLE_FILL_AREA(#19016);
#19016 = FILL_AREA_STYLE('',(#19017));
#19017 = FILL_AREA_STYLE_COLOUR('',#18996);
#19018 = STYLED_ITEM('color',(#19019),#3056);
#19019 = PRESENTATION_STYLE_ASSIGNMENT((#19020));
#19020 = SURFACE_STYLE_USAGE(.BOTH.,#19021);
#19021 = SURFACE_SIDE_STYLE('',(#19022));
#19022 = SURFACE_STYLE_FILL_AREA(#19023);
#19023 = FILL_AREA_STYLE('',(#19024));
#19024 = FILL_AREA_STYLE_COLOUR('',#18996);
#19025 = STYLED_ITEM('color',(#19026),#3080);
#19026 = PRESENTATION_STYLE_ASSIGNMENT((#19027));
#19027 = SURFACE_STYLE_USAGE(.BOTH.,#19028);
#19028 = SURFACE_SIDE_STYLE('',(#19029));
#19029 = SURFACE_STYLE_FILL_AREA(#19030);
#19030 = FILL_AREA_STYLE('',(#19031));
#19031 = FILL_AREA_STYLE_COLOUR('',#18996);
#19032 = STYLED_ITEM('color',(#19033),#3104);
#19033 = PRESENTATION_STYLE_ASSIGNMENT((#19034));
#19034 = SURFACE_STYLE_USAGE(.BOTH.,#19035);
#19035 = SURFACE_SIDE_STYLE('',(#19036));
#19036 = SURFACE_STYLE_FILL_AREA(#19037);
#19037 = FILL_AREA_STYLE('',(#19038));
#19038 = FILL_AREA_STYLE_COLOUR('',#18996);
#19039 = STYLED_ITEM('color',(#19040),#3128);
#19040 = PRESENTATION_STYLE_ASSIGNMENT((#19041));
#19041 = SURFACE_STYLE_USAGE(.BOTH.,#19042);
#19042 = SURFACE_SIDE_STYLE('',(#19043));
#19043 = SURFACE_STYLE_FILL_AREA(#19044);
#19044 = FILL_AREA_STYLE('',(#19045));
#19045 = FILL_AREA_STYLE_COLOUR('',#18996);
#19046 = STYLED_ITEM('color',(#19047),#3186);
#19047 = PRESENTATION_STYLE_ASSIGNMENT((#19048));
#19048 = SURFACE_STYLE_USAGE(.BOTH.,#19049);
#19049 = SURFACE_SIDE_STYLE('',(#19050));
#19050 = SURFACE_STYLE_FILL_AREA(#19051);
#19051 = FILL_AREA_STYLE('',(#19052));
#19052 = FILL_AREA_STYLE_COLOUR('',#18996);
#19053 = STYLED_ITEM('color',(#19054),#3210);
#19054 = PRESENTATION_STYLE_ASSIGNMENT((#19055));
#19055 = SURFACE_STYLE_USAGE(.BOTH.,#19056);
#19056 = SURFACE_SIDE_STYLE('',(#19057));
#19057 = SURFACE_STYLE_FILL_AREA(#19058);
#19058 = FILL_AREA_STYLE('',(#19059));
#19059 = FILL_AREA_STYLE_COLOUR('',#18996);
#19060 = STYLED_ITEM('color',(#19061),#3234);
#19061 = PRESENTATION_STYLE_ASSIGNMENT((#19062));
#19062 = SURFACE_STYLE_USAGE(.BOTH.,#19063);
#19063 = SURFACE_SIDE_STYLE('',(#19064));
#19064 = SURFACE_STYLE_FILL_AREA(#19065);
#19065 = FILL_AREA_STYLE('',(#19066));
#19066 = FILL_AREA_STYLE_COLOUR('',#18996);
#19067 = STYLED_ITEM('color',(#19068),#3314);
#19068 = PRESENTATION_STYLE_ASSIGNMENT((#19069));
#19069 = SURFACE_STYLE_USAGE(.BOTH.,#19070);
#19070 = SURFACE_SIDE_STYLE('',(#19071));
#19071 = SURFACE_STYLE_FILL_AREA(#19072);
#19072 = FILL_AREA_STYLE('',(#19073));
#19073 = FILL_AREA_STYLE_COLOUR('',#18996);
#19074 = STYLED_ITEM('color',(#19075),#3338);
#19075 = PRESENTATION_STYLE_ASSIGNMENT((#19076));
#19076 = SURFACE_STYLE_USAGE(.BOTH.,#19077);
#19077 = SURFACE_SIDE_STYLE('',(#19078));
#19078 = SURFACE_STYLE_FILL_AREA(#19079);
#19079 = FILL_AREA_STYLE('',(#19080));
#19080 = FILL_AREA_STYLE_COLOUR('',#18996);
#19081 = STYLED_ITEM('color',(#19082),#3402);
#19082 = PRESENTATION_STYLE_ASSIGNMENT((#19083));
#19083 = SURFACE_STYLE_USAGE(.BOTH.,#19084);
#19084 = SURFACE_SIDE_STYLE('',(#19085));
#19085 = SURFACE_STYLE_FILL_AREA(#19086);
#19086 = FILL_AREA_STYLE('',(#19087));
#19087 = FILL_AREA_STYLE_COLOUR('',#18996);
#19088 = STYLED_ITEM('color',(#19089),#3426);
#19089 = PRESENTATION_STYLE_ASSIGNMENT((#19090));
#19090 = SURFACE_STYLE_USAGE(.BOTH.,#19091);
#19091 = SURFACE_SIDE_STYLE('',(#19092));
#19092 = SURFACE_STYLE_FILL_AREA(#19093);
#19093 = FILL_AREA_STYLE('',(#19094));
#19094 = FILL_AREA_STYLE_COLOUR('',#18996);
#19095 = STYLED_ITEM('color',(#19096),#3490);
#19096 = PRESENTATION_STYLE_ASSIGNMENT((#19097));
#19097 = SURFACE_STYLE_USAGE(.BOTH.,#19098);
#19098 = SURFACE_SIDE_STYLE('',(#19099));
#19099 = SURFACE_STYLE_FILL_AREA(#19100);
#19100 = FILL_AREA_STYLE('',(#19101));
#19101 = FILL_AREA_STYLE_COLOUR('',#18996);
#19102 = STYLED_ITEM('color',(#19103),#3514);
#19103 = PRESENTATION_STYLE_ASSIGNMENT((#19104));
#19104 = SURFACE_STYLE_USAGE(.BOTH.,#19105);
#19105 = SURFACE_SIDE_STYLE('',(#19106));
#19106 = SURFACE_STYLE_FILL_AREA(#19107);
#19107 = FILL_AREA_STYLE('',(#19108));
#19108 = FILL_AREA_STYLE_COLOUR('',#18996);
#19109 = STYLED_ITEM('color',(#19110),#3587);
#19110 = PRESENTATION_STYLE_ASSIGNMENT((#19111));
#19111 = SURFACE_STYLE_USAGE(.BOTH.,#19112);
#19112 = SURFACE_SIDE_STYLE('',(#19113));
#19113 = SURFACE_STYLE_FILL_AREA(#19114);
#19114 = FILL_AREA_STYLE('',(#19115));
#19115 = FILL_AREA_STYLE_COLOUR('',#18996);
#19116 = STYLED_ITEM('color',(#19117),#3612);
#19117 = PRESENTATION_STYLE_ASSIGNMENT((#19118));
#19118 = SURFACE_STYLE_USAGE(.BOTH.,#19119);
#19119 = SURFACE_SIDE_STYLE('',(#19120));
#19120 = SURFACE_STYLE_FILL_AREA(#19121);
#19121 = FILL_AREA_STYLE('',(#19122));
#19122 = FILL_AREA_STYLE_COLOUR('',#19123);
#19123 = COLOUR_RGB('',0.823529417451,0.819607860991,0.780392170416);
#19124 = STYLED_ITEM('color',(#19125),#3675);
#19125 = PRESENTATION_STYLE_ASSIGNMENT((#19126));
#19126 = SURFACE_STYLE_USAGE(.BOTH.,#19127);
#19127 = SURFACE_SIDE_STYLE('',(#19128));
#19128 = SURFACE_STYLE_FILL_AREA(#19129);
#19129 = FILL_AREA_STYLE('',(#19130));
#19130 = FILL_AREA_STYLE_COLOUR('',#19123);
#19131 = STYLED_ITEM('color',(#19132),#3699);
#19132 = PRESENTATION_STYLE_ASSIGNMENT((#19133));
#19133 = SURFACE_STYLE_USAGE(.BOTH.,#19134);
#19134 = SURFACE_SIDE_STYLE('',(#19135));
#19135 = SURFACE_STYLE_FILL_AREA(#19136);
#19136 = FILL_AREA_STYLE('',(#19137));
#19137 = FILL_AREA_STYLE_COLOUR('',#19123);
#19138 = STYLED_ITEM('color',(#19139),#3755);
#19139 = PRESENTATION_STYLE_ASSIGNMENT((#19140));
#19140 = SURFACE_STYLE_USAGE(.BOTH.,#19141);
#19141 = SURFACE_SIDE_STYLE('',(#19142));
#19142 = SURFACE_STYLE_FILL_AREA(#19143);
#19143 = FILL_AREA_STYLE('',(#19144));
#19144 = FILL_AREA_STYLE_COLOUR('',#19123);
#19145 = STYLED_ITEM('color',(#19146),#3772);
#19146 = PRESENTATION_STYLE_ASSIGNMENT((#19147));
#19147 = SURFACE_STYLE_USAGE(.BOTH.,#19148);
#19148 = SURFACE_SIDE_STYLE('',(#19149));
#19149 = SURFACE_STYLE_FILL_AREA(#19150);
#19150 = FILL_AREA_STYLE('',(#19151));
#19151 = FILL_AREA_STYLE_COLOUR('',#19123);
#19152 = STYLED_ITEM('color',(#19153),#3835);
#19153 = PRESENTATION_STYLE_ASSIGNMENT((#19154));
#19154 = SURFACE_STYLE_USAGE(.BOTH.,#19155);
#19155 = SURFACE_SIDE_STYLE('',(#19156));
#19156 = SURFACE_STYLE_FILL_AREA(#19157);
#19157 = FILL_AREA_STYLE('',(#19158));
#19158 = FILL_AREA_STYLE_COLOUR('',#19123);
#19159 = STYLED_ITEM('color',(#19160),#3859);
#19160 = PRESENTATION_STYLE_ASSIGNMENT((#19161));
#19161 = SURFACE_STYLE_USAGE(.BOTH.,#19162);
#19162 = SURFACE_SIDE_STYLE('',(#19163));
#19163 = SURFACE_STYLE_FILL_AREA(#19164);
#19164 = FILL_AREA_STYLE('',(#19165));
#19165 = FILL_AREA_STYLE_COLOUR('',#19123);
#19166 = STYLED_ITEM('color',(#19167),#3915);
#19167 = PRESENTATION_STYLE_ASSIGNMENT((#19168));
#19168 = SURFACE_STYLE_USAGE(.BOTH.,#19169);
#19169 = SURFACE_SIDE_STYLE('',(#19170));
#19170 = SURFACE_STYLE_FILL_AREA(#19171);
#19171 = FILL_AREA_STYLE('',(#19172));
#19172 = FILL_AREA_STYLE_COLOUR('',#19123);
#19173 = STYLED_ITEM('color',(#19174),#3932);
#19174 = PRESENTATION_STYLE_ASSIGNMENT((#19175));
#19175 = SURFACE_STYLE_USAGE(.BOTH.,#19176);
#19176 = SURFACE_SIDE_STYLE('',(#19177));
#19177 = SURFACE_STYLE_FILL_AREA(#19178);
#19178 = FILL_AREA_STYLE('',(#19179));
#19179 = FILL_AREA_STYLE_COLOUR('',#18996);
#19180 = STYLED_ITEM('color',(#19181),#4013);
#19181 = PRESENTATION_STYLE_ASSIGNMENT((#19182));
#19182 = SURFACE_STYLE_USAGE(.BOTH.,#19183);
#19183 = SURFACE_SIDE_STYLE('',(#19184));
#19184 = SURFACE_STYLE_FILL_AREA(#19185);
#19185 = FILL_AREA_STYLE('',(#19186));
#19186 = FILL_AREA_STYLE_COLOUR('',#18996);
#19187 = STYLED_ITEM('color',(#19188),#4037);
#19188 = PRESENTATION_STYLE_ASSIGNMENT((#19189));
#19189 = SURFACE_STYLE_USAGE(.BOTH.,#19190);
#19190 = SURFACE_SIDE_STYLE('',(#19191));
#19191 = SURFACE_STYLE_FILL_AREA(#19192);
#19192 = FILL_AREA_STYLE('',(#19193));
#19193 = FILL_AREA_STYLE_COLOUR('',#18996);
#19194 = STYLED_ITEM('color',(#19195),#4198);
#19195 = PRESENTATION_STYLE_ASSIGNMENT((#19196));
#19196 = SURFACE_STYLE_USAGE(.BOTH.,#19197);
#19197 = SURFACE_SIDE_STYLE('',(#19198));
#19198 = SURFACE_STYLE_FILL_AREA(#19199);
#19199 = FILL_AREA_STYLE('',(#19200));
#19200 = FILL_AREA_STYLE_COLOUR('',#18996);
#19201 = STYLED_ITEM('color',(#19202),#4215);
#19202 = PRESENTATION_STYLE_ASSIGNMENT((#19203));
#19203 = SURFACE_STYLE_USAGE(.BOTH.,#19204);
#19204 = SURFACE_SIDE_STYLE('',(#19205));
#19205 = SURFACE_STYLE_FILL_AREA(#19206);
#19206 = FILL_AREA_STYLE('',(#19207));
#19207 = FILL_AREA_STYLE_COLOUR('',#18996);
#19208 = STYLED_ITEM('color',(#19209),#4232);
#19209 = PRESENTATION_STYLE_ASSIGNMENT((#19210));
#19210 = SURFACE_STYLE_USAGE(.BOTH.,#19211);
#19211 = SURFACE_SIDE_STYLE('',(#19212));
#19212 = SURFACE_STYLE_FILL_AREA(#19213);
#19213 = FILL_AREA_STYLE('',(#19214));
#19214 = FILL_AREA_STYLE_COLOUR('',#18996);
#19215 = STYLED_ITEM('color',(#19216),#4249);
#19216 = PRESENTATION_STYLE_ASSIGNMENT((#19217));
#19217 = SURFACE_STYLE_USAGE(.BOTH.,#19218);
#19218 = SURFACE_SIDE_STYLE('',(#19219));
#19219 = SURFACE_STYLE_FILL_AREA(#19220);
#19220 = FILL_AREA_STYLE('',(#19221));
#19221 = FILL_AREA_STYLE_COLOUR('',#18996);
#19222 = STYLED_ITEM('color',(#19223),#4261);
#19223 = PRESENTATION_STYLE_ASSIGNMENT((#19224));
#19224 = SURFACE_STYLE_USAGE(.BOTH.,#19225);
#19225 = SURFACE_SIDE_STYLE('',(#19226));
#19226 = SURFACE_STYLE_FILL_AREA(#19227);
#19227 = FILL_AREA_STYLE('',(#19228));
#19228 = FILL_AREA_STYLE_COLOUR('',#18996);
#19229 = STYLED_ITEM('color',(#19230),#4273);
#19230 = PRESENTATION_STYLE_ASSIGNMENT((#19231));
#19231 = SURFACE_STYLE_USAGE(.BOTH.,#19232);
#19232 = SURFACE_SIDE_STYLE('',(#19233));
#19233 = SURFACE_STYLE_FILL_AREA(#19234);
#19234 = FILL_AREA_STYLE('',(#19235));
#19235 = FILL_AREA_STYLE_COLOUR('',#18996);
#19236 = STYLED_ITEM('color',(#19237),#4290);
#19237 = PRESENTATION_STYLE_ASSIGNMENT((#19238));
#19238 = SURFACE_STYLE_USAGE(.BOTH.,#19239);
#19239 = SURFACE_SIDE_STYLE('',(#19240));
#19240 = SURFACE_STYLE_FILL_AREA(#19241);
#19241 = FILL_AREA_STYLE('',(#19242));
#19242 = FILL_AREA_STYLE_COLOUR('',#18996);
#19243 = STYLED_ITEM('color',(#19244),#4307);
#19244 = PRESENTATION_STYLE_ASSIGNMENT((#19245));
#19245 = SURFACE_STYLE_USAGE(.BOTH.,#19246);
#19246 = SURFACE_SIDE_STYLE('',(#19247));
#19247 = SURFACE_STYLE_FILL_AREA(#19248);
#19248 = FILL_AREA_STYLE('',(#19249));
#19249 = FILL_AREA_STYLE_COLOUR('',#18996);
#19250 = STYLED_ITEM('color',(#19251),#4324);
#19251 = PRESENTATION_STYLE_ASSIGNMENT((#19252));
#19252 = SURFACE_STYLE_USAGE(.BOTH.,#19253);
#19253 = SURFACE_SIDE_STYLE('',(#19254));
#19254 = SURFACE_STYLE_FILL_AREA(#19255);
#19255 = FILL_AREA_STYLE('',(#19256));
#19256 = FILL_AREA_STYLE_COLOUR('',#18996);
#19257 = STYLED_ITEM('color',(#19258),#4336);
#19258 = PRESENTATION_STYLE_ASSIGNMENT((#19259));
#19259 = SURFACE_STYLE_USAGE(.BOTH.,#19260);
#19260 = SURFACE_SIDE_STYLE('',(#19261));
#19261 = SURFACE_STYLE_FILL_AREA(#19262);
#19262 = FILL_AREA_STYLE('',(#19263));
#19263 = FILL_AREA_STYLE_COLOUR('',#18996);
#19264 = STYLED_ITEM('color',(#19265),#4353);
#19265 = PRESENTATION_STYLE_ASSIGNMENT((#19266));
#19266 = SURFACE_STYLE_USAGE(.BOTH.,#19267);
#19267 = SURFACE_SIDE_STYLE('',(#19268));
#19268 = SURFACE_STYLE_FILL_AREA(#19269);
#19269 = FILL_AREA_STYLE('',(#19270));
#19270 = FILL_AREA_STYLE_COLOUR('',#19123);
#19271 = STYLED_ITEM('color',(#19272),#4400);
#19272 = PRESENTATION_STYLE_ASSIGNMENT((#19273));
#19273 = SURFACE_STYLE_USAGE(.BOTH.,#19274);
#19274 = SURFACE_SIDE_STYLE('',(#19275));
#19275 = SURFACE_STYLE_FILL_AREA(#19276);
#19276 = FILL_AREA_STYLE('',(#19277));
#19277 = FILL_AREA_STYLE_COLOUR('',#19123);
#19278 = STYLED_ITEM('color',(#19279),#4431);
#19279 = PRESENTATION_STYLE_ASSIGNMENT((#19280));
#19280 = SURFACE_STYLE_USAGE(.BOTH.,#19281);
#19281 = SURFACE_SIDE_STYLE('',(#19282));
#19282 = SURFACE_STYLE_FILL_AREA(#19283);
#19283 = FILL_AREA_STYLE('',(#19284));
#19284 = FILL_AREA_STYLE_COLOUR('',#19123);
#19285 = STYLED_ITEM('color',(#19286),#4443);
#19286 = PRESENTATION_STYLE_ASSIGNMENT((#19287));
#19287 = SURFACE_STYLE_USAGE(.BOTH.,#19288);
#19288 = SURFACE_SIDE_STYLE('',(#19289));
#19289 = SURFACE_STYLE_FILL_AREA(#19290);
#19290 = FILL_AREA_STYLE('',(#19291));
#19291 = FILL_AREA_STYLE_COLOUR('',#19123);
#19292 = STYLED_ITEM('color',(#19293),#4460);
#19293 = PRESENTATION_STYLE_ASSIGNMENT((#19294));
#19294 = SURFACE_STYLE_USAGE(.BOTH.,#19295);
#19295 = SURFACE_SIDE_STYLE('',(#19296));
#19296 = SURFACE_STYLE_FILL_AREA(#19297);
#19297 = FILL_AREA_STYLE('',(#19298));
#19298 = FILL_AREA_STYLE_COLOUR('',#19123);
#19299 = STYLED_ITEM('color',(#19300),#4486);
#19300 = PRESENTATION_STYLE_ASSIGNMENT((#19301));
#19301 = SURFACE_STYLE_USAGE(.BOTH.,#19302);
#19302 = SURFACE_SIDE_STYLE('',(#19303));
#19303 = SURFACE_STYLE_FILL_AREA(#19304);
#19304 = FILL_AREA_STYLE('',(#19305));
#19305 = FILL_AREA_STYLE_COLOUR('',#19123);
#19306 = STYLED_ITEM('color',(#19307),#4519);
#19307 = PRESENTATION_STYLE_ASSIGNMENT((#19308));
#19308 = SURFACE_STYLE_USAGE(.BOTH.,#19309);
#19309 = SURFACE_SIDE_STYLE('',(#19310));
#19310 = SURFACE_STYLE_FILL_AREA(#19311);
#19311 = FILL_AREA_STYLE('',(#19312));
#19312 = FILL_AREA_STYLE_COLOUR('',#19123);
#19313 = STYLED_ITEM('color',(#19314),#4566);
#19314 = PRESENTATION_STYLE_ASSIGNMENT((#19315));
#19315 = SURFACE_STYLE_USAGE(.BOTH.,#19316);
#19316 = SURFACE_SIDE_STYLE('',(#19317));
#19317 = SURFACE_STYLE_FILL_AREA(#19318);
#19318 = FILL_AREA_STYLE('',(#19319));
#19319 = FILL_AREA_STYLE_COLOUR('',#19123);
#19320 = STYLED_ITEM('color',(#19321),#4597);
#19321 = PRESENTATION_STYLE_ASSIGNMENT((#19322));
#19322 = SURFACE_STYLE_USAGE(.BOTH.,#19323);
#19323 = SURFACE_SIDE_STYLE('',(#19324));
#19324 = SURFACE_STYLE_FILL_AREA(#19325);
#19325 = FILL_AREA_STYLE('',(#19326));
#19326 = FILL_AREA_STYLE_COLOUR('',#19123);
#19327 = STYLED_ITEM('color',(#19328),#4609);
#19328 = PRESENTATION_STYLE_ASSIGNMENT((#19329));
#19329 = SURFACE_STYLE_USAGE(.BOTH.,#19330);
#19330 = SURFACE_SIDE_STYLE('',(#19331));
#19331 = SURFACE_STYLE_FILL_AREA(#19332);
#19332 = FILL_AREA_STYLE('',(#19333));
#19333 = FILL_AREA_STYLE_COLOUR('',#19123);
#19334 = STYLED_ITEM('color',(#19335),#4626);
#19335 = PRESENTATION_STYLE_ASSIGNMENT((#19336));
#19336 = SURFACE_STYLE_USAGE(.BOTH.,#19337);
#19337 = SURFACE_SIDE_STYLE('',(#19338));
#19338 = SURFACE_STYLE_FILL_AREA(#19339);
#19339 = FILL_AREA_STYLE('',(#19340));
#19340 = FILL_AREA_STYLE_COLOUR('',#19123);
#19341 = STYLED_ITEM('color',(#19342),#4652);
#19342 = PRESENTATION_STYLE_ASSIGNMENT((#19343));
#19343 = SURFACE_STYLE_USAGE(.BOTH.,#19344);
#19344 = SURFACE_SIDE_STYLE('',(#19345));
#19345 = SURFACE_STYLE_FILL_AREA(#19346);
#19346 = FILL_AREA_STYLE('',(#19347));
#19347 = FILL_AREA_STYLE_COLOUR('',#19123);
#19348 = STYLED_ITEM('color',(#19349),#4685);
#19349 = PRESENTATION_STYLE_ASSIGNMENT((#19350));
#19350 = SURFACE_STYLE_USAGE(.BOTH.,#19351);
#19351 = SURFACE_SIDE_STYLE('',(#19352));
#19352 = SURFACE_STYLE_FILL_AREA(#19353);
#19353 = FILL_AREA_STYLE('',(#19354));
#19354 = FILL_AREA_STYLE_COLOUR('',#18996);
#19355 = STYLED_ITEM('color',(#19356),#4702);
#19356 = PRESENTATION_STYLE_ASSIGNMENT((#19357));
#19357 = SURFACE_STYLE_USAGE(.BOTH.,#19358);
#19358 = SURFACE_SIDE_STYLE('',(#19359));
#19359 = SURFACE_STYLE_FILL_AREA(#19360);
#19360 = FILL_AREA_STYLE('',(#19361));
#19361 = FILL_AREA_STYLE_COLOUR('',#18996);
#19362 = STYLED_ITEM('color',(#19363),#4719);
#19363 = PRESENTATION_STYLE_ASSIGNMENT((#19364));
#19364 = SURFACE_STYLE_USAGE(.BOTH.,#19365);
#19365 = SURFACE_SIDE_STYLE('',(#19366));
#19366 = SURFACE_STYLE_FILL_AREA(#19367);
#19367 = FILL_AREA_STYLE('',(#19368));
#19368 = FILL_AREA_STYLE_COLOUR('',#18996);
#19369 = STYLED_ITEM('color',(#19370),#4736);
#19370 = PRESENTATION_STYLE_ASSIGNMENT((#19371));
#19371 = SURFACE_STYLE_USAGE(.BOTH.,#19372);
#19372 = SURFACE_SIDE_STYLE('',(#19373));
#19373 = SURFACE_STYLE_FILL_AREA(#19374);
#19374 = FILL_AREA_STYLE('',(#19375));
#19375 = FILL_AREA_STYLE_COLOUR('',#18996);
#19376 = STYLED_ITEM('color',(#19377),#4753);
#19377 = PRESENTATION_STYLE_ASSIGNMENT((#19378));
#19378 = SURFACE_STYLE_USAGE(.BOTH.,#19379);
#19379 = SURFACE_SIDE_STYLE('',(#19380));
#19380 = SURFACE_STYLE_FILL_AREA(#19381);
#19381 = FILL_AREA_STYLE('',(#19382));
#19382 = FILL_AREA_STYLE_COLOUR('',#18996);
#19383 = STYLED_ITEM('color',(#19384),#4770);
#19384 = PRESENTATION_STYLE_ASSIGNMENT((#19385));
#19385 = SURFACE_STYLE_USAGE(.BOTH.,#19386);
#19386 = SURFACE_SIDE_STYLE('',(#19387));
#19387 = SURFACE_STYLE_FILL_AREA(#19388);
#19388 = FILL_AREA_STYLE('',(#19389));
#19389 = FILL_AREA_STYLE_COLOUR('',#18996);
#19390 = STYLED_ITEM('color',(#19391),#4787);
#19391 = PRESENTATION_STYLE_ASSIGNMENT((#19392));
#19392 = SURFACE_STYLE_USAGE(.BOTH.,#19393);
#19393 = SURFACE_SIDE_STYLE('',(#19394));
#19394 = SURFACE_STYLE_FILL_AREA(#19395);
#19395 = FILL_AREA_STYLE('',(#19396));
#19396 = FILL_AREA_STYLE_COLOUR('',#18996);
#19397 = STYLED_ITEM('color',(#19398),#4799);
#19398 = PRESENTATION_STYLE_ASSIGNMENT((#19399));
#19399 = SURFACE_STYLE_USAGE(.BOTH.,#19400);
#19400 = SURFACE_SIDE_STYLE('',(#19401));
#19401 = SURFACE_STYLE_FILL_AREA(#19402);
#19402 = FILL_AREA_STYLE('',(#19403));
#19403 = FILL_AREA_STYLE_COLOUR('',#19123);
#19404 = STYLED_ITEM('color',(#19405),#4830);
#19405 = PRESENTATION_STYLE_ASSIGNMENT((#19406));
#19406 = SURFACE_STYLE_USAGE(.BOTH.,#19407);
#19407 = SURFACE_SIDE_STYLE('',(#19408));
#19408 = SURFACE_STYLE_FILL_AREA(#19409);
#19409 = FILL_AREA_STYLE('',(#19410));
#19410 = FILL_AREA_STYLE_COLOUR('',#19123);
#19411 = STYLED_ITEM('color',(#19412),#4854);
#19412 = PRESENTATION_STYLE_ASSIGNMENT((#19413));
#19413 = SURFACE_STYLE_USAGE(.BOTH.,#19414);
#19414 = SURFACE_SIDE_STYLE('',(#19415));
#19415 = SURFACE_STYLE_FILL_AREA(#19416);
#19416 = FILL_AREA_STYLE('',(#19417));
#19417 = FILL_AREA_STYLE_COLOUR('',#19123);
#19418 = STYLED_ITEM('color',(#19419),#4878);
#19419 = PRESENTATION_STYLE_ASSIGNMENT((#19420));
#19420 = SURFACE_STYLE_USAGE(.BOTH.,#19421);
#19421 = SURFACE_SIDE_STYLE('',(#19422));
#19422 = SURFACE_STYLE_FILL_AREA(#19423);
#19423 = FILL_AREA_STYLE('',(#19424));
#19424 = FILL_AREA_STYLE_COLOUR('',#19123);
#19425 = STYLED_ITEM('color',(#19426),#4895);
#19426 = PRESENTATION_STYLE_ASSIGNMENT((#19427));
#19427 = SURFACE_STYLE_USAGE(.BOTH.,#19428);
#19428 = SURFACE_SIDE_STYLE('',(#19429));
#19429 = SURFACE_STYLE_FILL_AREA(#19430);
#19430 = FILL_AREA_STYLE('',(#19431));
#19431 = FILL_AREA_STYLE_COLOUR('',#19123);
#19432 = STYLED_ITEM('color',(#19433),#4926);
#19433 = PRESENTATION_STYLE_ASSIGNMENT((#19434));
#19434 = SURFACE_STYLE_USAGE(.BOTH.,#19435);
#19435 = SURFACE_SIDE_STYLE('',(#19436));
#19436 = SURFACE_STYLE_FILL_AREA(#19437);
#19437 = FILL_AREA_STYLE('',(#19438));
#19438 = FILL_AREA_STYLE_COLOUR('',#19123);
#19439 = STYLED_ITEM('color',(#19440),#4950);
#19440 = PRESENTATION_STYLE_ASSIGNMENT((#19441));
#19441 = SURFACE_STYLE_USAGE(.BOTH.,#19442);
#19442 = SURFACE_SIDE_STYLE('',(#19443));
#19443 = SURFACE_STYLE_FILL_AREA(#19444);
#19444 = FILL_AREA_STYLE('',(#19445));
#19445 = FILL_AREA_STYLE_COLOUR('',#19123);
#19446 = STYLED_ITEM('color',(#19447),#4974);
#19447 = PRESENTATION_STYLE_ASSIGNMENT((#19448));
#19448 = SURFACE_STYLE_USAGE(.BOTH.,#19449);
#19449 = SURFACE_SIDE_STYLE('',(#19450));
#19450 = SURFACE_STYLE_FILL_AREA(#19451);
#19451 = FILL_AREA_STYLE('',(#19452));
#19452 = FILL_AREA_STYLE_COLOUR('',#19123);
#19453 = STYLED_ITEM('color',(#19454),#4991);
#19454 = PRESENTATION_STYLE_ASSIGNMENT((#19455));
#19455 = SURFACE_STYLE_USAGE(.BOTH.,#19456);
#19456 = SURFACE_SIDE_STYLE('',(#19457));
#19457 = SURFACE_STYLE_FILL_AREA(#19458);
#19458 = FILL_AREA_STYLE('',(#19459));
#19459 = FILL_AREA_STYLE_COLOUR('',#19123);
#19460 = STYLED_ITEM('color',(#19461),#5008);
#19461 = PRESENTATION_STYLE_ASSIGNMENT((#19462));
#19462 = SURFACE_STYLE_USAGE(.BOTH.,#19463);
#19463 = SURFACE_SIDE_STYLE('',(#19464));
#19464 = SURFACE_STYLE_FILL_AREA(#19465);
#19465 = FILL_AREA_STYLE('',(#19466));
#19466 = FILL_AREA_STYLE_COLOUR('',#19123);
#19467 = STYLED_ITEM('color',(#19468),#5025);
#19468 = PRESENTATION_STYLE_ASSIGNMENT((#19469));
#19469 = SURFACE_STYLE_USAGE(.BOTH.,#19470);
#19470 = SURFACE_SIDE_STYLE('',(#19471));
#19471 = SURFACE_STYLE_FILL_AREA(#19472);
#19472 = FILL_AREA_STYLE('',(#19473));
#19473 = FILL_AREA_STYLE_COLOUR('',#19123);
#19474 = STYLED_ITEM('color',(#19475),#5037);
#19475 = PRESENTATION_STYLE_ASSIGNMENT((#19476));
#19476 = SURFACE_STYLE_USAGE(.BOTH.,#19477);
#19477 = SURFACE_SIDE_STYLE('',(#19478));
#19478 = SURFACE_STYLE_FILL_AREA(#19479);
#19479 = FILL_AREA_STYLE('',(#19480));
#19480 = FILL_AREA_STYLE_COLOUR('',#19123);
#19481 = STYLED_ITEM('color',(#19482),#5054);
#19482 = PRESENTATION_STYLE_ASSIGNMENT((#19483));
#19483 = SURFACE_STYLE_USAGE(.BOTH.,#19484);
#19484 = SURFACE_SIDE_STYLE('',(#19485));
#19485 = SURFACE_STYLE_FILL_AREA(#19486);
#19486 = FILL_AREA_STYLE('',(#19487));
#19487 = FILL_AREA_STYLE_COLOUR('',#19123);
#19488 = STYLED_ITEM('color',(#19489),#5071);
#19489 = PRESENTATION_STYLE_ASSIGNMENT((#19490));
#19490 = SURFACE_STYLE_USAGE(.BOTH.,#19491);
#19491 = SURFACE_SIDE_STYLE('',(#19492));
#19492 = SURFACE_STYLE_FILL_AREA(#19493);
#19493 = FILL_AREA_STYLE('',(#19494));
#19494 = FILL_AREA_STYLE_COLOUR('',#19123);
#19495 = STYLED_ITEM('color',(#19496),#5083);
#19496 = PRESENTATION_STYLE_ASSIGNMENT((#19497));
#19497 = SURFACE_STYLE_USAGE(.BOTH.,#19498);
#19498 = SURFACE_SIDE_STYLE('',(#19499));
#19499 = SURFACE_STYLE_FILL_AREA(#19500);
#19500 = FILL_AREA_STYLE('',(#19501));
#19501 = FILL_AREA_STYLE_COLOUR('',#19123);
#19502 = STYLED_ITEM('color',(#19503),#5114);
#19503 = PRESENTATION_STYLE_ASSIGNMENT((#19504));
#19504 = SURFACE_STYLE_USAGE(.BOTH.,#19505);
#19505 = SURFACE_SIDE_STYLE('',(#19506));
#19506 = SURFACE_STYLE_FILL_AREA(#19507);
#19507 = FILL_AREA_STYLE('',(#19508));
#19508 = FILL_AREA_STYLE_COLOUR('',#19123);
#19509 = STYLED_ITEM('color',(#19510),#5138);
#19510 = PRESENTATION_STYLE_ASSIGNMENT((#19511));
#19511 = SURFACE_STYLE_USAGE(.BOTH.,#19512);
#19512 = SURFACE_SIDE_STYLE('',(#19513));
#19513 = SURFACE_STYLE_FILL_AREA(#19514);
#19514 = FILL_AREA_STYLE('',(#19515));
#19515 = FILL_AREA_STYLE_COLOUR('',#19123);
#19516 = STYLED_ITEM('color',(#19517),#5162);
#19517 = PRESENTATION_STYLE_ASSIGNMENT((#19518));
#19518 = SURFACE_STYLE_USAGE(.BOTH.,#19519);
#19519 = SURFACE_SIDE_STYLE('',(#19520));
#19520 = SURFACE_STYLE_FILL_AREA(#19521);
#19521 = FILL_AREA_STYLE('',(#19522));
#19522 = FILL_AREA_STYLE_COLOUR('',#19123);
#19523 = STYLED_ITEM('color',(#19524),#5179);
#19524 = PRESENTATION_STYLE_ASSIGNMENT((#19525));
#19525 = SURFACE_STYLE_USAGE(.BOTH.,#19526);
#19526 = SURFACE_SIDE_STYLE('',(#19527));
#19527 = SURFACE_STYLE_FILL_AREA(#19528);
#19528 = FILL_AREA_STYLE('',(#19529));
#19529 = FILL_AREA_STYLE_COLOUR('',#19123);
#19530 = STYLED_ITEM('color',(#19531),#5210);
#19531 = PRESENTATION_STYLE_ASSIGNMENT((#19532));
#19532 = SURFACE_STYLE_USAGE(.BOTH.,#19533);
#19533 = SURFACE_SIDE_STYLE('',(#19534));
#19534 = SURFACE_STYLE_FILL_AREA(#19535);
#19535 = FILL_AREA_STYLE('',(#19536));
#19536 = FILL_AREA_STYLE_COLOUR('',#19123);
#19537 = STYLED_ITEM('color',(#19538),#5234);
#19538 = PRESENTATION_STYLE_ASSIGNMENT((#19539));
#19539 = SURFACE_STYLE_USAGE(.BOTH.,#19540);
#19540 = SURFACE_SIDE_STYLE('',(#19541));
#19541 = SURFACE_STYLE_FILL_AREA(#19542);
#19542 = FILL_AREA_STYLE('',(#19543));
#19543 = FILL_AREA_STYLE_COLOUR('',#19123);
#19544 = STYLED_ITEM('color',(#19545),#5258);
#19545 = PRESENTATION_STYLE_ASSIGNMENT((#19546));
#19546 = SURFACE_STYLE_USAGE(.BOTH.,#19547);
#19547 = SURFACE_SIDE_STYLE('',(#19548));
#19548 = SURFACE_STYLE_FILL_AREA(#19549);
#19549 = FILL_AREA_STYLE('',(#19550));
#19550 = FILL_AREA_STYLE_COLOUR('',#19123);
#19551 = STYLED_ITEM('color',(#19552),#5275);
#19552 = PRESENTATION_STYLE_ASSIGNMENT((#19553));
#19553 = SURFACE_STYLE_USAGE(.BOTH.,#19554);
#19554 = SURFACE_SIDE_STYLE('',(#19555));
#19555 = SURFACE_STYLE_FILL_AREA(#19556);
#19556 = FILL_AREA_STYLE('',(#19557));
#19557 = FILL_AREA_STYLE_COLOUR('',#19123);
#19558 = STYLED_ITEM('color',(#19559),#5287);
#19559 = PRESENTATION_STYLE_ASSIGNMENT((#19560));
#19560 = SURFACE_STYLE_USAGE(.BOTH.,#19561);
#19561 = SURFACE_SIDE_STYLE('',(#19562));
#19562 = SURFACE_STYLE_FILL_AREA(#19563);
#19563 = FILL_AREA_STYLE('',(#19564));
#19564 = FILL_AREA_STYLE_COLOUR('',#19123);
#19565 = MECHANICAL_DESIGN_GEOMETRIC_PRESENTATION_REPRESENTATION('',(
    #19566,#19573,#19580,#19587,#19594,#19601,#19608,#19615,#19622,
    #19629,#19636,#19644,#19651),#12214);
#19566 = STYLED_ITEM('color',(#19567),#11924);
#19567 = PRESENTATION_STYLE_ASSIGNMENT((#19568));
#19568 = SURFACE_STYLE_USAGE(.BOTH.,#19569);
#19569 = SURFACE_SIDE_STYLE('',(#19570));
#19570 = SURFACE_STYLE_FILL_AREA(#19571);
#19571 = FILL_AREA_STYLE('',(#19572));
#19572 = FILL_AREA_STYLE_COLOUR('',#18169);
#19573 = STYLED_ITEM('color',(#19574),#11957);
#19574 = PRESENTATION_STYLE_ASSIGNMENT((#19575));
#19575 = SURFACE_STYLE_USAGE(.BOTH.,#19576);
#19576 = SURFACE_SIDE_STYLE('',(#19577));
#19577 = SURFACE_STYLE_FILL_AREA(#19578);
#19578 = FILL_AREA_STYLE('',(#19579));
#19579 = FILL_AREA_STYLE_COLOUR('',#18169);
#19580 = STYLED_ITEM('color',(#19581),#11983);
#19581 = PRESENTATION_STYLE_ASSIGNMENT((#19582));
#19582 = SURFACE_STYLE_USAGE(.BOTH.,#19583);
#19583 = SURFACE_SIDE_STYLE('',(#19584));
#19584 = SURFACE_STYLE_FILL_AREA(#19585);
#19585 = FILL_AREA_STYLE('',(#19586));
#19586 = FILL_AREA_STYLE_COLOUR('',#18169);
#19587 = STYLED_ITEM('color',(#19588),#12009);
#19588 = PRESENTATION_STYLE_ASSIGNMENT((#19589));
#19589 = SURFACE_STYLE_USAGE(.BOTH.,#19590);
#19590 = SURFACE_SIDE_STYLE('',(#19591));
#19591 = SURFACE_STYLE_FILL_AREA(#19592);
#19592 = FILL_AREA_STYLE('',(#19593));
#19593 = FILL_AREA_STYLE_COLOUR('',#18169);
#19594 = STYLED_ITEM('color',(#19595),#12040);
#19595 = PRESENTATION_STYLE_ASSIGNMENT((#19596));
#19596 = SURFACE_STYLE_USAGE(.BOTH.,#19597);
#19597 = SURFACE_SIDE_STYLE('',(#19598));
#19598 = SURFACE_STYLE_FILL_AREA(#19599);
#19599 = FILL_AREA_STYLE('',(#19600));
#19600 = FILL_AREA_STYLE_COLOUR('',#18169);
#19601 = STYLED_ITEM('color',(#19602),#12060);
#19602 = PRESENTATION_STYLE_ASSIGNMENT((#19603));
#19603 = SURFACE_STYLE_USAGE(.BOTH.,#19604);
#19604 = SURFACE_SIDE_STYLE('',(#19605));
#19605 = SURFACE_STYLE_FILL_AREA(#19606);
#19606 = FILL_AREA_STYLE('',(#19607));
#19607 = FILL_AREA_STYLE_COLOUR('',#18157);
#19608 = STYLED_ITEM('color',(#19609),#12085);
#19609 = PRESENTATION_STYLE_ASSIGNMENT((#19610));
#19610 = SURFACE_STYLE_USAGE(.BOTH.,#19611);
#19611 = SURFACE_SIDE_STYLE('',(#19612));
#19612 = SURFACE_STYLE_FILL_AREA(#19613);
#19613 = FILL_AREA_STYLE('',(#19614));
#19614 = FILL_AREA_STYLE_COLOUR('',#18157);
#19615 = STYLED_ITEM('color',(#19616),#12110);
#19616 = PRESENTATION_STYLE_ASSIGNMENT((#19617));
#19617 = SURFACE_STYLE_USAGE(.BOTH.,#19618);
#19618 = SURFACE_SIDE_STYLE('',(#19619));
#19619 = SURFACE_STYLE_FILL_AREA(#19620);
#19620 = FILL_AREA_STYLE('',(#19621));
#19621 = FILL_AREA_STYLE_COLOUR('',#18169);
#19622 = STYLED_ITEM('color',(#19623),#12135);
#19623 = PRESENTATION_STYLE_ASSIGNMENT((#19624));
#19624 = SURFACE_STYLE_USAGE(.BOTH.,#19625);
#19625 = SURFACE_SIDE_STYLE('',(#19626));
#19626 = SURFACE_STYLE_FILL_AREA(#19627);
#19627 = FILL_AREA_STYLE('',(#19628));
#19628 = FILL_AREA_STYLE_COLOUR('',#18157);
#19629 = STYLED_ITEM('color',(#19630),#12161);
#19630 = PRESENTATION_STYLE_ASSIGNMENT((#19631));
#19631 = SURFACE_STYLE_USAGE(.BOTH.,#19632);
#19632 = SURFACE_SIDE_STYLE('',(#19633));
#19633 = SURFACE_STYLE_FILL_AREA(#19634);
#19634 = FILL_AREA_STYLE('',(#19635));
#19635 = FILL_AREA_STYLE_COLOUR('',#18157);
#19636 = STYLED_ITEM('color',(#19637),#12187);
#19637 = PRESENTATION_STYLE_ASSIGNMENT((#19638));
#19638 = SURFACE_STYLE_USAGE(.BOTH.,#19639);
#19639 = SURFACE_SIDE_STYLE('',(#19640));
#19640 = SURFACE_STYLE_FILL_AREA(#19641);
#19641 = FILL_AREA_STYLE('',(#19642));
#19642 = FILL_AREA_STYLE_COLOUR('',#19643);
#19643 = COLOUR_RGB('',0.809000013735,0.426000008053,0.147999998088);
#19644 = STYLED_ITEM('color',(#19645),#12196);
#19645 = PRESENTATION_STYLE_ASSIGNMENT((#19646));
#19646 = SURFACE_STYLE_USAGE(.BOTH.,#19647);
#19647 = SURFACE_SIDE_STYLE('',(#19648));
#19648 = SURFACE_STYLE_FILL_AREA(#19649);
#19649 = FILL_AREA_STYLE('',(#19650));
#19650 = FILL_AREA_STYLE_COLOUR('',#18157);
#19651 = STYLED_ITEM('color',(#19652),#12205);
#19652 = PRESENTATION_STYLE_ASSIGNMENT((#19653));
#19653 = SURFACE_STYLE_USAGE(.BOTH.,#19654);
#19654 = SURFACE_SIDE_STYLE('',(#19655));
#19655 = SURFACE_STYLE_FILL_AREA(#19656);
#19656 = FILL_AREA_STYLE('',(#19657));
#19657 = FILL_AREA_STYLE_COLOUR('',#18157);
#19658 = MECHANICAL_DESIGN_GEOMETRIC_PRESENTATION_REPRESENTATION('',(
    #19659),#9771);
#19659 = STYLED_ITEM('color',(#19660),#9087);
#19660 = PRESENTATION_STYLE_ASSIGNMENT((#19661,#19667));
#19661 = SURFACE_STYLE_USAGE(.BOTH.,#19662);
#19662 = SURFACE_SIDE_STYLE('',(#19663));
#19663 = SURFACE_STYLE_FILL_AREA(#19664);
#19664 = FILL_AREA_STYLE('',(#19665));
#19665 = FILL_AREA_STYLE_COLOUR('',#19666);
#19666 = COLOUR_RGB('',0.507539989043,0.507539989043,0.507539989043);
#19667 = CURVE_STYLE('',#19668,POSITIVE_LENGTH_MEASURE(0.1),#18160);
#19668 = DRAUGHTING_PRE_DEFINED_CURVE_FONT('continuous');
ENDSEC;
END-ISO-10303-21;
